text	label
Amoxicillin có phải là thuốc kháng sinh liều cao không bác sĩ? Con em 2 tuổi uống được không?	healthcare_consultant
Bệnh viện Da liễu Trung ương nằm ở phố nào vậy bạn?	healthcare_center_search
Một năm có bao nhiêu ngày, bao nhiêu giờ, bao nhiêu phút và bao nhiêu giây? Tính chi tiết giùm tôi với.	other
Trí tuệ nhân tạo sẽ thay thế con người trong tương lai như thế nào?	other
Ung thư vú giai đoạn 1 có chữa khỏi hoàn toàn được không bác sĩ ơi? Mẹ em mới nhận kết quả sáng nay...	healthcare_consultant
1 cộng 1 bằng mấy?	other
12 cung hoàng đạo thì cung nào có tính cách bướng bỉnh, cứng đầu nhất? 🔮	other
Alo, cho hỏi bệnh viện Nhi Đồng 1 đi đường nào từ quận Tân Bình vậy ạ?	healthcare_center_search
Ăn nhiều đồ ngọt có thực sự gây ra bệnh tiểu đường không hay do di truyền là chính? 🍰	healthcare_consultant
Bác sĩ cho hỏi 'paracetamol 500mg' uống cách nhau mấy tiếng vậy ạ? Người lớn 60kg.	healthcare_consultant
Bác sĩ ơi cứu em với! Em vừa ngủ dậy thì phát hiện một bên mặt bị liệt, không cười được, mắt không nhắm kín được... Liệu có phải em bị trúng gió độc không? Giờ phải làm thế nào, có nguy hiểm đến tính mạng không ạ?! 😰	healthcare_consultant
Bác sĩ ơi, có biết trạm xá hay trung tâm y tế nào gần đây mở cửa 24/7 không? Em đang ở phường Thảo Điền, quận 2 cũ, có người nhà đột ngột lên cơn sốt cao co giật mà gọi xe cấp cứu mãi chưa thấy đến... Giờ em muốn tự chở bằng xe máy ra chỗ y tế gần nhất cho kịp thời chứ đợi lâu quá sợ nguy hiểm... Giúp em tìm gấp với ạ!!! 🏥	healthcare_center_search
Bác sĩ ơi, em bị nghẹn ở cổ họng, cảm giác như có cục gì vướng ở đó, nuốt nước bọt cũng thấy thốn nhưng ăn uống vẫn bình thường. Khám tai mũi họng thì bảo viêm họng hạt, nhưng em uống thuốc 2 tuần rồi không đỡ chút nào hết trơn á... Liệu em có nguy cơ bị ung thư vòm họng không bác sĩ? Em lo lắng đến mức mất ăn mất ngủ mấy ngày nay rồi, xin cho em lời khuyên với ạ! 😢	healthcare_consultant
Bài hát 'See Tình' của Hoàng Thùy Linh do ai sáng tác vậy?	other
Bạn có thể giải giúp tôi bài toán hình học lớp 9 này không? Đề bài là: Cho đường tròn tâm O đường kính AB, lấy một điểm C trên đường tròn sao cho AC nhỏ hơn BC. Tiếp tuyến tại A và C cắt nhau tại một điểm D... Gọi H là hình chiếu của C trên AB. Chứng minh rằng đường thẳng BD đi qua trung điểm của đoạn thẳng CH. Tôi đã thử vẽ hình và suy nghĩ cả buổi tối nhưng vẫn chưa tìm ra hướng chứng minh bằng tam giác đồng dạng hay định lý Thales... Giúp tôi với! 📐	other
Bạn nghĩ sao về việc đầu tư vào thị trường tiền điện tử (Crypto) ở thời điểm hiện tại? Liệu đây có phải là một kênh đầu tư an toàn sinh lời tốt hay chỉ là một trò chơi may rủi đầy bong bóng tài chính giống như hoa tulip ngày xưa? Tôi có một khoản tiền tiết kiệm nhàn rỗi khoảng 100 triệu và đang phân vân không biết có nên trích ra 20% để mua Bitcoin tích trữ lâu dài hay không... Hãy cho tôi một góc nhìn khách quan nhất có thể nhé! 💸	other
Bé bị ho khò khè có nên đi khám không?	healthcare_consultant
Bé nhà em bị muỗi đốt xong sưng to như quả chanh, có cần bôi thuốc gì không ạ? 🦟 Nhìn thương quá...	healthcare_consultant
Bệnh viện 108 nằm ở đường Trần Hưng Đạo, Hoàn Kiếm phải không?	healthcare_center_search
Bệnh viện Bạch Mai nằm ở quận nào?	healthcare_center_search
Bệnh viện da liễu TP HCM nằm ở đâu vậy?	healthcare_center_search
Bệnh viện đại học Y Dược TP.HCM cơ sở 1 nằm ở đường Hồng Bàng đúng không ạ?	healthcare_center_search
Bệnh viện Hùng Vương chuyên về sản phụ khoa nằm ở quận mấy?	healthcare_center_search
Bệnh viện Phụ sản Trung ương nằm gần các tuyến đường nào lớn để tiện bắt taxi?	healthcare_center_search
Bệnh viện Tai Mũi Họng TPHCM nằm ở đường Trần Quốc Thảo đúng không?	healthcare_center_search
Bệnh viện Thống Nhất nằm ở ngã tư nào vậy ạ?	healthcare_center_search
Bệnh viện Từ Dũ cách bệnh viện Hùng Vương bao xa?	healthcare_center_search
Bệnh viện Từ Dũ cổng nào nhận khám dịch vụ ngoài giờ vậy ạ?	healthcare_center_search
Bệnh viện từ dũ đi đường nào	healthcare_center_search
Bị chó cắn thì bao lâu phải đi tiêm ngừa?	healthcare_consultant
Bị kiến ba khoang đốt thì bôi thuốc gì cho nhanh xẹp, không để lại sẹo thâm đen vậy mng? 🐜	healthcare_consultant
Bị mất ngủ kinh niên, cả tuần nay mỗi đêm chỉ chợp mắt được 2 tiếng... Đầu óc quay cuồng, mệt mỏi rã rời... Có thuốc thảo dược nào giúp dễ ngủ không? 😴	healthcare_consultant
Bị rắn cắn sơ cứu như thế nào cho đúng?	healthcare_consultant
Bị thủy đậu thì cần kiêng gió và kiêng nước tuyệt đối đúng không ạ? Có được tắm không?	healthcare_consultant
Bố em bị ho khan kéo dài hơn 1 tháng nay, sụt mất 3kg mà không rõ lý do... Ông cụ lại hút thuốc lá lâu năm nữa nên cả nhà đang lo lắm, sợ bị K phổi... Bác sĩ tư vấn giúp em nên làm những xét nghiệm gì để tầm soát chính xác nhất ạ? Nhà em ở quê nên muốn chuẩn bị trước tinh thần và kinh phí để đưa cụ lên tuyến trên khám luôn cho tiện... 😔	healthcare_consultant
Cách đăng ký tài khoản định danh điện tử VNeID mức độ 2 tại nhà.	other
Cách đổi mật khẩu wifi mạng Viettel.	other
Cách làm món thịt kho tàu nước dừa chuẩn vị miền Tây cho ngày Tết.	other
Cách làm sạch thảm trải sàn dính vết bẩn cứng đầu bằng baking soda.	other
Cách nấu món phở bò chuẩn vị Nam Định.	other
Cách phân biệt da thật và da giả (simili) chính xác nhất khi mua ví tiền.	other
Cách tải và cài đặt ứng dụng TikTok trên máy tính Windows 11.	other
Cách thắt dây giày kiểu giấu dây cực gọn gàng và thời trang.	other
Cách xử lý khi bị bỏng nước sôi tại nhà?	healthcare_consultant
Cách xử lý khi tài khoản Facebook bị hack đổi hết email và số điện thoại.	other
Cấp cứu!! Trạm y tế ở đâu? 🆘	healthcare_center_search
Chào bạn, bạn có thể giúp tôi việc này không?	other
Chào bạn, hiện tại tôi đang đứng ở ga Sài Gòn và cần di chuyển gấp đến Bệnh viện Chấn thương Chỉnh hình ở đường Trần Hưng Đạo, Quận 5. Do tôi là người ở tỉnh khác mới lên nên không rành đường xá ở đây chút nào, lại đi cùng người bệnh đi lại khó khăn... Bạn có thể hướng dẫn chi tiết lộ trình đi bằng taxi hoặc xe máy sao cho thuận tiện nhất, tránh những cung đường hay bị kẹt xe giờ cao điểm không? Cảm ơn bạn rất nhiều! 🗺️	healthcare_center_search
Chào bạn, mình là một lập trình viên mới vào nghề và đang muốn tìm hiểu sâu hơn về kiến trúc hệ thống (System Architecture)... Bạn có thể giải thích một cách chi tiết và dễ hiểu nhất về sự khác nhau giữa Microservices và Monolithic architecture không? Khi nào thì một dự án khởi nghiệp nên chuyển từ Monolith sang Microservices để tối ưu hóa chi phí và hiệu năng? Nếu có ví dụ thực tế từ các công ty lớn như Netflix hay Uber thì càng tốt nhé! Rất mong phản hồi từ bạn. 💻	other
Chào chuyên gia y tế! Tôi năm nay 45 tuổi, dạo gần đây cứ khoảng 3-4 giờ sáng là tôi bị thức giấc bởi những cơn đau quặn ở vùng hạ sườn phải... Cơn đau âm ỉ kéo dài khoảng 1 tiếng rồi tự hết, thỉnh thoảng có kèm theo cảm giác buồn nôn nhẹ nhưng không sốt. Tôi có đi nội soi dạ dày cách đây 2 tháng thì kết quả bình thường, chỉ bị viêm trợt nhẹ thôi. Liệu đây có phải là dấu hiệu của bệnh lý về gan hay túi mật không thưa bác sĩ? Tôi có nên đi siêu âm ổ bụng ngay không ạ? Mong nhận được tư vấn sớm vì tôi lo lắng quá! 😥	healthcare_consultant
Chào mọi người, tình hình là bố em chuẩn bị từ quê lên Hà Nội để điều trị dài ngày tại Bệnh viện K cơ sở Tân Triều (Thanh Trì)... Vì hoàn cảnh gia đình khó khăn nên em muốn tìm một phòng trọ bình dân hoặc nhà nghỉ giá rẻ, sạch sẽ ở ngay gần sát cổng bệnh viện để tiện đi bộ qua lại chăm sóc cụ... Ai biết quanh khu vực đó có nhà trọ nào cho thuê theo ngày hoặc theo tuần giá cả phải chăng thì chỉ giúp em với ạ! Em xin chân thành cảm ơn! 🏠	healthcare_center_search
Chế độ ăn Keto cho người bị đau dạ dày mãn tính có an toàn không chuyên gia?	healthcare_consultant
Chỉ đường đến Bệnh viện Mắt Trung ương bằng xe buýt từ bến xe Mỹ Đình giúp tôi với. 🚌	healthcare_center_search
Chỉ đường đến trung tâm y tế dự phòng quận Tân Bình để làm giấy chứng nhận sức khỏe.	healthcare_center_search
Chỉ đường đến viện bỏng quốc gia Lê Hữu Trác.	healthcare_center_search
Chỉ đường đến Viện Huyết học - Truyền máu Trung ương ở Phạm Văn Bạch.	healthcare_center_search
Chỉ đường đến viện tim TP.HCM.	healthcare_center_search
Chỉ đường đi đến bệnh viện Bình Dân từ quận 7.	healthcare_center_search
Cho em hỏi lịch tiêm chủng vắc xin trọn gói cho bé sơ sinh gồm những mũi nào quan trọng nhất?	healthcare_consultant
Cho em xin định vị chính xác của Bệnh viện Đa khoa Quốc tế Vinmec Central Park. 📍	healthcare_center_search
Cho hỏi kết quả trận bóng đá tối qua thế nào?	other
Cho hỏi phòng khám chuyên khoa xương khớp nào tốt nhất ở quận Đống Đa Hà Nội?	healthcare_center_search
Cho hỏi quán cà phê nào yên tĩnh, có ổ điện và wifi mạnh để ngồi làm việc cả ngày quanh khu vực Nhà Thờ Lớn Hà Nội? Mình cần không gian không quá ồn ào vì phải tham gia một số buổi họp online trực tuyến với đối tác nước ngoài, nước uống ngon một chút thì càng điểm cộng nhé!	other
Cho hỏi trúng xổ số giải đặc biệt thì phải đóng thuế thu nhập cá nhân bao nhiêu phần trăm?	other
Cho hỏi tỷ giá USD hôm nay đổi sang VND là bao nhiêu?	other
Cho xin công thức làm bánh mì Việt Nam tại nhà siêu giòn đi bồ!	other
Cho xin địa chỉ và số điện thoại của Bệnh viện Đa khoa tỉnh Bình Dương.	healthcare_center_search
Chồng em bị ong vò vẽ đốt 3 phát vào tay, giờ chỗ đó sưng to và đỏ ửng lên rồi, kêu nhức lắm. Cho em hỏi có cần đi bệnh viện không hay chỉ cần bôi vôi là được? 🐝	healthcare_consultant
Chóng mặt, hoa mắt khi đứng dậy đột ngột là do thiếu máu hay do huyết áp thấp vậy chuyên gia?	healthcare_consultant
"Có ai biết cách chữa dứt điểm bệnh ""viêm xoang sàng"" không? Cứ trời lạnh là mũi đau nhức lên tận đỉnh đầu..."	healthcare_consultant
Có nên cho trẻ sơ sinh uống nước lọc sau khi bú sữa mẹ không ạ?	healthcare_consultant
Có nên rạch mụn mủ bọc to đùng trên mặt không hay cứ để nó tự vỡ? 🧼	healthcare_consultant
Có nhà thuốc Pharmacity nào mở cửa xuyên đêm gần vị trí của tôi không?	healthcare_center_search
Có phòng khám nam khoa nào kín đáo, bảo mật thông tin ở khu vực Thanh Xuân không?	healthcare_center_search
Có trạm xá nào gần vị trí của tôi không?	healthcare_center_search
Con tôi bị sốt cao, phải làm sao?	healthcare_consultant
Đang cho con bú có uống được thuốc tẩy giun Fugacar không ạ?	healthcare_consultant
Danh sách các bệnh viện quốc tế tại Sài Gòn.	healthcare_center_search
Đặt báo thức lúc 6 giờ sáng mai nhé.	other
Đặt lịch nhắc nhở tôi đi họp lúc 2 giờ chiều nay nhé. ⏰	other
Đau bụng quá... cứu em!! 😭	healthcare_consultant
Đau dạ dày uống thuốc gì giảm đau nhanh?	healthcare_consultant
Dấu hiệu cảnh báo đột quỵ ở người trẻ tuổi là gì ạ? Dạo này hay thấy báo đài đưa tin nhiều quá, sợ ghê.	healthcare_consultant
Dấu hiệu nhận biết trẻ bị mất nước khi tiêu chảy?	healthcare_consultant
Đau lưng dữ dội kèm sốt là biểu hiện bệnh gì?	healthcare_consultant
Đau nửa đầu bên trái kèm theo ù tai là triệu chứng của bệnh gì nguy hiểm không?	healthcare_consultant
Đau răng khôn kinh khủng!!! 🦷 Có nên tự mua thuốc giảm đau uống không?	healthcare_consultant
Đi đến Viện Tim TP.HCM bằng đường nào để tránh đường một chiều?	healthcare_center_search
Đi ngoài ra máu tươi kèm theo đau rát sau khi ăn đồ cay nóng là bị trĩ hay bị gì khác vậy ạ? 🩸	healthcare_consultant
Đi từ ngã tư Thủ Đức đến Bệnh viện Quân y 175 thì đi tuyến đường nào ngắn nhất và ít kẹt xe?	healthcare_center_search
Địa chỉ bệnh viện Chợ Rẫy nằm ở đường nào?	healthcare_center_search
Địa chỉ Trung tâm Kiểm soát Bệnh tật (CDC) Hà Nội nằm ở đâu?	healthcare_center_search
Định luật vạn vật hấp dẫn của Newton được phát minh vào năm nào?	other
Định nghĩa của trí tuệ nhân tạo là gì?	other
"Định nghĩa của từ ""Hạnh phúc"" theo góc nhìn triết học là gì?"	other
Đội tuyển bóng đá nào vô địch World Cup nhiều nhất trong lịch sử? ⚽	other
Đốm trắng trên móng tay là thiếu chất gì vậy bác sĩ?	healthcare_consultant
Dùng nước muối sinh lý súc miệng hàng ngày có tốt cho nướu không?	healthcare_consultant
Đường đi ngắn nhất tới trung tâm y tế dự phòng huyện.	healthcare_center_search
Đường đi từ sân bay Nội Bài về bệnh viện Việt Đức hết bao nhiêu cây số?	healthcare_center_search
Đường nào đi đến bệnh viện Chợ Rẫy nhanh nhất từ hướng miền Tây lên?	healthcare_center_search
Em bị bong gân cổ chân do đá bóng, đã chườm đá rồi nhưng giờ nó sưng to như quả trứng gà, đi lại thốn lắm.	healthcare_consultant
Em bị dị ứng hải sản, người nổi mề đay khắp nơi, ngứa điên cuồng... Uống 'Telfast' có đỡ không ạ?	healthcare_consultant
Em bị đứt tay bằng dao bén, máu chảy nhiều lắm... Đã ấn chặt 5 phút rồi vẫn rỉ máu thì phải làm sao đây? 😱	healthcare_consultant
Em bị ngứa lòng bàn tay bàn chân vào ban đêm, không nổi mụn nước, càng gãi càng ngứa là bệnh gì?	healthcare_consultant
Em bị sỏi thận kích thước 6mm thì có cần mổ không hay chỉ cần uống thuốc cho nó tự ra theo đường tiểu?	healthcare_consultant
Em bị té xe trầy xước đầu gối sâu, có nên băng kín lại không hay để hở cho mau khô vết thương ạ? 🤔	healthcare_consultant
Em bị zona thần kinh ở mông, đau rát như bỏng lửa, bôi thuốc 'Acyclovir' có đúng không mng?	healthcare_consultant
Em lỡ nuốt phải kẹo cao su... Liệu nó có dính vào ruột như người ta hay đồn không ạ? 😰	healthcare_consultant
Em muốn tìm một phòng khám tai mũi họng tư nhân của bác sĩ trưởng khoa bệnh viện công tại Đà Nẵng, có ai biết địa chỉ nào không ạ? Chứ vào bệnh viện xếp hàng chờ đợi lâu quá mà bé nhà em lại quấy khóc liên tục... Xin cảm ơn mọi người nhiều! 🙏	healthcare_center_search
Giá cổ phiếu Apple hôm nay biến động ra sao rồi? 📈	other
Giá vàng hôm nay tăng hay giảm?	other
Giá vé máy bay khứ hồi từ TP.HCM đi Phú Quốc tháng sau khoảng bao nhiêu tiền? ✈️	other
Gợi ý lịch trình du lịch tự túc 3 ngày 2 đêm tại Đà Lạt cho cặp đôi. 👩‍❤️‍👨	other
Hi admin, cho mình hỏi là quanh khu vực Hồ Tùng Mậu, Cầu Giấy thì có phòng khám thú y nào mở cửa ban đêm không vậy? Con mèo nhà mình tự nhiên bị nôn mửa liên tục từ tối đến giờ, nhìn nó lả đi tội nghiệp quá... Mình cần tìm địa chỉ cấp cứu thú y gấp chứ không phải phòng khám cho người đâu nha, cám ơn nhiều! 🐱	healthcare_center_search
Hôm nay trời có mưa không? 🌧️	other
Hướng dẫn các bước tự thay lốp xe ô tô khi bị xịt lốp giữa đường vắng.	other
Hướng dẫn cách làm hộ chiếu online.	other
Hướng dẫn cách thắt cà vạt kiểu Windsor đơn giản nhất cho người mới.	other
Hướng dẫn cách viết một CV xin việc ngành Marketing thu hút nhà tuyển dụng.	other
Hướng dẫn đường đi đến bệnh viện Ung Bướu cơ sở 2 ở quận 9 cũ.	healthcare_center_search
Huyết áp 140/90 mmHg ở người 30 tuổi thì có cần phải uống thuốc hạ huyết áp hàng ngày chưa bác sĩ?	healthcare_consultant
Kể một câu chuyện cười ngắn về chủ đề công sở đi nào! 😂	other
Làm sao để phân biệt sốt siêu vi và sốt rét?	healthcare_consultant
Làm sao để tẩy vết mực bút bi dính trên áo sơ mi trắng?	other
Làm sao để tự học giao tiếp tiếng Trung cơ bản tại nhà hiệu quả trong vòng 3 tháng?	other
Làm thế nào để giảm mỡ máu (cholesterol cao) mà không cần phải dùng đến thuốc tây?	healthcare_consultant
Làm thế nào để trồng và chăm sóc cây hoa hồng ra nhiều hoa ở ban công chung cư? 🌹	other
Lễ hội Hoa phượng đỏ được tổ chức thường niên tại thành phố nào ở VN?	other
Mắt bị đỏ và ngứa có phải bị đau mắt đỏ không?	healthcare_consultant
Màu sắc hot trend của năm nay là màu gì vậy bạn ơi?	other
Mở giúp tôi bài nhạc trẻ nhẹ nhàng.	other
"Mở hộ bài nhạc không lời ""Lofi chill"" để tập trung học bài đi bạn. 🎧"	other
Ngực tôi dạo này hay bị nhói đau là điềm gì?	healthcare_consultant
Người bị gan nhiễm mỡ độ 2 nên uống nước lá gì để thanh lọc gan hiệu quả nhất?	healthcare_consultant
Người già bị cao huyết áp nên ăn uống thế nào?	healthcare_consultant
Nhà thuốc Long Châu gần nhất ở đâu?	healthcare_center_search
Ở Hải Phòng thì nên đi khám tổng quát ở bệnh viện nào tốt và dịch vụ nhanh chóng nhất mng?	healthcare_center_search
Phòng khám nhi nào mở cửa sau 8h tối quanh đây?	healthcare_center_search
Phòng khám tai mũi họng uy tín tại Hà Nội?	healthcare_center_search
Phòng khám tâm thần hoặc bác sĩ tâm lý nào giỏi ở Sài Gòn vậy ạ?	healthcare_center_search
Phụ nữ mang thai 3 tháng đầu cần bổ sung vitamin gì?	healthcare_consultant
Quanh đây có phòng khám sản phụ khoa nào có bác sĩ nữ khám mát tay không ạ? 🤰	healthcare_center_search
Quanh đây có trung tâm tiêm chủng VNVC nào không?	healthcare_center_search
Quanh khu vực Cầu Giấy có chỗ nào hiến máu nhân đạo không ạ? 🩸	healthcare_center_search
Rạp chiếu phim gần đây đang chiếu phim gì?	other
Review chi tiết về chiếc điện thoại iPhone mới nhất vừa ra mắt xem có đáng nâng cấp không?	other
Sáng ra ngủ dậy bị vẹo cổ, không quay đầu sang trái được thì làm sao cho hết đơ ạ?	healthcare_consultant
Sau khi mổ nội soi ruột thừa bao lâu thì có thể tập gym hoặc vận động nặng lại được?	healthcare_consultant
Sau phẫu thuật ruột thừa cần kiêng ăn gì?	healthcare_consultant
Shop bán giày sneaker chính hãng uy tín tại Sài Gòn ở đâu mng?	other
Shop hoa tươi đẹp, có dịch vụ giao hoa tận nơi miễn phí tại quận Tân Bình là shop nào? 💐	other
Shop quần áo nam đẹp ở đâu vậy bạn?	other
Tại sao bầu trời lại có màu xanh lam vào ban ngày mà không phải màu khác?	other
Tại sao khi mang thai tháng thứ 7 lại hay bị chuột rút bắp chân vào ban đêm vậy ạ? Có cách nào khắc phục không?	healthcare_consultant
Tại sao mùa đông da tay em lại bị nứt nẻ, chảy máu ở các kẽ ngón tay? Bôi kem dưỡng ẩm mãi không đỡ...	healthcare_consultant
Tại sao tim em thỉnh thoảng lại đập nhanh liên hồi, cảm giác như nhảy ra khỏi lồng ngực dù đang ngồi chơi? 💓	healthcare_consultant
Thời tiết hôm nay thế nào?	other
Thủ đô của nước Úc tên là gì? (Nhớ không nhầm thì không phải Sydney đâu).	other
Thuốc bổ mắt loại nào tốt cho người cận thị nặng? (trên 6 độ).	healthcare_consultant
Thuốc tránh thai khẩn cấp loại 72h uống sau khi quan hệ 2 ngày có còn tác dụng cao không ạ?	healthcare_consultant
Tiêm xong phải làm gì.	healthcare_consultant
Tìm bệnh viện đa khoa gần quận Bình Thạnh.	healthcare_center_search
Tìm danh sách các trạm y tế phường thuộc quận Phú Nhuận.	healthcare_center_search
Tìm địa chỉ bệnh viện quốc tế Pháp Việt (FV) quận 7.	healthcare_center_search
Tìm giúp tôi phòng khám nhi của bác sĩ Khanh bệnh viện Nhi đồng 1.	healthcare_center_search
Tìm giúp tôi quán lẩu riêu cua bắp bò ngon rẻ ở quanh quận Hai Bà Trưng. 🍲	other
Tìm giúp vị trí của Trung tâm Tiêm chủng VNVC gần chỗ tôi nhất để đưa bé đi tiêm. 📍	healthcare_center_search
Tìm kiếm phòng khám đa khoa có quẹt thẻ bảo hiểm y tế tuyến quận tại Thủ Đức.	healthcare_center_search
Tìm nhà thuốc An Khang gần nhất có dịch vụ giao hàng tận nơi.	healthcare_center_search
Tìm nhà thuốc gần nhất có bán thuốc kê đơn đặc trị bệnh ung thư.	healthcare_center_search
Tìm phòng khám đông y, châm cứu uy tín tại quận Gò Vấp.	healthcare_center_search
Tìm phòng khám mắt tư nhân có thiết bị đo thị lực hiện đại tại quận 3.	healthcare_center_search
Tìm phòng khám nha khoa nào uy tín, làm việc chủ nhật quanh khu vực quận Hoàn Kiếm. 🦷	healthcare_center_search
Tìm phòng khám sản phụ khoa quận 5.	healthcare_center_search
Tìm quán cà phê yên tĩnh để làm việc.	other
Tìm số điện thoại cấp cứu của bệnh viện gần đây.	healthcare_center_search
Tìm trạm y tế xã gần nhất tại huyện Củ Chi.	healthcare_center_search
Tìm trung tâm xét nghiệm ADN huyết thống uy tín tại khu vực TP.HCM.	healthcare_center_search
Tìm văn phòng công chứng làm việc vào sáng thứ bảy ở Quận 1.	other
Tìm vị trí máy bán thuốc tự động hoặc nhà thuốc 24h ở quanh đây.	healthcare_center_search
Tôi đang cảm thấy rất áp lực và mệt mỏi với công việc hiện tại... Sếp thì khó tính, deadline dồn dập mỗi ngày mà lương thưởng lại không xứng đáng... Nhiều lúc chỉ muốn buông bỏ tất cả để đi du lịch đâu đó thật xa một mình nhưng ngặt nỗi áp lực cơm áo gạo tiền, rồi còn gia đình ở quê nữa nên không dám nghỉ. Bạn có lời khuyên nào giúp tôi cân bằng lại cảm xúc và giải tỏa bớt stress trong giai đoạn khủng hoảng này không? 😔	other
"Tóm tắt nội dung chính của cuốn sách ""Đắc Nhân Tâm"" của Dale Carnegie."	other
Tổng thống Mỹ hiện tại là ai?	other
Tổng thống Nga Vladimir Putin sinh năm bao nhiêu?	other
Top 5 bộ phim điện ảnh đáng xem nhất tại rạp vào tháng này là gì? 🎬	other
Trạm cấp cứu 115 gần nhất nằm ở khu vực nào khu vực này?	healthcare_center_search
Trạm y tế gần nhất ở đâu.	healthcare_center_search
Trẻ 1 tuổi bị táo bón nặng, 4 ngày chưa đi vệ sinh, rặn đỏ cả mặt khóc thét lên thì làm thế nào?	healthcare_consultant
Trẻ 6 tháng tuổi bị sốt 38.5 độ sau khi tiêm phòng 5trong1 về thì có nên nhét thuốc hạ sốt vào hậu môn luôn không?	healthcare_consultant
Trẻ em bị cận thị tiến triển nhanh quá, có nên dùng loại kính áp tròng ban đêm Ortho-K không bác sĩ?	healthcare_consultant
Trẻ sơ sinh bị ọc sữa nhiều lần có nguy hiểm không?	healthcare_consultant
Triệu chứng của bệnh sốt xuất huyết là gì?	healthcare_consultant
Triệu chứng hậu Covid nặng nhất là gì? Dạo này em hay bị hụt hơi quá mẹ ơi!	healthcare_consultant
Trung tâm xét nghiệm máu gần đây ở chỗ nào?	healthcare_center_search
Viết hộ một đoạn văn tiếng Anh giới thiệu về bản thân để đi phỏng vấn xin việc.	other
Viết một đoạn văn ngắn về tình mẫu tử.	other
Viết một kịch bản video ngắn 60 giây giới thiệu về sản phẩm kem chống nắng cho da dầu mụn để đăng lên Tiktok Reels. Yêu cầu có cú hook ấn tượng ở 3 giây đầu tiên để giữ chân người xem và kết thúc bằng một câu kêu gọi hành động (CTA) thật tự nhiên, không bị sượng trân nhé admin! 🚀	other
"Xét nghiệm máu chỉ số ""Acid Uric"" cao 520 umol/L có chắc chắn là bị bệnh Gút (Gout) chưa ạ?"	healthcare_consultant
"Ý nghĩa của ngày lễ ""Halloween"" bắt nguồn từ quốc gia nào vậy? 🎃"	other
Chào bạn, bé nhà mình lỡ nuốt phải viên bi ve, hiện đang ho sặc sụa, mình cần làm các bước gì để sơ cứu tại nhà ngay bây giờ? 😰 #Socuu #HocDiVat	healthcare_consultant
Gấp gấp!!! Có người bị bỏng nước sôi ở cánh tay, da đang rộp phồng lên, có nên bôi kem đánh răng không hay xử lý thế nào ạ? 🔥🚑 http://capcuunhanh.vn	healthcare_consultant
Bạn ơi cho hỏi, người nhà tôi tự nhiên ngã quỵ, gọi không trả lời, nghi ngờ là đột quỵ thì sơ cứu ban đầu thế nào trong lúc đợi xe thương điên? 🚨	healthcare_consultant
Xin chào, tôi đang đi rẫy và bị rắn cắn vào bắp chân, vết cắn rớm máu, làm sao để buộc ga-rô đúng cách tránh hoại tử độc lây lan? 🐍🌲	healthcare_consultant
Chào admin, mình đang đi du lịch biển lỡ dẫm phải sứa đỏ sưng to ở chân, có mẹo nào giảm đau nhức nhanh chóng trước khi đến trạm y tế không? 🌊 #DiUngSua	healthcare_consultant
Sơ cứu người bị điện giật tại nhà do rò rỉ máy nước nóng thì cần lưu ý những quy tắc an toàn cốt lõi nào vậy ạ? ⚡🔌	healthcare_consultant
Chào bạn, con tôi chạy nhảy té gãy gập cẳng tay, tôi phải nẹp cố định bằng vật dụng gì trong nhà cho bé đỡ đau? 🦴 #GayXuong	healthcare_consultant
Bé nhà em bị chảy máu cam liên tục không cầm được, em bắt bé ngửa cổ ra sau như ông bà dạy thì có đúng khoa học y khoa không? 🩸	healthcare_consultant
Cấp cứu! Một người bị đuối nước vừa vớt lên bờ, bất tỉnh, thao tác ép tim ngoài lồng ngực và hô hấp nhân tạo thực hiện theo nhịp bao nhiêu? 🏊‍♂️🆘	healthcare_consultant
Cho mình hỏi, bị ong vò vẽ đốt nhiều nốt trên đầu đang rất choáng váng thì có nguy hiểm đến tính mạng không, cần uống thuốc gì liền? 🐝💊	healthcare_consultant
Bố mình bị nghẹn miếng thịt lớn, tím tái mặt mày, xin hướng dẫn chi tiết thủ thuật Heimlich áp dụng cho người lớn tuổi? 👴 https://so-cuu-y-te.com	healthcare_consultant
Xin chào bác sĩ mạng, lỡ cắt trúng tay sâu tứa máu do thái thịt thì dùng cồn hay oxi già sát trùng tốt hơn để không bị sẹo? 🔪🩹	healthcare_consultant
Bạn ơi, sơ cứu người bị say nắng ngất xỉu giữa trưa hè nắng gắt bằng cách cạo gió có gây xuất huyết dưới da không? ☀️🥵	healthcare_consultant
Chó hoang cắn vào bắp đùi cào rách quần lót, tôi đã rửa xà phòng 15 phút rồi thì có cần đi chích ngừa dại ngay trong đêm nay không? 🐕💉	healthcare_consultant
Tư vấn giúp tôi, trẻ sốt cao 40 độ dẫn đến co giật trợn mắt, tôi có nên dùng muỗng cạy miệng bé ra để khỏi cắn vào lưỡi không? 🤒🥄 #SotCoGiat	healthcare_consultant
Nếu lỡ uống nhầm hóa chất tẩy rửa bồn cầu (nước Javel), tôi nên gây nôn ngay lập tức hay uống nhiều sữa tươi để pha loãng? ☠️🍼	healthcare_consultant
Chào bạn, bong gân cổ chân do đá bóng thì chườm đá lạnh hay chườm nóng bằng ngải cứu sẽ giúp dây chằng mau hồi phục hơn? ⚽🧊	healthcare_consultant
Nhồi máu cơ tim có biểu hiện đau thắt ngực lan ra cánh tay trái, trong túi tôi có thuốc Aspirin thì nhai nuốt liền có cứu vãn được tình hình? ❤️‍🩹	healthcare_consultant
Ăn hải sản xong bị dị ứng mẩn đỏ nổi cục khắp người, ngứa ngáy khó thở, làm sao để chặn cơn sốc phản vệ ngay lập tức? 🦀🦐	healthcare_consultant
Bạn ơi, bụi mạt sắt bay vào mắt khi hàn xì, dụi mắt nãy giờ đỏ ngầu rồi, có cách nào lấy ra an toàn tại nhà không hay phải đi viện? 👁️🛠️	healthcare_consultant
Chào bạn, ba mình bị tiểu đường tuýp 2, chỉ số đường huyết hay lên xuống thất thường, mình có thể thay cơm trắng bằng gạo lứt huyết rồng ăn mỗi ngày không? 🍚📉	healthcare_consultant
Cho hỏi thực đơn Eat Clean 7 ngày giảm cân cho nữ dân văn phòng ít vận động, cần bao nhiêu calo mỗi bữa là chuẩn khoa học? 🥗🥑 #GiamCan	healthcare_consultant
Tôi mang thai 3 tháng đầu hay bị ốm nghén nôn mửa, bổ sung axit folic qua các loại thực phẩm tự nhiên nào để thai nhi phát triển não bộ tốt? 🤰👶	healthcare_consultant
Người bị bệnh Gout đau nhức khớp ngón chân thì tuyệt đối phải kiêng những loại hải sản và thịt đỏ nào vậy bạn? 🥩🦞 https://dinh-duong.vn	healthcare_consultant
Xin chào, em bị gầy thâm niên, ăn uống hấp thu kém, có nên dùng các loại sữa mass gainer kết hợp tập gym để tăng cơ bắp nhanh không? 💪🥛	healthcare_consultant
Bé nhà mình 6 tháng tuổi bắt đầu ăn dặm, phương pháp BLW (bé tự chỉ huy) khác gì so với ăn dặm kiểu Nhật truyền thống? 🥣🥦	healthcare_consultant
Loãng xương ở phụ nữ tiền mãn kinh cần bổ sung canxi vô cơ hay hữu cơ kết hợp vitamin D3K2 mới hấp thụ tối đa? 🦴💊	healthcare_consultant
Chào admin, người suy thận mãn tính giai đoạn 3 phải hạn chế đạm (protein) và kali, vậy ăn rau luộc hay trái cây có an toàn không? 🥬🍎	healthcare_consultant
Phục hồi dinh dưỡng cho bệnh nhân ung thư sau hóa trị buồn nôn chán ăn, nên nấu cháo súp thế nào để dễ tiêu hóa và đủ chất? 🍲🎗️	healthcare_consultant
Cho mình hỏi, trào ngược dạ dày thực quản hay bị ợ chua nóng rát, uống nước chanh mật ong buổi sáng có làm viêm loét nặng thêm không? 🍋🍯	healthcare_consultant
Thực đơn Keto cắt giảm hoàn toàn tinh bột (carb) có gây hại cho hoạt động của gan thận về lâu dài không? 🥓🥑 #KetoDiet	healthcare_consultant
Mỡ máu (cholesterol) cao thì ăn dầu đậu nành, dầu oliu thay cho mỡ lợn có thực sự giảm nguy cơ xơ vữa động mạch? 🫒🫀	healthcare_consultant
Chào bạn, bé bị dị ứng đạm sữa bò (Cow's milk allergy) nổi mẩn, chuyển sang dùng sữa đậu nành hay sữa thủy phân toàn phần là tối ưu? 🥛🍼	healthcare_consultant
Người thiếu máu do thiếu sắt hay hoa mắt chóng mặt nên kết hợp uống viên sắt với nước cam tươi để tăng hấp thụ phải không? 🍊🩸	healthcare_consultant
Gan nhiễm mỡ độ 1 nên ăn các loại rau xanh họ cải và uống trà atiso như thế nào để hạ men gan tự nhiên? 🍵🌿	healthcare_consultant
Bị viêm loét dạ dày HP dương tính, ngoài uống thuốc tây thì ăn nghệ đen viên mật ong có giúp diệt vi khuẩn này tận gốc không? 🐝💊	healthcare_consultant
Dinh dưỡng thuần chay (Vegan) thiếu hụt vitamin B12 rất nhiều, tôi có thể dùng tảo xoắn Spirulina thay thế thịt cá được không? 🥦🌱	healthcare_consultant
Tư vấn giúp tôi tháp dinh dưỡng chuẩn cho trẻ biếng ăn sinh lý giai đoạn 2 tuổi, làm sao để kích thích vị giác của bé? 👶🍕	healthcare_consultant
Người cao huyết áp được bác sĩ khuyên ăn nhạt (giảm muối), vậy nêm nếm thức ăn bằng bột ngọt (mì chính) thì có ảnh hưởng gì tới huyết áp? 🧂📉	healthcare_consultant
Chế độ fasting (nhịn ăn gián đoạn 16/8) có gây ra tình trạng sỏi mật nếu áp dụng liên tục trong vòng 6 tháng không? ⏰🍽️	healthcare_consultant
Chào bạn, dạo này mình hay khóc nghẹn về đêm, cảm thấy cuộc sống vô nghĩa trống rỗng, có phải mình đang mắc chứng trầm cảm ẩn (Smiling Depression) không? 😢 #TramCam	healthcare_consultant
Dịch vụ tư vấn tâm lý: Làm sao để vượt qua sang chấn tâm lý (PTSD) sau một vụ tai nạn giao thông nghiêm trọng kinh hoàng? 🚗💥 https://tamlyhoc.com	healthcare_consultant
Xin chào, tôi bị hội chứng sợ không gian hẹp (Claustrophobia), mỗi lần bước vào thang máy là tim đập chân run, có liệu pháp nhận thức hành vi nào khắc phục không? 🛗😨	healthcare_consultant
Bạn ơi, sếp giao quá nhiều việc khiến tôi bị kiệt sức hoàn toàn (Burnout syndrome), lúc nào cũng cáu gắt với gia đình, tôi nên nghỉ việc hay tìm gặp bác sĩ tâm thần? 🤯📉	healthcare_consultant
Con trai tôi 15 tuổi đang trải qua khủng hoảng tuổi dậy thì, cháu khóa trái cửa phòng không giao tiếp, tôi phải tiếp cận trò chuyện bằng cách nào? 🚪👦	healthcare_consultant
Bệnh rối loạn lưỡng cực (Bipolar Disorder) đan xen giữa hưng cảm và trầm cảm, dùng thuốc Lithium lâu dài có tác dụng phụ làm suy giảm trí nhớ? 💊🧠	healthcare_consultant
Chào chuyên gia, mẹ bỉm sữa sau sinh hay có suy nghĩ tiêu cực muốn làm hại em bé, đây là rối loạn hoang tưởng hay trầm cảm sau sinh nặng? 👶🤱	healthcare_consultant
Mất ngủ mãn tính kéo dài hơn 3 tháng, đêm nào cũng thức trắng đến sáng dù đã uống tâm sen, liệu tôi có bị suy nhược thần kinh? 🦉☕	healthcare_consultant
Biểu hiện của chứng rối loạn tăng động giảm chú ý (ADHD) ở người trưởng thành khác với trẻ em ở những điểm đặc trưng nào? 🏃‍♂️💭	healthcare_consultant
Mình bị rối loạn lo âu lan tỏa (GAD), lúc nào cũng lo lắng chuyện chưa xảy ra dẫn đến đau dạ dày co thắt, thiền định (Meditation) có chữa khỏi không? 🧘‍♀️🌿	healthcare_consultant
Rối loạn ám ảnh cưỡng chế (OCD) bắt mình phải rửa tay đến mức tứa máu mới chịu dừng, liệu pháp phơi nhiễm có hiệu quả với ca của mình? 🧼🩸	healthcare_consultant
Chào bạn, bé 3 tuổi gọi không quay đầu lại, thích xếp đồ chơi thành hàng ngang thẳng tắp, có phải là dấu hiệu nhận biết sớm hội chứng tự kỷ (Autism)? 🧩🚂	healthcare_consultant
Hội chứng sương mù não (Brain Fog) hậu Covid làm mình hay quên trước quên sau, làm sao để phục hồi lại chức năng tập trung của não bộ? 🌫️🧠	healthcare_consultant
Ám ảnh sợ xã hội (Social Anxiety) khiến tôi toát mồ hôi hột, cà lăm khi thuyết trình trước đám đông, thuốc chẹn beta có giúp bình tĩnh tức thời không? 🎤😰	healthcare_consultant
Tư vấn tâm lý hôn nhân: Chồng ngoại tình dẫn đến khủng hoảng niềm tin, hai vợ chồng tôi muốn tham gia trị liệu cặp đôi (Couples therapy) thì bắt đầu từ đâu? 💔👫	healthcare_consultant
Rối loạn ăn uống (Anorexia) do ám ảnh cân nặng, tôi cứ ăn vào là móc họng ói ra, làm sao để xây dựng lại mối quan hệ lành mạnh với đồ ăn? 🍔🤮	healthcare_consultant
Chào admin, nghiện game online tới mức bỏ học lừa dối cha mẹ thì đưa vào trại cai nghiện tâm lý có gây tác dụng ngược khiến trẻ nổi loạn hơn? 🎮📵	healthcare_consultant
Trầm cảm tuổi xế chiều ở người già do cô đơn, ít người trò chuyện, con cháu nên thiết kế các hoạt động sinh hoạt nào để các cụ vui vẻ hơn? 👵👴	healthcare_consultant
Hội chứng TIC ở trẻ em chớp mắt, giật cơ mặt liên tục rốt cuộc là do căng thẳng học hành hay do xem điện thoại quá nhiều? 📱👁️	healthcare_consultant
Khủng hoảng hiện sinh (Existential Crisis) ở độ tuổi 30, cảm thấy hoang mang không biết mình sinh ra trên đời để làm gì, mình cần đọc sách tâm lý học nào để giải tỏa? 📖🤔	healthcare_consultant
Chào bạn, mình mới mổ nội soi cắt ruột thừa được 2 ngày, hiện tại vết mổ hơi ngứa và sưng đỏ nhẹ, có được tắm rửa đụng nước bình thường chưa? 🛁🔪 #HauPhau	healthcare_consultant
Chăm sóc vết mổ đẻ sau sinh thế nào để tránh nhiễm trùng, bôi kem trị sẹo mờ thâm từ tuần thứ mấy là an toàn nhất? 🤰🩹	healthcare_consultant
Bố tôi vừa thay khớp háng nhân tạo, xin hướng dẫn các bài tập vật lý trị liệu trên giường bệnh để chống huyết khối tĩnh mạch chi dưới? 🦿🛏️ http://phuchoichucnang.vn	healthcare_consultant
Xin chào, tôi phẫu thuật nâng ngực đặt túi gel được 1 tháng, giờ mặc áo lót có gọng thép định hình được không hay vẫn phải mặc áo chuyên dụng? 👙👗	healthcare_consultant
Chăm sóc mắt sau khi mổ cườm (đục thủy tinh thể), việc đeo kính râm 24/24 kể cả lúc đi ngủ có bắt buộc không vậy bác sĩ? 🕶️👁️	healthcare_consultant
Bạn ơi, đứt dây chằng chéo trước đầu gối đã phẫu thuật nối lại, giai đoạn 1 tháng đầu có được chống nạng đi đứng dồn lực vào chân đau không? 🦵🩼	healthcare_consultant
Sau khi phẫu thuật cắt amidan bằng công nghệ Plasma, mấy ngày thì bong giả mạc trắng, lúc đó ăn cháo loãng hay uống sữa lạnh? 🍧👅	healthcare_consultant
Mổ tuyến giáp bóc tách u nang xong tôi bị khàn giọng nói không ra hơi, hiện tượng này bao lâu sẽ hết hay là di chứng tổn thương dây thanh quản? 🗣️🧣	healthcare_consultant
Bệnh nhân vừa trải qua phẫu thuật bắc cầu động mạch vành tim, khi về nhà cần chú ý đo nhịp tim và huyết áp mấy lần một ngày? ❤️‍🩹⏱️	healthcare_consultant
Chào admin, tán sỏi thận ngoài cơ thể xong đi tiểu ra máu lợn cợn cặn sỏi nhỏ thì uống nhiều nước râu ngô có giúp tống sỏi nhanh hơn? 🌽💧	healthcare_consultant
Phẫu thuật trượt đốt sống thắt lưng ghép xương cứng, người bệnh phải nẹp lưng sinh hoạt trong thời gian bao lâu mới được cúi gập người? 🔙🔩	healthcare_consultant
Chăm sóc sau phẫu thuật cắt bỏ túi mật: Ăn đồ nhiều dầu mỡ bị tiêu chảy rát đít là bình thường hay hệ tiêu hóa đang bị rối loạn nặng? 🍔💩	healthcare_consultant
Hút mỡ bụng tạo hình thành bụng xong phải nịt corset nén chặt suốt ngày đêm, tháo ra 1 tiếng để tắm có làm da chùng nhão rạn nứt lại không? ⏳👙	healthcare_consultant
Mổ trĩ bằng phương pháp Longo, đi vệ sinh rặn mạnh có sợ bung ghim chỉ khâu khiến máu chảy ồ ạt lại không? 🚽🩸	healthcare_consultant
Xin hỏi, người ghép thận xong phải uống thuốc chống thải ghép cả đời, vậy hệ miễn dịch yếu đi có dễ mắc các bệnh truyền nhiễm cơ hội không? 💊🦠	healthcare_consultant
Sau xạ trị ung thư vòm họng vùng cổ bị khô rát bong tróc đen sạm, bôi nha đam tươi lên da để làm mát có gây lở loét thêm không? 🌿🔥	healthcare_consultant
Bó bột gãy xương cẳng chân ngứa ngáy quá, dùng que đũa chọc vào gãi lỡ xước mưng mủ bên trong thì dấu hiệu nhận biết là gì? 🥢🦴	healthcare_consultant
Mổ xoang mũi nội soi FESS xong cứ thấy dịch máu lờ lờ hồng chảy xuống họng, tôi khạc nhổ liên tục thì có ảnh hưởng vết mổ không? 👃🩸	healthcare_consultant
Chăm sóc răng miệng sau khi nhổ 2 răng khôn mọc lệch cùng lúc, ngậm nước muối sinh lý súc miệng mạnh có làm rớt cục máu đông? 🦷🧂	healthcare_consultant
Phẫu thuật thẩm mỹ nâng mũi cấu trúc sụn sườn, ngủ nằm nghiêng một bên có làm vẹo lệch sống mũi trong tháng đầu tiên? 👃😴	healthcare_consultant
Chào bạn, dạo này tôi hay bị đau nửa đầu dai dẳng buồn nôn mỗi khi thức dậy, chói mắt trước ánh sáng mạnh, đây có phải là bệnh Migraine không? 🤕💡 #TrieuChung	healthcare_consultant
Sáng ngủ dậy tôi hay bị tê bì chân tay châm chích như kiến bò, đôi khi mất cảm giác cầm nắm, liệu có phải bị chèn ép dây thần kinh cổ tay? 🤲🐜	healthcare_consultant
Ho khan kéo dài trên 3 tuần không sốt, có đờm dính chút máu tươi, tôi không hút thuốc thì có nguy cơ ung thư phổi hay do lao phổi? 🫁🩸 http://kiem-tra-benh.vn	healthcare_consultant
Bạn ơi, thỉnh thoảng đang ngồi làm việc tôi bị đau nhói thắt ngực trái lan ra sau lưng, kéo dài vài giây rồi hết, có nguy cơ nhồi máu cơ tim tiềm ẩn không? ❤️‍🔥	healthcare_consultant
Đột nhiên sụt 5kg trong một tháng mà không ăn kiêng hay tập thể dục, kèm theo mệt mỏi khát nước liên tục là dấu hiệu tiểu đường hay cường giáp? ⚖️💧	healthcare_consultant
Xin chào, tôi bị nổi mẩn đỏ ngứa ngáy thành từng mảng nổi cộm mỗi khi trời trở lạnh gió lùa, uống thuốc dị ứng thì lặn, đây là mề đay mãn tính phải không? 🥶🧣	healthcare_consultant
Đi tiểu rắt tiểu buốt lắt nhắt nhiều lần trong ngày, nước tiểu đục có mùi hôi nồng nặc, có phải tôi bị viêm đường tiết niệu nặng rồi? 🚽👃	healthcare_consultant
Đi ngoài phân đen nhão như bã cà phê tanh rình, bụng âm ỉ đau vùng thượng vị, triệu chứng này cảnh báo xuất huyết dạ dày phải không bạn? 💩☕	healthcare_consultant
Tự nhiên rụng tóc từng mảng lớn hói cả mảng da đầu trơn láng (Alopecia areata), đây là do stress nội tiết hay do nấm da đầu gây ra? 👩‍🦲💇‍♀️	healthcare_consultant
Sốt rét run về chiều tối dai dẳng, đổ mồ hôi trộm ướt áo lúc nửa đêm kèm sưng hạch bạch huyết ở cổ, tôi nên đi tầm soát bệnh lao hạch không? 🤒💦	healthcare_consultant
Mắt đột nhiên mờ sương, nhìn một vật thành hai (song thị), có cảm giác ruồi bay trước mắt, đây là bệnh bong võng mạc hay tăng nhãn áp (Glaucoma)? 👁️🪰	healthcare_consultant
Ù tai tiếng ve kêu e e liên tục trong lỗ tai trái, thính lực giảm sút rõ rệt, do màng nhĩ thủng hay bệnh rối loạn tiền đình gây ra? 👂🦗	healthcare_consultant
Khô miệng đắng chát tiết ít nước bọt, sáng đánh răng lợi hay chảy máu rỉ rả, đó là triệu chứng thiếu vitamin C hay viêm nha chu viêm nướu? 👄🍋	healthcare_consultant
Đau buốt thấu xương ở gót chân ngay khi bước xuống giường vào buổi sáng, đi lại một lúc thì đỡ, đây là gai gót chân hay viêm cân gan bàn chân? 👣⚡	healthcare_consultant
Móng tay đột nhiên xuất hiện sọc dọc màu đen chạy từ gốc đến ngọn, không đau nhức, có người bảo đây là nốt ruồi ác tính hắc tố (Melanoma), có đúng không? 💅⬛	healthcare_consultant
Nhịp tim đập nhanh hồi hộp đánh trống ngực trên 100 nhịp/phút dù đang nằm nghỉ ngơi, kèm theo run tay, đây là bệnh basedow (bướu cổ độc) phải không ạ? 💓🥁	healthcare_consultant
Trẻ nhỏ nổi các mụn nước trong lòng bàn tay bàn chân và trong niêm mạc miệng mông, chảy dãi bỏ bú, 100% là bệnh tay chân miệng rồi đúng không? 👶🦶	healthcare_consultant
Vàng da vàng tròng trắng mắt, nước tiểu vàng sậm như nước chè đặc, bụng chướng to, triệu chứng điển hình của xơ gan cổ trướng hay viêm gan B cấp? 🟡🍵	healthcare_consultant
Ngáp liên tục buồn ngủ rũ rượi vào ban ngày dù đêm qua ngủ đủ 8 tiếng, ngủ ngáy to hay bị giật mình ngưng thở lúc ngủ là bệnh gì? 🥱🛌	healthcare_consultant
Nốt ruồi trên vai bỗng dưng to ra bất thường, viền không đều màu sắc chỗ đen chỗ đỏ có đóng vảy ngứa, tôi có nên đi sinh thiết da ung thư không? 🔍🔴	healthcare_consultant
Chào bạn, hiện tại mình muốn đăng ký khám sức khỏe thi bằng lái xe hạng B2 thì bệnh viện mình có gói khám này không và thủ tục cần mang theo những giấy tờ gì? 🚗📄 #KhamSucKhoe	healthcare_center_search
Quy trình lấy số thứ tự khám bệnh qua App điện thoại có tích hợp thanh toán luôn tiền khám để đỡ phải xếp hàng chờ đợi dưới sảnh không admin? 📱💳 https://dat-lich.vn	healthcare_center_search
Cho mình hỏi thủ tục nhập viện sinh mổ chủ động cần đem theo hồ sơ khám thai từ đầu hay chỉ cần giấy siêu âm tuần cuối nhất là được? 🤰🏥	healthcare_center_search
Xin chào, tôi lỡ quên mất lịch hẹn nội soi dạ dày sáng nay, giờ tôi muốn dời lịch sang sáng thứ 3 tuần sau thì liên hệ số hotline nào để đổi ngày? 📞🗓️	healthcare_center_search
Hướng dẫn giúp tôi quy trình khám bảo hiểm y tế (BHYT) đúng tuyến, bắt đầu từ quầy lấy số nào và nộp thẻ ở đâu để không bị tính phí dịch vụ? 🏥🔖	healthcare_center_search
Bạn ơi, tôi muốn đặt lịch hẹn đích danh bác sĩ giám đốc chuyên khoa tim mạch thì có cần phải đóng thêm phí chọn bác sĩ không? 👨‍⚕️💰	healthcare_center_search
Sổ khám bệnh điện tử tích hợp trên căn cước công dân gắn chip (CCCD), khi đến phòng khám tôi chỉ cần quét mã QR là có toàn bộ hồ sơ lịch sử bệnh án đúng không? 🆔📲	healthcare_center_search
Thủ tục xuất viện thứ 7, chủ nhật có trả lại tiền tạm ứng viện phí dư không hay phải chờ đến thứ 2 kế toán mới giải quyết làm việc? 💸📅	healthcare_center_search
Đăng ký gói tầm soát ung thư toàn diện VIP cho nam giới trên 50 tuổi thì bao gồm những danh mục xét nghiệm và chụp chiếu nào, tổng thời gian mất bao lâu? 🔬⏳	healthcare_center_search
Chào bot, tôi quên mang sổ khám bệnh cũ của lần trước, phòng khám có cấp lại sổ mới và in lại đơn thuốc tháng trước cho tôi được không? 📓🖨️	healthcare_center_search
Đặt lịch khám tiền hôn nhân cho 2 vợ chồng thì có cần nhịn ăn sáng để xét nghiệm máu và tinh dịch đồ không? 💍🩸	healthcare_center_search
Hủy lịch khám chuyên gia đã đặt cọc tiền trước 2 ngày thì có được hoàn tiền 100% qua số tài khoản ngân hàng không admin? 🏦❌	healthcare_center_search
Thủ tục chuyển viện (chuyển tuyến) lên bệnh viện trung ương cần xin giấy giới thiệu từ tuyến huyện ký đóng dấu đỏ mới được hưởng 80% đúng không? 🚑📑	healthcare_center_search
Đăng ký sinh trắc học nhận diện khuôn mặt và vân tay tại quầy lễ tân để tự động lấy số tự động hóa mất khoảng bao nhiêu phút? 👁️👆	healthcare_center_search
Xin hướng dẫn chi tiết luồng di chuyển khám tổng quát doanh nghiệp: Xét nghiệm máu ở tầng mấy, siêu âm bụng ở khu nào để không bị lạc đường? 🏢🗺️	healthcare_center_search
Khám thẻ xanh (thẻ sức khỏe cho người làm trong ngành thực phẩm) thì lấy mẫu phân và chụp X-quang phổi ở tòa nhà A hay tòa nhà B? 🥬🩻	healthcare_center_search
Đăng ký khám chuyên khoa nhi cho bé sơ sinh 1 tháng tuổi có luồng ưu tiên không phải chờ đợi lâu cùng người lớn không? 👶🍼	healthcare_center_search
Cho hỏi thủ tục vay trả góp viện phí qua thẻ tín dụng FE Credit thì liên hệ quầy thu ngân số mấy để làm hồ sơ hỗ trợ? 💳📝	healthcare_center_search
Có thể nhờ người thân đến đăng ký lấy số khám bệnh hộ và nộp sổ trước từ 5h sáng được không hay bắt buộc bệnh nhân phải có mặt trực tiếp? 🌅👵	healthcare_center_search
Khám sức khỏe đi xuất khẩu lao động Nhật Bản (XKLĐ) form chuẩn thì bệnh viện mình có liên kết cấp giấy chứng nhận song ngữ không? 🇯🇵✈️	healthcare_center_search
Chào bạn, tôi đang tìm bác sĩ da liễu trị mụn nội tiết mát tay nhất ở khu vực này, phòng khám mình có Thạc sĩ/Tiến sĩ nào chuyên về mảng này không? 👩‍⚕️🧴 #BacSiDaLieu	healthcare_center_search
Khoa ung bướu chuyên hóa trị ung thư vú nằm ở tầng mấy của khu nhà C vậy bạn, mình đi thang máy số mấy thì gần nhất? 🎀🛗 http://khoa-ung-buou.vn	healthcare_center_search
Xin chào, cho hỏi Bệnh viện có trung tâm hỗ trợ sinh sản (IVF) thụ tinh trong ống nghiệm không, tỷ lệ thành công của trung tâm dạo này là bao nhiêu phần trăm? 👶🧪	healthcare_center_search
Bạn ơi, tôi bị thoái hóa khớp gối nặng, muốn tìm một bác sĩ cơ xương khớp giỏi chuyên mổ nội soi tái tạo sụn chêm, gợi ý giúp tôi một vài cái tên uy tín? 🦴👨‍⚕️	healthcare_center_search
Khoa nhi của viện có chia ra các phòng khám chuyên biệt như hô hấp nhi, tiêu hóa nhi riêng không hay tất cả đều khám chung một phòng tổng hợp? 🧸🩺	healthcare_center_search
Tư vấn giúp tôi phòng khám nha khoa nằm bên trong bệnh viện có dịch vụ cắm Implant răng sứ thẩm mỹ không, hay chỉ nhổ răng chữa tủy thông thường? 🦷😁	healthcare_center_search
Trưởng khoa nội tiết chuyên trị tiểu đường kháng thuốc là bác sĩ nào, lịch khám cố định vào những thứ mấy trong tuần để tôi sắp xếp đưa mẹ lên khám? 📈👴	healthcare_center_search
Bệnh viện có khoa phẫu thuật tạo hình thẩm mỹ chuyên gọt hàm, cắt mí mắt không hay chỉ phẫu thuật chấn thương chỉnh hình tạo hình bỏng? 👁️✂️	healthcare_center_search
Xin hỏi chuyên gia tâm lý học lâm sàng chuyên tư vấn cho trẻ tự kỷ và tăng động (ADHD) ở viện mình là người Việt hay người nước ngoài? 🧩🗣️	healthcare_center_search
Khoa nam học điều trị hiếm muộn vô sinh nam, xuất tinh sớm thì cần lấy số ở khu vực sảnh chính hay có khu khám kín đáo riêng tư? 🍆🤫	healthcare_center_search
Khoa sản phụ khoa có bác sĩ nữ chuyên siêu âm canh trứng rụng và khám phụ khoa viêm nhiễm không, tôi hơi ngại bác sĩ nam khám vùng kín. 🌺👩‍⚕️	healthcare_center_search
Khoa tai mũi họng có thiết bị nội soi ống mềm không đau cho trẻ nhỏ hay vẫn dùng loại ống cứng truyền thống gây buồn nôn? 👂👃	healthcare_center_search
Chào admin, trung tâm nội soi tiêu hóa dạ dày đại tràng có mời chuyên gia từ bệnh viện Chợ Rẫy về nội soi gây mê không? 💤🔬	healthcare_center_search
Trung tâm tiêm chủng vắc xin trực thuộc bệnh viện có đầy đủ các loại vắc xin khan hiếm như dại, viêm não Nhật Bản, hay 6 trong 1 không? 💉❄️	healthcare_center_search
Khoa truyền nhiễm cách ly điều trị sốt xuất huyết người lớn có nằm chung tòa nhà với khoa nhi không để mình hạn chế đi ngang qua lây chéo? 🦟🏥	healthcare_center_search
Phòng khám y học cổ truyền kết hợp châm cứu bấm huyệt chữa liệt dây thần kinh số 7 có nhận thẻ bảo hiểm y tế không ạ? 🌿📌	healthcare_center_search
Khoa mắt của bệnh viện có chuyên gia điều trị dứt điểm chứng bong võng mạc bằng phương pháp bắn laser không? 👁️⚡	healthcare_center_search
Phòng vật lý trị liệu phục hồi chức năng sau tai biến có trang bị robot tập đi thông minh hỗ trợ bệnh nhân liệt nửa người không? 🤖🚶‍♂️	healthcare_center_search
Xin hỏi khoa hồi sức cấp cứu (ICU) có bao nhiêu giường thở máy ECMO (phổi nhân tạo) để điều trị các ca viêm cơ tim cấp viêm phổi nặng? 🫁🚨	healthcare_center_search
Có bác sĩ chuyên khoa tiêu hóa chuyên môn sâu về trị vi khuẩn HP kháng đa kháng sinh không, tôi đã đổi phác đồ 3 lần chưa khỏi? 🦠💊	healthcare_center_search
Chào bạn, bệnh viện mình có tổ chức khám dịch vụ ngoài giờ hành chính vào buổi tối từ 17h đến 20h không do tôi đi làm không xin nghỉ ngày thường được? 🌙🏢 #GioLamViec	healthcare_center_search
Cho mình hỏi lịch nghỉ lễ 30/4 và 1/5 sắp tới, bệnh viện có đóng cửa khu khám ngoại trú hoàn toàn hay vẫn có phòng khám nội đa khoa trực tiếp nhận bệnh? 🇻🇳📅 http://lich-kham.vn	healthcare_center_search
Xin chào, phòng cấp cứu 24/7 có trực xuyên đêm kể cả mùng 1 Tết Âm Lịch đúng không, nếu có ca tai nạn đêm giao thừa thì bác sĩ trực ngoại khoa vẫn mổ cấp cứu chứ? 🎆🚑	healthcare_center_search
Bạn ơi, thời gian nhận hồ sơ nội soi dạ dày buổi sáng muộn nhất là mấy giờ chốt sổ để tôi còn kịp nhịn ăn bắt xe từ tỉnh lên tuyến trên? 🌅⏰	healthcare_center_search
Chiều Thứ 7 và ngày Chủ Nhật phòng siêu âm thai 4D có mở cửa hoạt động bình thường không, hay chỉ siêu âm cấp cứu thôi? 👶🖥️	healthcare_center_search
Giờ trả kết quả xét nghiệm sinh hóa máu tổng quát thường mất khoảng bao lâu, tôi lấy mẫu lúc 8h sáng thì 10h trưa có kết quả cầm về chưa? 🩸⏳	healthcare_center_search
Chào admin, bệnh viện có làm việc thông trưa xuyên suốt không nghỉ trưa (từ 11h30 đến 13h) để tôi tranh thủ giờ nghỉ trưa công ty chạy qua khám bệnh lấy thuốc? 🕛🏃‍♂️	healthcare_center_search
Giờ vào thăm bệnh nhân nội trú khu hồi sức tích cực (ICU) quy định chặt chẽ là buổi chiều từ 15h đến 16h thôi phải không, có ngoại lệ không? 🕒🛌	healthcare_center_search
Giờ chích ngừa vắc xin buổi chiều bắt đầu từ mấy giờ, tôi đưa bé đến lúc 16h30 thì có bị từ chối nhận hồ sơ vì gần hết giờ làm việc không? 💉🕒	healthcare_center_search
Lịch khám cố định của Giáo sư A chuyên khoa Thần kinh là vào sáng thứ 3 và thứ 5 hàng tuần, vậy tuần sau bác sĩ có đi công tác đột xuất không? 👨‍🏫🗓️	healthcare_center_search
Phòng khám răng hàm mặt có làm việc vào ngày chủ nhật không, tôi muốn đi nhổ răng khôn vào cuối tuần cho tiện nghỉ ngơi có được không? 🦷🌞	healthcare_center_search
Ngày giỗ tổ Hùng Vương (10/3 âm lịch) khu vực đóng tiền viện phí có làm việc không để tôi xuất viện cho người nhà về quê? 👑💸	healthcare_center_search
Thời gian mở cửa nhà thuốc bệnh viện có bán ban đêm cho người nhà bệnh nhân mua vật tư y tế bỉm tã không hay 9h tối là đóng cửa rồi? 💊🌙	healthcare_center_search
Đóng tiền tạm ứng viện phí qua quầy thu ngân muộn nhất đến mấy giờ tối, tôi sợ mang nhiều tiền mặt trong người ban đêm ở sảnh chờ không an toàn? 💵🏦	healthcare_center_search
Khu khám VIP quốc tế bắt đầu nhận số thứ tự và làm việc sớm nhất từ mấy giờ sáng, 6h00 đã mở cửa đón khách chưa? 🌅💎	healthcare_center_search
Lịch làm việc của khoa tiêu hóa nội soi đại tràng có bị dồn lịch vào thứ 2 đầu tuần nhiều không để tôi né ngày đó ra cho vắng vẻ? 🗓️📉	healthcare_center_search
Bác sĩ siêu âm tim mạch làm việc từ 7h00 sáng đến mấy giờ chiều thì kết thúc ca, để tôi đưa ông nội đi kiểm tra định kỳ? 💓⌚	healthcare_center_search
Thời gian lấy kết quả giải phẫu bệnh (sinh thiết khối u) thường là 7 ngày làm việc, vậy có trừ thứ 7 chủ nhật ra không admin? 🔬📆	healthcare_center_search
Trạm xe cứu thương của bệnh viện túc trực 24/24 có nhận dịch vụ chở bệnh nhân từ viện về nhà vào lúc 2h sáng không? 🚑🌃	healthcare_center_search
Phòng khám tiêm vắc xin chó dại có phục vụ ngoài giờ nếu bị chó cắn lúc 11h đêm không, hay tôi phải đợi đến 7h sáng hôm sau mới được chích? 🐕🌙	healthcare_center_search
Chào bạn, tôi có thẻ Bảo hiểm Y tế (BHYT) ở tuyến tỉnh, nếu lên bệnh viện mình sinh mổ không có giấy chuyển tuyến thì mức hưởng vượt tuyến tự chi trả là bao nhiêu phần trăm? 🤰🏥 #BHYT	healthcare_center_search
Bệnh viện có liên kết thanh toán bão lãnh viện phí trực tiếp với các hãng bảo hiểm sức khỏe tư nhân như Bảo Việt, Dai-ichi Life, Manulife không? 🛡️📝 http://vien-phi.vn	healthcare_center_search
Cho mình hỏi chi phí trọn gói nhổ răng khôn mọc ngầm chân răng khó dao động khoảng bao nhiêu tiền một cái để mình chuẩn bị ngân sách trước? 🦷💸	healthcare_center_search
Tôi muốn thanh toán chi phí phẫu thuật cắt túi mật bằng thẻ tín dụng Visa trả góp 0% lãi suất trong 6 tháng thì bệnh viện có máy POS hỗ trợ dịch vụ này không? 💳📉	healthcare_center_search
Bảng giá phòng dịch vụ nội trú loại phòng đơn VIP 1 giường (có tivi, tủ lạnh, ghế sofa cho người nhà) là bao nhiêu tiền một đêm? 🛏️💎	healthcare_center_search
Chi phí chụp MRI cộng hưởng từ cột sống thắt lưng không tiêm thuốc cản từ hiện tại của bệnh viện niêm yết giá bao nhiêu vậy admin? 🧲💰	healthcare_center_search
BHYT có chi trả 100% tiền thuốc điều trị ung thư đích (Targeted therapy) không hay danh mục thuốc này bệnh nhân phải tự bỏ tiền túi hoàn toàn? 💊❌	healthcare_center_search
Xin báo giá gói xét nghiệm máu tổng quát cơ bản tầm soát tiểu đường mỡ máu men gan cho người trưởng thành là bao nhiêu tiền một lượt? 🩸💵	healthcare_center_search
Giá chi phí tiêm trọn gói 3 mũi vắc xin HPV (Gardasil 9) ngừa ung thư cổ tử cung tại trung tâm tiêm chủng của viện là bao nhiêu? 💉🎀	healthcare_center_search
Thanh toán viện phí qua ví điện tử Momo/VNPay bằng mã QR thì có bị thu thêm phí phụ phí giao dịch của ngân hàng (phí chênh lệch) không? 📲💸	healthcare_center_search
Biểu giá phẫu thuật thẩm mỹ nâng mũi bọc sụn Megaderm trọn gói bao gồm tiền thuốc men tái khám chưa hay đó chỉ là tiền công bác sĩ mổ? 👃🧾	healthcare_center_search
Bệnh viện có phòng công tác xã hội hỗ trợ giảm miễn viện phí hay cung cấp những suất cơm từ thiện cho bệnh nhân có sổ hộ nghèo không? 🍚❤️	healthcare_center_search
Hoàn tiền bảo hiểm: Tôi tự đóng 100% tiền mặt trước, sau đó bệnh viện có xuất hóa đơn đỏ (VAT) và bảng kê chi tiết để tôi đem về công ty bảo hiểm claim lại tiền không? 🧾🏦	healthcare_center_search
Chi phí nội soi dạ dày đại tràng gây mê toàn bộ không đau chênh lệch với nội soi sống (không gây mê) khoảng bao nhiêu tiền? 🔬💤	healthcare_center_search
Bảng giá khám chuyên gia do Giáo sư, Tiến sĩ đầu ngành trực tiếp khám có giá dịch vụ là 500k hay 1 triệu đồng một lượt khám ban đầu? 👨‍🏫💵	healthcare_center_search
Mua sổ khám bệnh trắng mới giá bao nhiêu tiền một cuốn, và có bán bộ dụng cụ vệ sinh cá nhân cho người nhà nội trú luôn tại quầy thu ngân không? 📓🛍️	healthcare_center_search
Chi phí tiểu phẫu cắt bao quy đầu bằng máy Surkon (dập ghim tự động) so với cắt thủ công truyền thống bằng dao kéo giá chênh nhau nhiều không? ✂️🍆	healthcare_center_search
Khám sức khỏe thi bằng lái máy bay/tàu hỏa có giá dịch vụ đắt hơn gói khám lái xe ô tô thông thường B1/B2 bao nhiêu tiền? ✈️🚗	healthcare_center_search
Thẻ BHYT mã đối tượng hưu trí (mã HT) khi đi khám bệnh đúng tuyến tại viện được nhà nước chi trả 95% hay 100% tiền viện phí? 👴🔖	healthcare_center_search
Nếu sinh thường gói dịch vụ gia đình (chồng được vào phòng sinh cắt rốn con) thì ngoài tiền gói cơ bản phải đóng thêm phụ phí dịch vụ khoảng mấy triệu? 👶👨‍👩‍👦	healthcare_center_search
Chào bạn, bệnh viện có bãi gửi xe ô tô qua đêm cho người nhà bệnh nhân không hay chỉ cho đậu xe máy, và giá vé gửi xe ô tô tính theo giờ hay theo ngày? 🚗🅿️ #TienIch	healthcare_center_search
Căn tin nhà ăn của bệnh viện nằm ở khu vực nào, có bán cháo súp nhạt đồ ăn kiêng cho người tiểu đường và phục vụ đến mấy giờ tối? 🍲🕒 http://so-do-benh-vien.vn	healthcare_center_search
Cho mình hỏi quầy lễ tân có cho mượn xe lăn miễn phí để đẩy người già đi lại khó khăn từ cổng vào phòng khám không, thủ tục cần để lại CMND/CCCD đúng không? 🦽👵	healthcare_center_search
Trong khuôn viên bệnh viện có cửa hàng tiện lợi dạng như Circle K, FamilyMart hay máy rút tiền ATM của ngân hàng Vietcombank/Agribank nào không? 🏪🏧	healthcare_center_search
Phòng chờ VIP có phục vụ trà bánh, wifi tốc độ cao miễn phí và ghế massage cho khách hàng mua gói tầm soát ung thư đặc biệt không? ☕🛋️	healthcare_center_search
Xin review nhà vệ sinh chung của bệnh viện ở các tầng khám bệnh ngoại trú có được vệ sinh sạch sẽ thường xuyên không, có mùi hôi hay giấy vệ sinh đầy đủ không? 🚽🧻	healthcare_center_search
Chỗ sạc điện thoại công cộng có được bố trí dọc hành lang sảnh chờ không, do điện thoại tôi hay hết pin khi chờ lấy kết quả lâu? 📱🔌	healthcare_center_search
Thang máy khu nhà A hay bị kẹt giờ cao điểm, bệnh viện có phân luồng thang máy chuyên dụng đẩy cáng bệnh nhân riêng, thang máy cho người nhà đi riêng không? 🛗🚥	healthcare_center_search
Sân chơi ngoài trời cho trẻ em (có cầu trượt, thú nhún) ở khu vực Khoa Nhi có được trải thảm xốp an toàn chống té ngã không? 🧸🛝	healthcare_center_search
Siêu thị mini trong bệnh viện có bán bình sữa tã bỉm sữa bột công thức các loại không, lỡ đi sinh gấp quên mang đồ sơ sinh thì mua ở đó có đắt gắp đôi ngoài tạp hóa? 🍼🛒	healthcare_center_search
Máy bán nước tự động đặt ở các tầng có nhận tiền giấy lẻ 10k 20k hoặc quét mã QR ZaloPay mua nước lọc, bò húc được không? 🥤🤖	healthcare_center_search
Bệnh viện có phòng vắt sữa mẹ riêng biệt kín đáo (Lactation room) với máy hâm sữa tủ lạnh trữ đông cho các mẹ bỉm đi khám bệnh chưa về kịp không? 🤱🍼	healthcare_center_search
Chỗ lưu trú nhà trọ giá rẻ cho người nhà bệnh nhân từ quê lên chăm người ốm ban đêm có nằm ngay sát cổng sau bệnh viện không? 🏠🌃	healthcare_center_search
Nhà thuốc đạt chuẩn GPP nằm ở tầng trệt tòa nhà nào, có bán các loại thực phẩm chức năng xách tay từ Mỹ Úc không hay chỉ bán thuốc kê đơn theo toa? 💊🏥	healthcare_center_search
Bãi đỗ xe máy cổng sau có mái che che mưa nắng không, hôm trước tôi để xe ngoài trời phơi nắng yên xe nóng phỏng mông. 🏍️☀️	healthcare_center_search
Dịch vụ giặt ủi đồ bệnh nhân nội trú là thuê khoán công ty ngoài (Outsource) giặt bằng máy sấy công nghiệp tiệt trùng hay bệnh nhân phải tự giặt tay phơi ở ban công? 🧺👕	healthcare_center_search
Quầy nước giải khát ở sảnh chờ tầng 1 có bán cafe pha máy Espresso không hay chỉ có cafe pha sẵn lon đóng chai? ☕🧊	healthcare_center_search
Khu vực hút thuốc lá (Smoking area) được chỉ định ở góc vườn hoa ngoài trời nào, bệnh viện có phạt tiền gắt gao nếu phát hiện hút trộm trong nhà vệ sinh không? 🚬🚫	healthcare_center_search
Phòng tập vật lý trị liệu có lắp đặt điều hòa trung tâm 2 chiều mát mẻ thông thoáng không hay xài quạt trần cũ kỹ ngột ngạt? ❄️🏋️‍♂️	healthcare_center_search
Bệnh viện có bố trí thùng rác phân loại rác thải y tế lây nhiễm (màu vàng) và rác sinh hoạt (màu xanh) rõ ràng khắp các lối đi không? 🗑️♻️	healthcare_center_search
Chào admin, tôi lỡ quên mật khẩu đăng nhập trên App khám bệnh, tôi bấm quên mật khẩu mà hệ thống không gửi mã OTP về số điện thoại đăng ký, khắc phục thế nào? 📱🔐 #LoiApp	other
Lỗi đăng nhập tài khoản: Cứ nhập đúng tên user và password thì màn hình web lại văng ra trang chủ trắng bóc, không báo lỗi gì thêm, đây là do cache trình duyệt hay sập server? 💻🔄 http://ho-tro-ky-thuat.vn	other
"Không tải được file PDF kết quả khám tổng quát về điện thoại, bấm nút ""Download"" cứ xoay tít vòng vòng rồi báo ""Error 404 Not Found"", team IT fix lỗi này gấp nhé! 📄⚠️"	other
Thanh toán online qua VNPay lúc sáng bị lỗi gián đoạn mạng, tài khoản ngân hàng của tôi bị trừ tiền tận 2 lần (double charge) nhưng hệ thống app vẫn báo chưa thanh toán, ai giải quyết hoàn tiền cho tôi? 💳😡	other
Website chính thức của bệnh viện hôm qua bị sập không truy cập được (báo lỗi 502 Bad Gateway), nay đã khắc phục xong chưa hay vẫn chập chờn bảo trì hệ thống? 🌐🛠️	other
Làm sao để thay đổi số điện thoại đã đăng ký gắn với tài khoản hồ sơ bệnh án điện tử, vì tôi vừa bị mất sim đổi số mới rồi? 📞🔄	other
Tôi muốn xóa vĩnh viễn tài khoản người dùng trên App và toàn bộ dữ liệu cá nhân theo luật bảo vệ quyền riêng tư thì có tự thao tác được không hay phải gọi tổng đài? 🗑️🕵️‍♂️	other
Giao diện App bản cập nhật mới trên Android bị lỗi font chữ tiếng Việt, dấu ngã dấu hỏi biến thành ô vuông dấu chấm hỏi nhìn rất nhức mắt, hạ cấp phiên bản cũ bằng cách nào? 🔠📲	other
"Không đặt được lịch hẹn trên web bản PC, khi chọn bác sĩ xong bấm ""Xác nhận"" thì nút bấm bị xám (disable) không hoạt động được, lỗi UI/UX rồi code lại đi! 🖱️❌"	other
"Nâng cấp phần mềm hệ thống đêm qua làm mất hết lịch sử khám bệnh các năm trước của tôi trong mục ""Hồ sơ y tế"", dữ liệu có backup khôi phục lại được không? 💾📉"	other
"Nút bấm gọi Hotline ""1900..."" trên app click vào không tự chuyển sang màn hình quay số điện thoại mà cứ trơ ra đó, sửa lỗi liên kết giùm. 📞🛑"	other
Tôi đã đăng ký tài khoản thành công nhưng mãi không nhận được Email chứa link xác nhận kích hoạt tài khoản trong mục Inbox lẫn Spam, cấu hình SMTP của web bị lỗi hả? 📧✉️	other
"Lỗi hiển thị mã QR Code tiếp đón: Cửa soát vé quét mã QR trên màn hình điện thoại tôi máy tít tít báo lỗi ""QR không hợp lệ"", app generate mã bị sai thuật toán à? 🔲🚫"	other
App khám bệnh chưa tương thích với hệ điều hành iOS 17 mới nhất, cứ vuốt lướt màn hình là bị crash văng app đột ngột (force close), bao giờ có bản fix bug trên AppStore? 🍏💥	other
"Cho hỏi tính năng đổi ảnh đại diện (Avatar) hồ sơ trên app load ảnh từ thư viện camera roll lên cứ báo ""Vượt quá dung lượng 2MB"", sao không tự động nén ảnh lại cho người dùng? 🖼️⚙️"	other
Đánh giá app 1 sao trên CH Play vì quá lag giật, mong bộ phận phát triển phần mềm (Dev team) tối ưu hóa lại tốc độ phản hồi API server đi nhé. ⭐📉	other
"Tính năng chat bot hỗ trợ trực tuyến AI trên web trả lời toàn sai bét, lặp đi lặp lại một câu vô nghĩa ""Xin lỗi tôi không hiểu"", tắt bot đi thuê người thật trực web còn hơn! 🤖🤦‍♂️"	other
"Không kết nối được server, mạng wifi nhà tôi vẫn xem Youtube 4K vù vù nhưng cứ bật app viện lên là báo ""Không có kết nối mạng, vui lòng kiểm tra lại"", lỗi DNS mạng hay gì? 📶🚫"	other
Tính năng nhắc nhở uống thuốc báo thức (Push Notification) tự nhiên kêu réo lúc 2h sáng làm tôi giật bắn mình tỉnh ngủ, thuật toán tính giờ uống thuốc sai lệch múi giờ à? ⏰💊	other
Link tải danh sách bác sĩ đính kèm trong bài viết giới thiệu bị hỏng (Broken link), click vào trỏ ra trang cá cược bóng đá, web bị hack chèn mã độc (Malware) rồi kìa IT ơi! 🔗💻	other
Chào phòng nhân sự, hiện tại bệnh viện mình có đang tuyển vị trí Điều dưỡng viên khoa Cấp cứu không, y cầu có chứng chỉ hành nghề chưa hay mới ra trường đều được nhận? 👩‍⚕️🩺 #TuyenDung	other
Đọc tin tuyển dụng Bác sĩ nội khoa trên Facebook, có yêu cầu bằng cấp chuyên khoa 1 (CK1) hay Thạc sĩ trở lên không, bác sĩ đa khoa mới tốt nghiệp nộp hồ sơ được không? 👨‍🎓📄 http://viec-lam.vn	other
Nộp hồ sơ xin việc cứng (bản giấy photo công chứng) nộp trực tiếp tại phòng bảo vệ cổng chính hay phải nộp tận tay bộ phận Hành chính nhân sự ở tầng mấy? 📁🏢	other
Cho hỏi bệnh viện có tuyển thêm bảo vệ giữ xe làm ca đêm 12 tiếng không, độ tuổi quy định tối đa cho bảo vệ là dưới 50 tuổi hay có châm chước người già khỏe mạnh? 👮‍♂️🚲	other
Em là sinh viên năm cuối đại học y dược khoa Dược lý, muốn xin vào làm thực tập sinh nhà thuốc bệnh viện không lương để lấy kinh nghiệm thực tế thì có form đăng ký không? 💊👩‍🎓	other
Chế độ lương thưởng phúc lợi lương tháng 13 cho vị trí Kỹ thuật viên xét nghiệm máu của viện mình đãi ngộ thế nào, có đóng BHXH full lương không? 💰🩸	other
Quy trình phỏng vấn vòng 2 vị trí Trưởng phòng Marketing truyền thông y tế có cần làm bài test lập kế hoạch (Proposal) thuyết trình trực tiếp trước hội đồng ban giám đốc không? 📊🎤	other
Bệnh viện chuyên khoa mắt đang tuyển nhân viên IT quản trị mạng (Network Admin), công việc chỉ setup mạng LAN máy trong viện hay kiêm luôn code maintain website nội bộ? 💻🖨️	other
Có tuyển hộ lý dọn dẹp buồng bệnh, thay ga giường không yêu cầu bằng cấp không chị, mẹ em 45 tuổi chăm chỉ sạch sẽ muốn xin làm được không ạ? 🧹🛏️	other
Form ứng tuyển trực tuyến trên website mục Tuyển dụng điền xong submit có gửi email tự động xác nhận đã nhận CV không để em biết khỏi nộp lại nhiều lần? ✉️🌐	other
Tuyển kế toán kho vật tư y tế yêu cầu sử dụng thành thạo phần mềm SAP hay MISA, có yêu cầu kinh nghiệm làm việc trong môi trường bệnh viện tư nhân trước đây không? 🧮📦	other
Môi trường làm việc ở phòng khám răng hàm mặt có áp lực doanh số (KPI) bán các gói làm răng sứ cho khách hàng không hay chỉ hưởng lương cứng cố định? 🦷📈	other
Ứng tuyển Bác sĩ nha khoa thẩm mỹ có bắt buộc yêu cầu tiếng Anh giao tiếp IELTS 6.5 để khám cho bệnh nhân người nước ngoài không? 🇬🇧🗣️	other
Bệnh viện có chính sách tuyển thẳng sinh viên Y khoa mới ra trường bằng giỏi xuất sắc và tài trợ cho đi học nội trú chuyên khoa không? 🎓🏆	other
Chính sách đãi ngộ khám chữa bệnh miễn phí cho người thân tứ thân phụ mẫu của cán bộ công nhân viên chính thức trong bệnh viện quy định ra sao? 👪💖	other
Thời gian thử việc cho vị trí thu ngân quầy thuốc là 1 tháng hay 2 tháng, trong lúc thử việc được hưởng 85% lương hay 100% lương thỏa thuận? 💵⏳	other
Làm ca đêm ở khoa hồi sức cấp cứu quy định một tháng phải trực mấy đêm (ca 3), tiền phụ cấp trực đêm (night shift allowance) tính nhân hệ số mấy? 🌃⏱️	other
Tuyển nhân viên tổng đài trực điện thoại hotline (Call center) chốt lịch khám, làm việc từ xa (Work from home) qua laptop cá nhân được không hay phải ngồi tại văn phòng? 🎧💻	other
Ứng tuyển vị trí Chuyên viên phân tích dữ liệu y tế (Data Analyst) có cần bằng TOEIC 700+ đọc hiểu tài liệu chuyên ngành y khoa tiếng Anh không? 📊📚	other
Em có thể nộp CV xin việc định dạng file PDF qua email hr@benhvien.vn thay vì gửi bưu điện hồ sơ cứng được không, để tiết kiệm thời gian chờ đợi thư từ? 📧📮	other
Chào bạn, mình đang ở xa muốn hỏi tình trạng kẹt xe đoạn đường Trần Hưng Đạo trước cổng viện giờ cao điểm sáng nay tầm 7h30 có bị ùn tắc nhích từng chút một không? 🚗🚥 #GiaoThong	other
Dự báo thời tiết Hà Nội chiều nay có giông lốc mưa to không để mình còn biết mang áo mưa dù khi đi xe máy đưa người nhà đi khám? 🌧️☔ http://thoitiet.vn	other
Đoạn đường hẻm trước cổng viện cứ mưa lớn là ngập lút bánh xe máy, nay nước đã rút cạn chưa hay vẫn còn lênh láng dơ bẩn tắt máy chết bugi? 🌊🛵	other
Trời nay nắng gắt cháy da 40 độ ngoài trời, trong khuôn viên sân bệnh viện có nhiều cây xanh bóng mát để đứng chờ không hay toàn bê tông cốt thép nóng hầm hập? ☀️🌳	other
Bạn ơi, bắt xe Grab ô tô hoặc Taxi Mai Linh từ bến xe Mỹ Đình đến viện mất tầm bao nhiêu phút di chuyển và đường xá có dễ đi không? 🚕🛣️	other
Từ sân bay Tân Sơn Nhất về bệnh viện đi tuyến đường vòng nào ít bị lô cốt kẹt xe lô cốt đào đường nhất, tài xế hay chạy rề rề câu giờ lắm. ✈️🚧	other
Đi xe buýt số mấy (tuyến bus nào) trạm dừng đỗ ngay sát cổng chính bệnh viện luôn để mình khỏi phải đi bộ qua đường quốc lộ xe tải chạy ầm ầm nguy hiểm? 🚌🛑	other
Dự báo thời tiết ngày mai cuối tuần nghe nói có bão đổ bộ vào đất liền, bệnh viện vẫn che chắn cửa kính chằng chống cây cối an toàn mở cửa bình thường chứ? 🌪️🏢	other
Tắc đường giờ tan tầm buổi chiều trước khu vực bùng binh hay xảy ra tai nạn va quẹt, tôi nên đi đường luồn trong hẻm song song nào để né chốt đèn đỏ đó? 🚦🏍️	other
Bạn chỉ đường giúp mình từ Ga tàu hỏa Sài Gòn đi taxi đến bệnh viện thì tốn khoảng bao nhiêu tiền cước, lộ trình ngắn nhất đi qua những đường lớn nào? 🚂🗺️	other
Đi bộ từ trạm tàu điện ngầm Cát Linh - Hà Đông (MRT) xuống nhà ga đi tới cổng bệnh viện khoảng cách bao nhiêu mét, người già đi bộ nổi không? 🚆🚶‍♀️	other
Đoạn đường Nguyễn Trãi đang sửa chữa lô cốt giăng hàng rào chắn kẹt cứng, có lối đi tắt hẻm nhỏ nào vòng ra phía sau lưng viện không bạn? 🚧🛣️	other
Thời tiết Sài Gòn dạo này sáng nắng chiều mưa thất thường lạnh buốt, mình từ miền Tây lên có nên đem theo áo khoác len dày cho người bệnh mặc phòng chờ có máy lạnh sâu không? 🥶🧥	other
App gọi xe Be hay Xanh SM dạo này hãng nào giá cước rẻ hơn khi đi vào giờ cao điểm mưa gió khó book xe quanh khu vực bệnh viện? 📱🚗	other
Đoạn đường Võ Văn Kiệt hay bị kẹt cục bộ ngã tư, có camera giao thông online soi xem tình trạng kẹt hiện tại như thế nào để mình cân nhắc xuất phát chưa? 🎥🚙	other
Trạm chờ xe buýt đối diện bệnh viện có mái che ghế ngồi không, hôm qua đứng đợi xe buýt giữa trưa nắng muốn ngất xỉu luôn. ☀️🪑	other
Đường lên Đà Lạt qua đèo Prenn đang sửa chữa mở rộng sạt lở, đi xe khách Phương Trang ban đêm lên đó có nguy hiểm sương mù không bạn? ⛰️🚌	other
Gần cổng sau bệnh viện có bãi đất trống nào đậu được xe du lịch 16 chỗ của nhà xe tư nhân đưa rước bệnh nhân không bị công an phạt vi phạm lòng lề đường không? 🚐🚔	other
Bãi đậu xe dưới tầng hầm chung cư kế bên có nhận giữ xe máy vãng lai theo giờ nếu bãi xe bệnh viện lỡ quá tải full chỗ không? 🅿️🏍️	other
Tình hình mưa lụt ở miền Trung đang căng thẳng, xe lửa tàu hỏa tuyến Bắc Nam bị chia cắt thì gửi hàng hỏa tốc thuốc men vào trong đó đường hàng không có bị delay không? 🚂📦	other
Chào buổi sáng bạn bot tư vấn dễ thương, chúc bạn một ngày làm việc tràn đầy năng lượng và giải đáp được nhiều thắc mắc cho bệnh nhân nha! ☀️🌻 #ChaoHoi	other
Bạn là trí tuệ nhân tạo (AI Bot) hay là nhân viên người thật gõ bàn phím trả lời mình vậy, rep tin nhắn tốc độ ánh sáng thế này chắc là máy rồi? 🤖⚡ http://chat-bot.vn	other
Cám ơn hệ thống đã hỗ trợ nhiệt tình nãy giờ, thông tin rất rõ ràng chi tiết, mình không còn câu hỏi nào nữa, tạm biệt nhé! 🙏👋	other
Chào bạn, bạn tên là gì thế, ai đã lập trình tạo ra bạn vậy, bạn có giới tính nam hay nữ hay vô tính? 👤❓	other
Trưa nay ăn cơm chưa bạn ơi, làm việc hỗ trợ khách hàng suốt ngày thế này chắc mệt và áp lực lắm nhỉ, nghỉ tay uống ngụm nước đi nha! 🍚🥤	other
Tối nay cuối tuần rảnh rỗi không, có dự định đi xem phim hay dạo phố uống trà sữa ở đâu không, hay phải trực đêm cày cuốc hệ thống? 🍿🧋	other
Bạn chat bot nói chuyện hài hước duyên dáng ghê cơ, mình thả tim cho bạn 1000 like vì cách rep tin nhắn mặn mòi như muối biển! ❤️🧂	other
Xin lỗi vì đã làm phiền bạn vào lúc nửa đêm khuya khoắt thế này, mình luống cuống quá nên cứ hỏi dồn dập, mong bạn thông cảm bỏ qua cho nhé! 🌃🙇‍♂️	other
Chúc ngủ ngon mộng đẹp nha, mình chốt lịch xong rồi, giờ tắt máy đi ngủ đây mai còn dậy sớm bắt chuyến xe lam đầu tiên lên viện. 😴🌙	other
Hôm nay tâm trạng bạn thế nào, thời tiết đẹp thế này ngồi trong phòng máy lạnh chán phèo, cho mình một lời khuyên triết lý cuộc sống sâu sắc đi? 🤔📖	other
AI bot dạo này thông minh vượt bậc thế, bạn có biết yêu thương hờn giận như con người chúng tôi không hay chỉ là những dòng code khô khan vô cảm? 💔💻	other
Đang rảnh chán quá, kể cho mình nghe một câu chuyện cười xả stress liên quan đến bác sĩ và bệnh nhân để mình cười vui vẻ tí nào! 😂🩺	other
Bạn được huấn luyện từ dữ liệu năm bao nhiêu tuổi rồi, kiến thức y khoa của bạn có được cập nhật mới nhất theo chuẩn WHO năm 2024 không? 🎂📚	other
Khen bạn giỏi xuất sắc luôn, câu hỏi hóc búa chuyên môn sâu thế mà phân tích rành mạch dễ hiểu, đúng là siêu trí tuệ đáng đồng tiền bát gạo! 👏🧠	other
Chê bot ngốc nghếch quá nha, hỏi một đằng trả lời một nẻo không vô trọng tâm gì cả, học máy (Machine learning) kiểu gì mà ngáo ngơ vậy? 🤦‍♀️📉	other
Cảm ơn vì sự kiên nhẫn của bạn, giải thích cặn kẽ từ A đến Z cho một bà già mù công nghệ như tôi hiểu được cách dùng phần mềm này! 👵💖	other
Hi bạn, mình mới cài app lần đầu vô test thử chức năng chat xem có mượt không thôi chứ chưa bị bệnh gì cần tư vấn cả, test thành công nha! ✔️📱	other
Giao tiếp qua lại vui vẻ nãy giờ, bạn có thể hát cho mình nghe một bài hát ru hoặc đọc một bài thơ do bạn tự sáng tác được không? 🎤📜	other
Chào ngày mới thứ Hai đầu tuần, năng suất làm việc của hệ thống dạo này ổn định không bị nghẽn mạng lúc đông người truy cập chứ? 🚀📈	other
Cảm ơn sự đồng hành của ứng dụng, nhờ có trợ lý ảo y tế như bạn mà việc tìm kiếm thông tin sức khỏe của gia đình mình trở nên chủ động và nhàn hạ hơn rất nhiều! 👨‍👩‍👧‍👦💯	other
Chào bạn, mình là sinh viên IT đang tìm hiểu sâu về kiến trúc hệ thống, bạn giải thích sự khác nhau cốt lõi giữa Microservices và Monolithic được không, khi nào nên dùng? 💻🏗️ #LapTrinh	other
Cho mình hỏi giá vàng SJC miếng 9999 hôm nay mua vào bán ra bao nhiêu tiền một chỉ rồi, giá vàng thế giới đang giảm mạnh phải không? 🥇📉 http://giavang.vn	other
Bạn review tóm tắt giúp mình bộ phim điện ảnh bom tấn Oppenheimer vừa đoạt giải Oscar mới nhất xem có đáng ra rạp cày 3 tiếng đồng hồ không? 🎬🍿	other
Hướng dẫn mình công thức nấu món phở bò Nam Định truyền thống, bí quyết ninh xương ống sao cho nước dùng ngọt thanh trong vắt không bị đục hôi bò? 🍲🥢	other
Tỷ số trận chung kết cúp C1 Champions League rạng sáng qua giữa Real Madrid và Man City kết thúc bao nhiêu đều, ai đá luân lưu trượt vậy bạn? ⚽🏆	other
Xin lộ trình tự học ngôn ngữ lập trình Python cho người mới bắt đầu từ con số 0 (Zero to Hero) để làm nghề phân tích dữ liệu Data Science trong 6 tháng? 🐍📊	other
Đang định mua iPhone 15 Pro Max Titan tự nhiên bản 256GB thì nên mua ở Thế Giới Di Động, FPT Shop hay CellphoneS để có chính sách thu cũ đổi mới hời nhất? 📱💰	other
Mẹo chụp ảnh phong cảnh bằng điện thoại đẹp, làm sao để căn góc quy tắc 1/3 bố cục (Rule of Thirds) và phơi sáng ban đêm ít bị nhiễu hạt (Noise)? 📸🌌	other
Hướng dẫn cách trồng hoa hồng nhung ban công chung cư đón nắng hướng Tây, bón phân trùn quế hay phân NPK trị bệnh trĩ nhện đỏ làm sao cho cây sai hoa dầy rộp? 🌹🌿	other
Giá cổ phiếu của tập đoàn Vingroup (mã VIC) trên sàn chứng khoán HoSE kết phiên giao dịch hôm thứ 6 vừa rồi chốt ở mức giá trần hay giá sàn? 📈📉	other
Tư vấn lịch trình du lịch tự túc Đà Lạt 3 ngày 2 đêm cho cặp đôi, những quán cafe săn mây ngắm bình minh và quán lẩu bò Ba Toa nào ngon chuẩn vị nhất? ⛰️☕	other
Bài hát nào đang lọt top 1 Trending Youtube Việt Nam âm nhạc hiện nay, nhạc rap của Đen Vâu hay nhạc Pop Ballad thất tình của Sơn Tùng M-TP? 🎶🔥	other
Hướng dẫn mẹo sử dụng phần mềm ChatGPT hiệu quả viết prompt (câu lệnh) sao cho nó viết bài chuẩn SEO không bị văn phong máy móc quá cứng nhắc? 🤖📝	other
Cách làm bánh Flan (Caramen) hấp cách thủy tại nhà tỷ lệ trứng sữa đặc sữa tươi thế nào để bánh mềm mịn núng nính rỗ mặt không bị tanh mùi trứng? 🍮🥚	other
Kênh Youtube nào dạy học tiếng Anh giao tiếp phản xạ tự nhiên (Shadowing) giọng Mỹ chuẩn dễ hiểu nhất cho người mất gốc lười học ngữ pháp? 🇺🇸🗣️	other
Mua xe máy tay ga cho nữ sinh viên đi học thì chọn Honda Vision, Yamaha Grande hay Honda Lead cốp rộng, tiêu chí tiết kiệm xăng bền bỉ đặt lên hàng đầu? 🛵⛽	other
Lịch thi đấu ngoại hạng Anh (Premier League) vòng 38 vòng đấu cuối cùng, MU (Manchester United) sẽ đối đầu với Arsenal lúc mấy giờ tối chủ nhật tuần này? ⚽🏟️	other
Chỉ cách cài đặt lại hệ điều hành Windows 10 bằng USB Boot Rufus từ file ISO tải trên mạng sao cho máy tính xách tay khỏi bị màn hình xanh chết chóc? 💻💽	other
"Review tóm tắt ý nghĩa sâu sắc nhất của cuốn sách ""Đắc Nhân Tâm"" (How to Win Friends and Influence People), bài học về nghệ thuật giao tiếp thu phục lòng người? 📖🤝"	other
Mẹo quản lý tài chính cá nhân tiết kiệm tiền theo quy tắc 6 chiếc lọ (Jars system), tháng lương 10 triệu thì chia tỷ lệ quỹ đầu tư và chi tiêu sinh hoạt bao nhiêu là hợp lý? 💰🏺	other
Bác sĩ ơi, dạo này tôi hay bị đánh trống ngực, nhịp tim đập rất nhanh dù đang ngồi yên, liệu có phải bị suy tim không?	healthcare_consultant
Thưa bác ơi, dạo này tôi hay bị đánh trống ngực, nhịp tim đập rất nhanh dù đang ngồi yên, liệu có phải bị suy tim không?	healthcare_consultant
Thuốc này có tác dụng phụ gây buồn ngủ không bác sĩ, vì tôi phải lái xe đường dài?	healthcare_consultant
Thuốc này có tác dụng phụ gây buồn ngủ không bác, vì tớ phải lái xe đường dài?	healthcare_consultant
Kết quả xét nghiệm máu của tôi chỉ số men gan cao gấp đôi, tôi cần kiêng ăn những gì ạ?	healthcare_consultant
Kết quả xét nghiệm máu của mình chỉ số men gan cao gấp đôi, tôi cần kiêng ăn những gì ạ?	healthcare_consultant
Bác sĩ cho hỏi bệnh tiểu đường tuýp 2 của tôi có thể chữa khỏi hoàn toàn nếu tôi giảm cân không?	healthcare_consultant
Bác sĩ cho hỏi bệnh tiểu đường tuýp 2 của mình có thể trị khỏi hoàn toàn nếu tôi giảm cân không?	healthcare_consultant
Vết mổ ruột thừa của tôi 3 ngày nay hơi sưng tấy và ngứa, như vậy là đang lành hay bị nhiễm trùng vậy bác sĩ?	healthcare_consultant
Vết mổ ruột thừa của người nhà tôi 3 ngày nay hơi sưng tấy và ngứa, như vậy là đang lành hay bị nhiễm trùng vậy chuyên gia?	healthcare_consultant
Cháu nhà tôi bị sốt 39 độ liên tục 2 ngày, uống hạ sốt xong lại lên, tôi có nên cho cháu nhập viện truyền dịch không?	healthcare_consultant
Cháu nhà tớ bị sốt 39 độ liên tục 2 ngày, uống hạ sốt xong lại lên, tôi có nên cho cháu nhập viện truyền dịch không?	healthcare_consultant
Bác sĩ xem giúp phim X-quang này, tôi bị đau thắt lưng lan xuống chân thì có phải thoát vị đĩa đệm không?	healthcare_consultant
Thưa BS xem giúp phim X-quang này, tôi bị đau thắt lưng lan xuống chân thì có phải thoát vị đĩa đệm không?	healthcare_consultant
Đơn thuốc này tôi có thể uống kết hợp với thực phẩm chức năng bổ gan ở nhà được không thưa bác sĩ?	healthcare_consultant
Phiền admin, đơn thuốc này người nhà tôi có thể uống kết hợp với thực phẩm chức năng bổ gan ở nhà được không thưa BS?	healthcare_consultant
Phác đồ điều trị vi khuẩn HP dạ dày này kéo dài bao lâu thì tôi cần đi nội soi kiểm tra lại?	healthcare_consultant
Xin lỗi, phác đồ điều trị vi khuẩn HP dạ dày này kéo dài bao lâu thì người nhà tôi cần đi nội soi kiểm tra lại?	healthcare_consultant
Bác sĩ cho tôi hỏi, huyết áp 145/90 ở người 50 tuổi như tôi thì đã đến mức phải dùng thuốc tây cả đời chưa?	healthcare_consultant
Bác sĩ cho người nhà tôi hỏi, huyết áp 145/90 ở người 50 tuổi như tôi thì đã đến mức phải dùng dược phẩm tây cả đời chưa?	healthcare_consultant
Mấy nốt ruồi trên lưng tôi dạo này to ra và ngứa, tôi có cần làm sinh thiết tầm soát ung thư da không?	healthcare_consultant
Mấy nốt ruồi trên lưng mình dạo này to ra và ngứa, tôi có cần làm sinh thiết tầm soát ung thư da không?	healthcare_consultant
Tôi đang mang thai tuần thứ 12, thỉnh thoảng bị đau nhói bụng dưới thì có nguy hiểm đến thai nhi không bác sĩ?	healthcare_consultant
Tôi đang mang thai tuần thứ 12, thỉnh thoảng bị đau nhói bụng dưới thì có ảnh hưởng xấu đến thai nhi không bác?	healthcare_consultant
Bác sĩ tư vấn giúp tôi, phương pháp mổ trĩ bằng laser có đau không và bao lâu thì tôi có thể đi làm bình thường?	healthcare_consultant
Bác sĩ tư vấn giúp mình, phương pháp mổ trĩ bằng laser có đau không và bao lâu thì mình có thể đi làm bình thường?	healthcare_consultant
Bố tôi hay bị quên trước quên sau, đôi khi không nhận ra người nhà, liệu đây là lão hóa tự nhiên hay là bệnh Alzheimer?	healthcare_consultant
Bố tớ hay bị quên trước quên sau, đôi khi không nhận ra người nhà, liệu đây là lão hóa tự nhiên hay là chứng bệnh Alzheimer?	healthcare_consultant
Tôi bị dị ứng hải sản nặng, nếu chẳng may ăn nhầm thì thuốc xịt hen suyễn có giúp giảm khó thở tạm thời không?	healthcare_consultant
Tôi bị dị ứng hải sản nặng, nếu chẳng may ăn nhầm thì dược phẩm xịt hen suyễn có giúp giảm khó thở tạm thời không?	healthcare_consultant
Thưa bác sĩ, tôi bị viêm gan B mạn tính, virus đang hoạt động thì vợ tôi có nguy cơ lây nhiễm cao không?	healthcare_consultant
Alo, thưa bác, mình bị viêm gan B mạn tính, virus đang hoạt động thì vợ tôi có nguy cơ lây nhiễm cao không?	healthcare_consultant
Bé nhà tôi 4 tuổi cứ về đêm là ho sặc sụa, có đờm, nghe phổi có tiếng rít, cháu có bị hen phế quản không ạ?	healthcare_consultant
Bé nhà tớ 4 tuổi cứ về đêm là ho sặc sụa, có đờm, nghe phổi có tiếng rít, cháu có bị hen phế quản không ạ?	healthcare_consultant
Tôi bị mất ngủ kinh niên, dùng thuốc an thần này lâu dài có gây nghiện và teo não như người ta nói không?	healthcare_consultant
Tôi bị mất ngủ kinh niên, dùng dược phẩm an thần này lâu dài có gây nghiện và teo não như người ta nói không?	healthcare_consultant
Bác sĩ cho hỏi sỏi thận 7mm của tôi có áp dụng phương pháp tán sỏi ngoài cơ thể được không, hay phải mổ nội soi?	healthcare_consultant
BS xin hỏi sỏi thận 7mm của tôi có áp dụng phương pháp tán sỏi ngoài cơ thể được không, hay phải mổ nội soi?	healthcare_consultant
Tôi vừa nhận kết quả siêu âm tuyến giáp có nhân sơ, mức độ này là lành tính hay ác tính thưa bác sĩ?	healthcare_consultant
Tôi vừa nhận kết quả siêu âm tuyến giáp có nhân sơ, mức độ này là lành tính hay ác tính thưa bác?	healthcare_consultant
Chị điều dưỡng ơi, dịch truyền của tôi sắp hết rồi, chị thay chai mới giúp tôi với.	healthcare_consultant
Chị điều dưỡng ơi, dịch truyền của người nhà tôi sắp hết rồi, chị thay chai mới hỗ trợ mình với.	healthcare_consultant
Cô ơi, người nhà tôi vừa mổ xong đang kêu đau quá, cô có thể xin bác sĩ cho thêm một liều giảm đau được không?	healthcare_consultant
Cô ơi, người nhà người nhà tôi vừa mổ xong đang kêu nhức quá, cô có thể xin bác sĩ cho thêm một liều giảm đau được không?	healthcare_consultant
Chị ơi, ống thông tiểu của tôi bị nghẹt hay sao á, nãy giờ không thấy nước tiểu chảy ra, chị kiểm tra giúp tôi nhé.	healthcare_consultant
Chị ơi, ống thông tiểu của tớ bị nghẹt hay sao á, nãy giờ không thấy nước tiểu chảy ra, chị kiểm tra giúp mình nhé.	healthcare_consultant
Điều dưỡng cho tôi hỏi, sáng nay tôi có lịch đi chụp MRI thì bây giờ đã được ăn sáng chưa hay vẫn phải nhịn đói?	healthcare_consultant
Điều dưỡng cho người nhà tôi hỏi, sáng nay tôi có lịch đi chụp MRI thì bây giờ đã được ăn sáng chưa hay vẫn phải nhịn đói?	healthcare_consultant
Em ơi, đo huyết áp lại giúp anh với, tự nhiên anh thấy xây xẩm mặt mày chóng mặt quá.	healthcare_consultant
Em ơi, đo huyết áp lại giúp anh với, tự nhiên anh thấy xây xẩm mặt mày chóng mặt quá nhỉ?	healthcare_consultant
Chị ơi, bé nhà em vừa trớ hết sữa ra giường, chị cho em xin bộ ga trải giường mới để thay cho cháu nhé.	healthcare_consultant
Chị ơi, bé nhà cháu vừa trớ hết sữa ra giường, chị cho em xin bộ ga trải giường mới để thay cho cháu nhé.	healthcare_consultant
Y tá ơi, vết thương của tôi bị rỉ máu ướt hết băng gạc rồi, chị đến thay băng mới giúp tôi được không?	healthcare_consultant
Xin lỗi, y tá ơi, vết thương của mình bị rỉ máu ướt hết băng gạc rồi, chị đến thay băng mới giúp mình được không?	healthcare_consultant
Chị điều dưỡng hướng dẫn lại giúp tôi cách vỗ rung long đờm cho bé với, nãy bác sĩ dặn mà tôi làm bé cứ khóc.	healthcare_consultant
Chị điều dưỡng hướng dẫn lại giúp mình cách vỗ rung long đờm cho bé với, nãy bác dặn mà tôi làm bé cứ khóc.	healthcare_consultant
Cô ơi, nhiệt kế này kẹp bao nhiêu phút thì lấy ra được, nãy giờ tôi kẹp cho cháu được 5 phút rồi.	healthcare_consultant
Cô ơi, nhiệt kế này kẹp bao nhiêu phút thì lấy ra được, nãy giờ mình kẹp cho cháu được 5 phút rồi nhé.	healthcare_consultant
Chị ơi, thuốc tiêm này tiêm bắp hay tiêm tĩnh mạch vậy, tôi hơi sợ tiêm, có đau lắm không chị?	healthcare_consultant
Chị ơi, dược phẩm tiêm này tiêm bắp hay tiêm tĩnh mạch vậy, tôi hơi sợ tiêm, có buốt lắm không chị?	healthcare_consultant
Điều dưỡng ơi, bác sĩ bảo chiều nay tôi được xuất viện, vậy khi nào thì tôi được rút kim luồn ở tay ra?	healthcare_consultant
Điều dưỡng ơi, BS bảo chiều nay mình được xuất viện, vậy khi nào thì tôi được rút kim luồn ở tay ra nha.	healthcare_consultant
Cô y tá ơi, tôi muốn xin thêm một chăn mỏng nữa vì đêm nằm điều hòa trong phòng bệnh hơi lạnh.	healthcare_consultant
Cô y tá ơi, mình muốn xin thêm một chăn mỏng nữa vì đêm nằm điều hòa trong phòng chứng bệnh hơi lạnh.	healthcare_consultant
Em ơi, hướng dẫn chị cách sử dụng cái bô dẹt này cho người bệnh nằm liệt giường với, chị không biết luồn vào kiểu gì.	healthcare_consultant
Em ơi, hướng dẫn chị cách sử dụng cái bô dẹt này cho người chứng bệnh nằm liệt giường với, chị không biết luồn vào kiểu gì.	healthcare_consultant
Chị ơi, túi hậu môn nhân tạo của bố tôi bị đầy, chị có thể đến thay và hướng dẫn tôi cách làm để về nhà tự chăm không?	healthcare_consultant
Chị ơi, túi hậu môn nhân tạo của bố mình bị đầy, chị có thể đến thay và hướng dẫn tôi cách làm để về nhà tự chăm không?	healthcare_consultant
Điều dưỡng cho hỏi, người nhà tôi ăn cháo được chưa hay vẫn phải uống sữa sau khi mổ cắt dạ dày?	healthcare_consultant
Điều dưỡng cho em hỏi, người nhà mình ăn cháo được chưa hay vẫn phải uống sữa sau khi mổ cắt dạ dày?	healthcare_consultant
Chị ơi, máy monitor cứ kêu tít tít báo động đỏ, chị chạy lại xem giúp tôi tim mạch của cụ có sao không với!	healthcare_consultant
Phiền admin, chị ơi, máy monitor cứ kêu tít tít báo động đỏ, chị chạy lại xem giúp mình tim mạch của cụ có sao không với!	healthcare_consultant
Em y tá ơi, bôi thuốc mỡ này lên vết bỏng ngày mấy lần, bôi một lớp mỏng hay bôi dày?	healthcare_consultant
Em y tá ơi, bôi dược phẩm mỡ này lên vết bỏng ngày mấy lần, bôi một lớp mỏng hay bôi dày?	healthcare_consultant
Chị ơi, bệnh nhân giường số 5 nôn nhiều quá, chị mang giúp em cái khay chữ nhật và giấy lau đến với ạ.	healthcare_consultant
Chị ơi, chứng bệnh nhân giường số 5 nôn nhiều quá, chị mang giúp mình cái khay chữ nhật và giấy lau đến với ạ nhỉ?	healthcare_consultant
Cô điều dưỡng ơi, tiêm kích viêm gan B cho trẻ sơ sinh này cháu có bị sốt quấy khóc vào ban đêm không?	healthcare_consultant
Cô điều dưỡng ơi, tiêm kích viêm gan B cho trẻ nhỏ này cháu có bị sốt quấy khóc vào ban đêm không?	healthcare_consultant
Chị ơi, tôi đang dùng máy thở khí dung, thấy thuốc trong cốc hết rồi thì tôi tự tắt máy đi nhé?	healthcare_consultant
Chị ơi, mình đang dùng máy thở khí dung, thấy dược phẩm trong cốc hết rồi thì tôi tự tắt máy đi nhé ạ.	healthcare_consultant
Em ơi, cho chị hỏi thủ tục đăng ký khám thẻ bảo hiểm y tế ở quầy nào vậy, chị lần đầu tới đây.	healthcare_center_search
Em ơi, cho chị hỏi giấy tờ đăng ký kiểm tra sức khỏe thẻ bảo hiểm y tế ở quầy nào vậy, chị lần đầu tới đây.	healthcare_center_search
Chào bạn, tôi muốn nộp tiền tạm ứng viện phí cho người nhà nhập viện thì ra quầy thu ngân số mấy?	healthcare_center_search
Chào hệ thống, người nhà tôi muốn nộp tiền tạm ứng viện phí cho người nhà nhập viện thì ra quầy thu ngân số mấy?	healthcare_center_search
Bạn ơi, phòng khám Răng Hàm Mặt của bác sĩ Tuấn nằm ở tầng mấy, tôi đi thang máy bên nào thì gần?	healthcare_center_search
Bạn ơi, phòng kiểm tra Răng Hàm Mặt của bác Tuấn nằm ở tầng mấy, tôi đi thang máy bên nào thì gần?	healthcare_center_search
Chào em, anh muốn xin lại bản sao giấy chứng sinh cho bé nhà anh thì cần mang theo những giấy tờ gì?	healthcare_center_search
Chào mình, anh muốn xin lại bản sao giấy chứng sinh cho bé nhà anh thì cần mang theo những giấy tờ gì ạ.	healthcare_center_search
Lễ tân cho tôi hỏi, bệnh viện có cho thuê xe lăn không, mẹ tôi đau chân không tự đi bộ từ cổng vào được.	healthcare_center_search
Lễ tân cho tớ hỏi, chứng bệnh viện có cho thuê xe lăn không, mẹ tôi đau chân không tự đi bộ từ cổng vào được.	healthcare_center_search
Em ơi, giờ tôi muốn lấy kết quả xét nghiệm máu lúc sáng thì tới quầy nào để nhận mộc đỏ?	healthcare_center_search
Em ơi, giờ tớ muốn lấy kết quả xét nghiệm máu lúc sáng thì tới quầy nào để nhận mộc đỏ?	healthcare_center_search
Bạn cho hỏi, khám dịch vụ ngoài giờ thứ 7 và chủ nhật thì có được áp dụng trừ tiền bảo hiểm y tế không?	healthcare_center_search
Admin cho em hỏi, khám dịch vụ ngoài giờ thứ 7 và chủ nhật thì có được áp dụng trừ tiền bảo hiểm y tế không?	healthcare_center_search
Chào chị, tôi muốn đặt lịch khám tổng quát cho công ty khoảng 50 người thì liên hệ phòng ban nào để nhận báo giá?	healthcare_center_search
Chào chị, tôi muốn đặt lịch thăm khám tổng quát cho công ty khoảng 50 người thì gọi cho phòng ban nào để nhận báo giá?	healthcare_center_search
Lễ tân ơi, tôi muốn đổi bác sĩ khám khác có được không, nãy tôi bốc số bác sĩ nam nhưng tôi muốn bác sĩ nữ khám phụ khoa.	healthcare_center_search
Lễ tân ơi, tôi muốn đổi chuyên gia thăm khám khác có được không, nãy tôi bốc số bác sĩ nam nhưng tôi muốn bác sĩ nữ khám phụ khoa.	healthcare_center_search
Em ơi, thẻ ngân hàng của chị không có tính năng quẹt máy POS, ở đây có nhận chuyển khoản qua mã QR không?	healthcare_center_search
Cho mình hỏi xíu: em ơi, thẻ ngân hàng của chị không có tính năng quẹt máy POS, ở đây có nhận chuyển khoản qua mã QR không?	healthcare_center_search
Chào bạn, tôi để quên cái túi xách màu đen ở khu vực ghế chờ siêu âm, bên bộ phận tìm đồ thất lạc có ai nhặt được không?	healthcare_center_search
Chào admin, tớ để quên cái túi xách màu đen ở khu vực ghế chờ siêu âm, bên bộ phận tìm đồ thất lạc có ai nhặt được không?	healthcare_center_search
Bạn ơi, tôi bị mất sổ khám bệnh cũ, giờ tôi mua sổ mới thì lịch sử khám trên hệ thống máy tính có còn lưu không?	healthcare_center_search
Bạn ơi, tớ bị mất sổ khám tình trạng sức khỏe cũ, giờ tôi mua sổ mới thì lịch sử khám trên hệ thống máy tính có còn lưu không?	healthcare_center_search
Em cho anh hỏi, bệnh viện mình có khu vực căng tin bán đồ ăn trưa cho người nhà bệnh nhân không, nó nằm ở đâu?	healthcare_center_search
Em cho anh hỏi, tình trạng sức khỏe viện mình có khu vực căng tin bán đồ ăn trưa cho người nhà bệnh nhân không, nó nằm chỗ nào?	healthcare_center_search
Chào em, quy trình làm hồ sơ sinh mổ trọn gói thì đến tuần thứ bao nhiêu của thai kỳ thì chị lên đây làm là vừa?	healthcare_center_search
Chào mình, quy trình làm hồ sơ sinh mổ trọn gói thì đến tuần thứ bao nhiêu của thai kỳ thì chị lên đây làm là vừa?	healthcare_center_search
Lễ tân cho mình hỏi, chi phí tiêm một mũi vắc xin phế cầu cho trẻ em là bao nhiêu tiền, có cần đặt cọc trước không?	healthcare_center_search
Cho hỏi, lễ tân cho mình hỏi, viện phí tiêm một mũi vắc xin phế cầu cho trẻ cháu là bao nhiêu tiền, có cần đặt cọc trước không?	healthcare_center_search
Bạn ơi, thang máy khu B bị hỏng rồi, tôi muốn đẩy băng ca bệnh nhân lên tầng 3 thì phải đi lối nào thay thế?	healthcare_center_search
Bot ơi, thang máy khu B bị hỏng rồi, người nhà tôi muốn đẩy băng ca bệnh nhân lên tầng 3 thì phải đi lối nào thay thế?	healthcare_center_search
Em ơi, xin giấy nghỉ ốm hưởng BHXH (giấy chứng nhận nghỉ việc hưởng BHXH) thì xin ở phòng bác sĩ hay xin ở quầy lễ tân đóng dấu?	healthcare_center_search
Em ơi, xin giấy nghỉ ốm hưởng BHXH (giấy chứng nhận nghỉ việc hưởng BHXH) thì xin ở phòng BS hay xin ở quầy lễ tân đóng dấu với.	healthcare_center_search
Chào bạn, tôi đã đăng ký khám online qua app rồi, giờ tôi có cần in phiếu ra giấy không hay cứ cầm điện thoại lên thẳng phòng khám?	healthcare_center_search
Xin lỗi, chào ad, tôi đã đăng ký kiểm tra online qua app rồi, giờ tôi có cần in phiếu ra giấy không hay cứ cầm điện thoại lên thẳng phòng khám?	healthcare_center_search
Bạn ơi, người nhà tôi muốn vào thăm bệnh nhân ở phòng cấp cứu thì thời gian quy định là mấy giờ chiều?	healthcare_center_search
Ad ơi, người nhà tôi muốn vào thăm chứng bệnh nhân ở phòng cấp cứu thì thời gian quy định là mấy giờ chiều được không?	healthcare_center_search
Lễ tân cho hỏi, tôi muốn phản ánh về thái độ phục vụ của nhân viên giữ xe thì gặp ban giám đốc hoặc viết hòm thư góp ý ở đâu?	healthcare_center_search
Lễ tân nhờ chỉ giúp, tôi muốn phản ánh về thái độ phục vụ của nhân viên giữ xe thì gặp ban giám đốc hoặc viết hòm thư góp ý chỗ nào?	healthcare_center_search
Phụ nữ sau sinh nhà em bị đau nửa đầu bên trái co giật nhẹ, liệu có nguy hiểm không?	healthcare_consultant
Người bị rối loạn lo âu lan tỏa có kiêng thịt bò thịt chó không ạ?	healthcare_consultant
Dùng thực phẩm chức năng bổ gan lâu dài để trị phì đại tuyến tiền liệt có ảnh hưởng đến gan thận không?	healthcare_consultant
Tôi bị viêm nha chu, nghe nói dùng rau muống sắc uống thay nước lọc sẽ hết, có đúng không?	healthcare_consultant
Chỉ số đường huyết lúc đói của tôi là hơn 200, như vậy là cao hay thấp thưa chuyên gia?	healthcare_consultant
Chỉ số men gan AST/ALT của tôi là khoảng 7.2, như vậy là cao hay thấp thưa chuyên gia?	healthcare_consultant
Bác sĩ cho hỏi, sau khi nâng mũi cấu trúc sụn sườn thì bao lâu mới được chạy bộ mỗi sáng?	healthcare_consultant
Triệu chứng đau quặn vùng bụng dưới liên tục 1 tuần nay, có phải tôi bị phì đại tuyến tiền liệt rồi không?	healthcare_consultant
Triệu chứng chuột rút bắp chân ban đêm liên tục 1 tuần nay, có phải tôi bị thoát vị đĩa đệm rồi không?	healthcare_consultant
Tôi bị trào ngược dạ dày thực quản, nghe nói dùng rau muống sắc uống thay nước lọc sẽ hết, có đúng không?	healthcare_consultant
Triệu chứng ho khan có đờm đặc lẫn máu liên tục 1 tuần nay, có phải tôi bị viêm nha chu rồi không?	healthcare_consultant
Kết quả siêu âm báo tôi bị phì đại tuyến tiền liệt, phương pháp điều trị tốt nhất hiện nay là gì?	healthcare_consultant
Bác sĩ cho hỏi, sau khi tán sỏi thận qua da thì bao lâu mới được chạy bộ mỗi sáng?	healthcare_consultant
Người bị trầm cảm sau sinh có kiêng nước ngọt có gas không ạ?	healthcare_consultant
Triệu chứng tê bì các ngón tay liên tục 1 tuần nay, có phải tôi bị sốt xuất huyết Dengue rồi không?	healthcare_consultant
Dùng thuốc nam sắc uống lâu dài để trị sỏi mật có ảnh hưởng đến gan thận không?	healthcare_consultant
Tôi bị viêm loét dạ dày tá tràng, nghe nói dùng cà phê đậm sắc uống thay nước lọc sẽ hết, có đúng không?	healthcare_consultant
Dùng thuốc bôi ngoài da chứa steroid lâu dài để trị sốt xuất huyết Dengue có ảnh hưởng đến gan thận không?	healthcare_consultant
Tôi bị sỏi mật, nghe nói dùng nhân sâm sắc uống thay nước lọc sẽ hết, có đúng không?	healthcare_consultant
Mẹ bầu nhà em bị chuột rút bắp chân ban đêm tức ngực khó thở, liệu có nguy hiểm không?	healthcare_consultant
Triệu chứng ù tai chóng mặt liên tục 1 tuần nay, có phải tôi bị phì đại tuyến tiền liệt rồi không?	healthcare_consultant
Dùng thực phẩm chức năng bổ gan lâu dài để trị viêm loét dạ dày tá tràng có ảnh hưởng đến gan thận không?	healthcare_consultant
Bác sĩ ơi, dạo này tôi hay bị mất ngủ trắng đêm, nhất là vào lúc tập thể dục xong, uống thuốc gì cho khỏi?	healthcare_consultant
Kết quả siêu âm báo tôi bị sốt xuất huyết Dengue, phương pháp điều trị tốt nhất hiện nay là gì?	healthcare_consultant
Bác sĩ ơi, dạo này tôi hay bị đau nửa đầu bên trái, nhất là vào sau khi ăn no, uống thuốc gì cho khỏi?	healthcare_consultant
Tôi bị u nang buồng trứng, nghe nói dùng hải sản tôm cua sắc uống thay nước lọc sẽ hết, có đúng không?	healthcare_consultant
Triệu chứng rụng tóc từng mảng liên tục 1 tuần nay, có phải tôi bị sỏi mật rồi không?	healthcare_consultant
Dùng thực phẩm chức năng bổ gan lâu dài để trị rối loạn lo âu lan tỏa có ảnh hưởng đến gan thận không?	healthcare_consultant
Chỉ số chỉ số BMI của tôi là khoảng 7.2, như vậy là cao hay thấp thưa chuyên gia?	healthcare_consultant
Chỉ số độ lọc cầu thận của tôi là gần 300, như vậy là cao hay thấp thưa chuyên gia?	healthcare_consultant
Bác sĩ ơi, dạo này tôi hay bị đổ mồ hôi trộm liên tục, nhất là vào khi đi nắng về, uống thuốc gì cho khỏi?	healthcare_consultant
Chỉ số cholesterol toàn phần của tôi là khoảng 7.2, như vậy là cao hay thấp thưa chuyên gia?	healthcare_consultant
Triệu chứng nhịp tim đập nhanh liên tục 1 tuần nay, có phải tôi bị phì đại tuyến tiền liệt rồi không?	healthcare_consultant
Chỉ số nồng độ canxi trong máu của tôi là khoảng 7.2, như vậy là cao hay thấp thưa chuyên gia?	healthcare_consultant
Triệu chứng nhịp tim đập nhanh liên tục 1 tuần nay, có phải tôi bị viêm gan siêu vi C rồi không?	healthcare_consultant
Dùng thuốc bắc lâu dài để trị suy thận mạn có ảnh hưởng đến gan thận không?	healthcare_consultant
Triệu chứng đau quặn vùng bụng dưới liên tục 1 tuần nay, có phải tôi bị viêm đa khớp dạng thấp rồi không?	healthcare_consultant
Kết quả siêu âm báo tôi bị thoát vị đĩa đệm, phương pháp điều trị tốt nhất hiện nay là gì?	healthcare_consultant
Bác sĩ ơi, dạo này tôi hay bị rụng tóc từng mảng, nhất là vào mỗi buổi sáng thức dậy, uống thuốc gì cho khỏi?	healthcare_consultant
Bác sĩ ơi, dạo này tôi hay bị sốt cao 39 độ, nhất là vào sau khi ăn no, uống thuốc gì cho khỏi?	healthcare_consultant
Xin bác sĩ tư vấn, Phụ nữ sau sinh bị đau nhói gót chân khi thức dậy thì nên dùng thuốc chống viêm Corticoid hay đi khám ngay?	healthcare_consultant
Dùng thuốc dạ dày chữ Y lâu dài để trị rối loạn lo âu lan tỏa có ảnh hưởng đến gan thận không?	healthcare_consultant
Triệu chứng ho khan có đờm đặc lẫn máu liên tục 1 tuần nay, có phải tôi bị đột quỵ nhồi máu não rồi không?	healthcare_consultant
Bác sĩ ơi, dạo này tôi hay bị sốt cao 39 độ, nhất là vào mỗi buổi sáng thức dậy, uống thuốc gì cho khỏi?	healthcare_consultant
Tôi bị thoát vị đĩa đệm, nghe nói dùng nhân sâm sắc uống thay nước lọc sẽ hết, có đúng không?	healthcare_consultant
Bác sĩ ơi, dạo này tôi hay bị chói sáng mỏi mắt, nhất là vào sau khi ăn no, uống thuốc gì cho khỏi?	healthcare_consultant
Bác sĩ cho hỏi, sau khi cắt trĩ Longo thì bao lâu mới được mang vác vật nặng trên 10kg?	healthcare_consultant
Tôi bị trào ngược dạ dày thực quản, nghe nói dùng hải sản tôm cua sắc uống thay nước lọc sẽ hết, có đúng không?	healthcare_consultant
Triệu chứng chuột rút bắp chân ban đêm liên tục 1 tuần nay, có phải tôi bị đột quỵ nhồi máu não rồi không?	healthcare_consultant
Xin bác sĩ tư vấn, Nam giới trung niên bị tê bì các ngón tay thì nên dùng vitamin tổng hợp hay đi khám ngay?	healthcare_consultant
Kết quả siêu âm báo tôi bị viêm nha chu, phương pháp điều trị tốt nhất hiện nay là gì?	healthcare_consultant
Bác sĩ cho hỏi, sau khi mổ bướu cổ thì bao lâu mới được ngồi làm việc máy tính liên tục 8 tiếng?	healthcare_consultant
Kết quả siêu âm báo tôi bị thiếu máu cơ tim, phương pháp điều trị tốt nhất hiện nay là gì?	healthcare_consultant
Phụ nữ sau sinh nhà em bị ợ hơi ợ chua nóng rát phù nề chân, liệu có nguy hiểm không?	healthcare_consultant
Tôi bị thủy đậu, nghe nói dùng chuối tiêu sắc uống thay nước lọc sẽ hết, có đúng không?	healthcare_consultant
Triệu chứng ngứa ngáy toàn thân nổi mẩn đỏ liên tục 1 tuần nay, có phải tôi bị gút rồi không?	healthcare_consultant
Trẻ nhỏ mới đi học nhà em bị sốt cao 39 độ hoa mắt lảo đảo, liệu có nguy hiểm không?	healthcare_consultant
Kết quả siêu âm báo tôi bị viêm gan siêu vi C, phương pháp điều trị tốt nhất hiện nay là gì?	healthcare_consultant
Bác sĩ ơi, dạo này tôi hay bị chói sáng mỏi mắt, nhất là vào khi trời trở lạnh, uống thuốc gì cho khỏi?	healthcare_consultant
Bác sĩ cho hỏi, sau khi mổ bướu cổ thì bao lâu mới được mang vác vật nặng trên 10kg?	healthcare_consultant
Người bị phì đại tuyến tiền liệt có kiêng chuối tiêu không ạ?	healthcare_consultant
Triệu chứng ngứa ngáy toàn thân nổi mẩn đỏ liên tục 1 tuần nay, có phải tôi bị ung thư tuyến giáp rồi không?	healthcare_consultant
Xin bác sĩ tư vấn, Người già 70 tuổi bị mất ngủ trắng đêm thì nên dùng thuốc nam sắc uống hay đi khám ngay?	healthcare_consultant
Chỉ số đường huyết lúc đói của tôi là lên tới 400, như vậy là cao hay thấp thưa chuyên gia?	healthcare_consultant
Dùng thuốc nam sắc uống lâu dài để trị thiếu máu cơ tim có ảnh hưởng đến gan thận không?	healthcare_consultant
Bác sĩ cho hỏi, sau khi tán sỏi thận qua da thì bao lâu mới được mang vác vật nặng trên 10kg?	healthcare_consultant
Bác sĩ ơi, dạo này tôi hay bị nhịp tim đập nhanh, nhất là vào lúc nửa đêm, uống thuốc gì cho khỏi?	healthcare_consultant
Người bị thủy đậu có kiêng sữa tươi không đường không ạ?	healthcare_consultant
Triệu chứng nhịp tim đập nhanh liên tục 1 tuần nay, có phải tôi bị đột quỵ nhồi máu não rồi không?	healthcare_consultant
Bé nhà em 5 tuổi nhà em bị ho khan có đờm đặc lẫn máu tiêu chảy cấp, liệu có nguy hiểm không?	healthcare_consultant
Người bị phì đại tuyến tiền liệt có kiêng sữa tươi không đường không ạ?	healthcare_consultant
Phụ nữ sau sinh nhà em bị ù tai chóng mặt tức ngực khó thở, liệu có nguy hiểm không?	healthcare_consultant
Bác sĩ cho hỏi, sau khi bóc tách u xơ tử cung thì bao lâu mới được quan hệ vợ chồng?	healthcare_consultant
Dùng thuốc bắc lâu dài để trị viêm xoang mãn tính có ảnh hưởng đến gan thận không?	healthcare_consultant
Chỉ số độ lọc cầu thận của tôi là khoảng 7.2, như vậy là cao hay thấp thưa chuyên gia?	healthcare_consultant
Người bị viêm xoang mãn tính có kiêng lòng đỏ trứng gà không ạ?	healthcare_consultant
Triệu chứng mất ngủ trắng đêm liên tục 1 tuần nay, có phải tôi bị thoát vị đĩa đệm rồi không?	healthcare_consultant
Người bị gút có kiêng nước ngọt có gas không ạ?	healthcare_consultant
Xin bác sĩ tư vấn, Nam giới trung niên bị ợ hơi ợ chua nóng rát thì nên dùng thuốc bôi nhiệt miệng hay đi khám ngay?	healthcare_consultant
Nam giới trung niên nhà em bị mất ngủ trắng đêm tức ngực khó thở, liệu có nguy hiểm không?	healthcare_consultant
Dùng thuốc an thần lâu dài để trị viêm xoang mãn tính có ảnh hưởng đến gan thận không?	healthcare_consultant
Xin bác sĩ tư vấn, Phụ nữ tiền mãn kinh bị ù tai chóng mặt thì nên dùng thuốc bôi nhiệt miệng hay đi khám ngay?	healthcare_consultant
Xin bác sĩ tư vấn, Nam giới trung niên bị ngứa ngáy toàn thân nổi mẩn đỏ thì nên dùng thuốc giảm đau Ibuprofen hay đi khám ngay?	healthcare_consultant
Người bị đột quỵ nhồi máu não có kiêng thịt gà không ạ?	healthcare_consultant
Chỉ số nhịp tim của tôi là khoảng 10.5, như vậy là cao hay thấp thưa chuyên gia?	healthcare_consultant
Bé nhà em 5 tuổi nhà em bị ù tai chóng mặt phù nề chân, liệu có nguy hiểm không?	healthcare_consultant
Bác sĩ ơi, dạo này tôi hay bị ợ hơi ợ chua nóng rát, nhất là vào lúc nửa đêm, uống thuốc gì cho khỏi?	healthcare_consultant
Xin bác sĩ tư vấn, Người già 70 tuổi bị rụng tóc từng mảng thì nên dùng thuốc chống viêm Corticoid hay đi khám ngay?	healthcare_consultant
Bác sĩ ơi, dạo này tôi hay bị chuột rút bắp chân ban đêm, nhất là vào lúc nửa đêm, uống thuốc gì cho khỏi?	healthcare_consultant
Người bị sốt xuất huyết Dengue có kiêng nước dừa tươi không ạ?	healthcare_consultant
Người bị đái tháo đường thai kỳ có kiêng đồ nếp bánh chưng không ạ?	healthcare_consultant
Dùng thuốc bắc lâu dài để trị viêm nha chu có ảnh hưởng đến gan thận không?	healthcare_consultant
Chỉ số cholesterol toàn phần của tôi là lên tới 400, như vậy là cao hay thấp thưa chuyên gia?	healthcare_consultant
Tôi bị phì đại tuyến tiền liệt, nghe nói dùng măng tây sắc uống thay nước lọc sẽ hết, có đúng không?	healthcare_consultant
Người bị viêm đa khớp dạng thấp có kiêng đậu nành không ạ?	healthcare_consultant
Nam giới trung niên nhà em bị khó thở khi nằm cảm giác ớn lạnh, liệu có nguy hiểm không?	healthcare_consultant
Bác sĩ ơi, dạo này tôi hay bị đau nửa đầu bên trái, nhất là vào vào buổi chiều tối, uống thuốc gì cho khỏi?	healthcare_consultant
Kết quả siêu âm báo tôi bị thủy đậu, phương pháp điều trị tốt nhất hiện nay là gì?	healthcare_consultant
Bác sĩ cho hỏi, sau khi mổ tái tạo dây chằng chéo trước thì bao lâu mới được ăn đồ cứng?	healthcare_consultant
Bé nhà em 5 tuổi nhà em bị nhịp tim đập nhanh kèm theo buồn nôn, liệu có nguy hiểm không?	healthcare_consultant
Tôi bị viêm nha chu, nghe nói dùng thịt gà sắc uống thay nước lọc sẽ hết, có đúng không?	healthcare_consultant
Dùng kháng sinh liều cao lâu dài để trị viêm đa khớp dạng thấp có ảnh hưởng đến gan thận không?	healthcare_consultant
Tôi bị thủy đậu, nghe nói dùng sữa tươi không đường sắc uống thay nước lọc sẽ hết, có đúng không?	healthcare_consultant
Tôi bị trào ngược dạ dày thực quản, nghe nói dùng nhân sâm sắc uống thay nước lọc sẽ hết, có đúng không?	healthcare_consultant
Trẻ nhỏ mới đi học nhà em bị đau nửa đầu bên trái sốt nhẹ về chiều, liệu có nguy hiểm không?	healthcare_consultant
Triệu chứng tiểu buốt tiểu rắt liên tục 1 tuần nay, có phải tôi bị thoát vị đĩa đệm rồi không?	healthcare_consultant
Tôi bị thủy đậu, nghe nói dùng đồ chiên xào nhiều dầu mỡ sắc uống thay nước lọc sẽ hết, có đúng không?	healthcare_consultant
Dùng men tiêu hóa lâu dài để trị rối loạn lo âu lan tỏa có ảnh hưởng đến gan thận không?	healthcare_consultant
Người bị viêm đa khớp dạng thấp có kiêng đồ nếp bánh chưng không ạ?	healthcare_consultant
Triệu chứng rụng tóc từng mảng liên tục 1 tuần nay, có phải tôi bị thủy đậu rồi không?	healthcare_consultant
Trẻ nhỏ mới đi học nhà em bị mất ngủ trắng đêm sốt nhẹ về chiều, liệu có nguy hiểm không?	healthcare_consultant
Kết quả siêu âm báo tôi bị suy thận mạn, phương pháp điều trị tốt nhất hiện nay là gì?	healthcare_consultant
Dùng thuốc kháng histamin lâu dài để trị đột quỵ nhồi máu não có ảnh hưởng đến gan thận không?	healthcare_consultant
Triệu chứng chảy máu chân răng khi đánh răng liên tục 1 tuần nay, có phải tôi bị viêm loét dạ dày tá tràng rồi không?	healthcare_consultant
Triệu chứng ngứa ngáy toàn thân nổi mẩn đỏ liên tục 1 tuần nay, có phải tôi bị sốt xuất huyết Dengue rồi không?	healthcare_consultant
Thanh niên 20 tuổi nhà em bị rụng tóc từng mảng hoa mắt lảo đảo, liệu có nguy hiểm không?	healthcare_consultant
Kết quả siêu âm báo tôi bị sỏi mật, phương pháp điều trị tốt nhất hiện nay là gì?	healthcare_consultant
Kết quả siêu âm báo tôi bị ung thư tuyến giáp, phương pháp điều trị tốt nhất hiện nay là gì?	healthcare_consultant
Tôi bị viêm gan siêu vi C, nghe nói dùng đồ nếp bánh chưng sắc uống thay nước lọc sẽ hết, có đúng không?	healthcare_consultant
Người bị thiếu máu cơ tim có kiêng hải sản tôm cua không ạ?	healthcare_consultant
Người bị viêm đa khớp dạng thấp có kiêng nước ngọt có gas không ạ?	healthcare_consultant
Triệu chứng khó thở khi nằm liên tục 1 tuần nay, có phải tôi bị đái tháo đường thai kỳ rồi không?	healthcare_consultant
Bác sĩ ơi, dạo này tôi hay bị tê bì các ngón tay, nhất là vào vào buổi chiều tối, uống thuốc gì cho khỏi?	healthcare_consultant
Bác sĩ cho hỏi, sau khi cắt trĩ Longo thì bao lâu mới được ngồi làm việc máy tính liên tục 8 tiếng?	healthcare_consultant
Chỉ số men gan AST/ALT của tôi là khoảng 150, như vậy là cao hay thấp thưa chuyên gia?	healthcare_consultant
Người bị rối loạn lo âu lan tỏa có kiêng chuối tiêu không ạ?	healthcare_consultant
Triệu chứng ho khan có đờm đặc lẫn máu liên tục 1 tuần nay, có phải tôi bị rối loạn lo âu lan tỏa rồi không?	healthcare_consultant
Xin bác sĩ tư vấn, Mẹ bầu bị chuột rút bắp chân ban đêm thì nên dùng thuốc dạ dày chữ Y hay đi khám ngay?	healthcare_consultant
Bác sĩ cho hỏi, sau khi phẫu thuật lasik mắt thì bao lâu mới được ngồi làm việc máy tính liên tục 8 tiếng?	healthcare_consultant
Tôi bị đái tháo đường thai kỳ, nghe nói dùng hải sản tôm cua sắc uống thay nước lọc sẽ hết, có đúng không?	healthcare_consultant
Bác sĩ cho hỏi, sau khi mổ bướu cổ thì bao lâu mới được uống bia rượu?	healthcare_consultant
Dùng siro ho thảo dược lâu dài để trị viêm gan siêu vi C có ảnh hưởng đến gan thận không?	healthcare_consultant
Người bị ung thư tuyến giáp có kiêng thịt bò thịt chó không ạ?	healthcare_consultant
Dùng thực phẩm chức năng bổ gan lâu dài để trị sỏi mật có ảnh hưởng đến gan thận không?	healthcare_consultant
Bác sĩ cho hỏi, sau khi hút mỡ bụng thì bao lâu mới được quan hệ vợ chồng?	healthcare_consultant
Tôi bị thoát vị đĩa đệm, nghe nói dùng cà phê đậm sắc uống thay nước lọc sẽ hết, có đúng không?	healthcare_consultant
Tôi bị sốt xuất huyết Dengue, nghe nói dùng thịt bò thịt chó sắc uống thay nước lọc sẽ hết, có đúng không?	healthcare_consultant
Triệu chứng tiểu buốt tiểu rắt liên tục 1 tuần nay, có phải tôi bị ung thư tuyến giáp rồi không?	healthcare_consultant
Triệu chứng đổ mồ hôi trộm liên tục liên tục 1 tuần nay, có phải tôi bị rối loạn lo âu lan tỏa rồi không?	healthcare_consultant
Bác sĩ ơi, dạo này tôi hay bị khó thở khi nằm, nhất là vào khi trời trở lạnh, uống thuốc gì cho khỏi?	healthcare_consultant
Xin bác sĩ tư vấn, Phụ nữ sau sinh bị ợ hơi ợ chua nóng rát thì nên dùng thực phẩm chức năng bổ gan hay đi khám ngay?	healthcare_consultant
Phụ nữ tiền mãn kinh nhà em bị chuột rút bắp chân ban đêm cảm giác ớn lạnh, liệu có nguy hiểm không?	healthcare_consultant
Kết quả siêu âm báo tôi bị u nang buồng trứng, phương pháp điều trị tốt nhất hiện nay là gì?	healthcare_consultant
Triệu chứng mất ngủ trắng đêm liên tục 1 tuần nay, có phải tôi bị viêm gan siêu vi C rồi không?	healthcare_consultant
Kết quả siêu âm báo tôi bị rối loạn lo âu lan tỏa, phương pháp điều trị tốt nhất hiện nay là gì?	healthcare_consultant
Triệu chứng nhịp tim đập nhanh liên tục 1 tuần nay, có phải tôi bị rối loạn lo âu lan tỏa rồi không?	healthcare_consultant
Bác sĩ ơi, dạo này tôi hay bị mất ngủ trắng đêm, nhất là vào khi đi nắng về, uống thuốc gì cho khỏi?	healthcare_consultant
Chỉ số chỉ số BMI của tôi là khoảng 150, như vậy là cao hay thấp thưa chuyên gia?	healthcare_consultant
Dùng thuốc bôi nhiệt miệng lâu dài để trị gút có ảnh hưởng đến gan thận không?	healthcare_consultant
Tôi bị sốt xuất huyết Dengue, nghe nói dùng măng tây sắc uống thay nước lọc sẽ hết, có đúng không?	healthcare_consultant
Chỉ số acid uric của tôi là lên tới 400, như vậy là cao hay thấp thưa chuyên gia?	healthcare_consultant
Kết quả siêu âm báo tôi bị trầm cảm sau sinh, phương pháp điều trị tốt nhất hiện nay là gì?	healthcare_consultant
Bác sĩ ơi, dạo này tôi hay bị nhịp tim đập nhanh, nhất là vào khi trời trở lạnh, uống thuốc gì cho khỏi?	healthcare_consultant
Trẻ nhỏ mới đi học nhà em bị ù tai chóng mặt kèm theo buồn nôn, liệu có nguy hiểm không?	healthcare_consultant
Người bị gút có kiêng măng tây không ạ?	healthcare_consultant
Bác sĩ cho hỏi, sau khi hút mỡ bụng thì bao lâu mới được ăn đồ cứng?	healthcare_consultant
Bác sĩ ơi, dạo này tôi hay bị khó thở khi nằm, nhất là vào mỗi buổi sáng thức dậy, uống thuốc gì cho khỏi?	healthcare_consultant
Chỉ số cholesterol toàn phần của tôi là vượt ngưỡng 6.0, như vậy là cao hay thấp thưa chuyên gia?	healthcare_consultant
Bác sĩ cho hỏi, sau khi nội soi ruột thừa thì bao lâu mới được mang vác vật nặng trên 10kg?	healthcare_consultant
Người bị viêm xoang mãn tính có kiêng nước ngọt có gas không ạ?	healthcare_consultant
Triệu chứng rụng tóc từng mảng liên tục 1 tuần nay, có phải tôi bị sốt xuất huyết Dengue rồi không?	healthcare_consultant
Tôi bị sốt xuất huyết Dengue, nghe nói dùng cà phê đậm sắc uống thay nước lọc sẽ hết, có đúng không?	healthcare_consultant
Bác sĩ ơi, dạo này tôi hay bị sốt cao 39 độ, nhất là vào vào buổi chiều tối, uống thuốc gì cho khỏi?	healthcare_consultant
Xin bác sĩ tư vấn, Phụ nữ sau sinh bị sụt cân không rõ nguyên nhân thì nên dùng thuốc an thần hay đi khám ngay?	healthcare_consultant
Bác sĩ ơi, dạo này tôi hay bị ho khan có đờm đặc lẫn máu, nhất là vào khi trời trở lạnh, uống thuốc gì cho khỏi?	healthcare_consultant
Nam giới trung niên nhà em bị nhịp tim đập nhanh kèm theo buồn nôn, liệu có nguy hiểm không?	healthcare_consultant
Phụ nữ tiền mãn kinh nhà em bị ho khan có đờm đặc lẫn máu nổi mụn nước, liệu có nguy hiểm không?	healthcare_consultant
Cho mình hỏi đường đi từ quận 7 đến Bệnh viện Nhi Đồng Thành Phố đi tuyến xe buýt nào tiện nhất?	healthcare_center_search
Viện Bệnh viện Chợ Rẫy có nhận khám bảo hiểm y tế đối tượng huyện vào ngày cuối tuần không?	healthcare_center_search
Làm sao để lấy số thứ tự khám Thần kinh tại Bệnh viện Chợ Rẫy mà không phải xếp hàng chờ lâu?	healthcare_center_search
Bãi gửi xe của Bệnh viện K Tân Triều có chỗ đỗ ô tô qua đêm không, giá bao nhiêu?	healthcare_center_search
Khám sức khỏe đi làm công ty thì Bệnh viện Đa Khoa Tỉnh có cấp giấy chứng nhận song ngữ không?	healthcare_center_search
Thủ tục đăng ký phẫu thuật lasik mắt tại Bệnh viện Bạch Mai cần chuẩn bị những hồ sơ giấy tờ gì?	healthcare_center_search
Thủ tục đăng ký bóc tách u xơ tử cung tại Bệnh viện Đa Khoa Tỉnh cần chuẩn bị những hồ sơ giấy tờ gì?	healthcare_center_search
Khám sức khỏe đi làm công ty thì Trạm y tế phường có cấp giấy chứng nhận song ngữ không?	healthcare_center_search
Tôi cần tìm phòng khám chuyên khoa Nhãn khoa uy tín ở trung tâm thành phố, ai biết chỉ giúp với.	healthcare_center_search
Làm sao để lấy số thứ tự khám Hô hấp tại Bệnh viện Chấn Thương Chỉnh Hình mà không phải xếp hàng chờ lâu?	healthcare_center_search
Cho tôi hỏi giờ vào thăm bệnh nhân nội trú khoa Hô hấp ở Bệnh viện Chợ Rẫy là từ mấy giờ?	healthcare_center_search
Làm sao để lấy số thứ tự khám Nam khoa tại Bệnh viện Đa Khoa Tỉnh mà không phải xếp hàng chờ lâu?	healthcare_center_search
Số điện thoại cấp cứu của Bệnh viện Bạch Mai là số nào, có xe cứu thương đến đón tận nơi ở quốc lộ 1A không?	healthcare_center_search
Thủ tục đăng ký hút mỡ bụng tại Bệnh viện Y Học Cổ Truyền cần chuẩn bị những hồ sơ giấy tờ gì?	healthcare_center_search
Số điện thoại cấp cứu của Phòng khám Đa khoa Hoàn Mỹ là số nào, có xe cứu thương đến đón tận nơi ở ngã tư Hàng Xanh không?	healthcare_center_search
Khám sức khỏe đi làm công ty thì Bệnh viện Chợ Rẫy có cấp giấy chứng nhận song ngữ không?	healthcare_center_search
Tôi cần tìm phòng khám chuyên khoa Tai Mũi Họng uy tín ở quận Hoàn Kiếm, ai biết chỉ giúp với.	healthcare_center_search
Cho tôi hỏi giờ vào thăm bệnh nhân nội trú khoa Tiêu hóa gan mật ở Bệnh viện Chấn Thương Chỉnh Hình là từ mấy giờ?	healthcare_center_search
Khám sức khỏe đi làm công ty thì Bệnh viện Da Liễu Trung Ương có cấp giấy chứng nhận song ngữ không?	healthcare_center_search
Tôi cần tìm phòng khám chuyên khoa Tai Mũi Họng uy tín ở quận Hải Châu, ai biết chỉ giúp với.	healthcare_center_search
Cho tôi hỏi giờ vào thăm bệnh nhân nội trú khoa Thần kinh ở Bệnh viện Đa Khoa Tỉnh là từ mấy giờ?	healthcare_center_search
Tôi cần tìm phòng khám chuyên khoa Sản phụ khoa uy tín ở quận 7, ai biết chỉ giúp với.	healthcare_center_search
Bãi gửi xe của Bệnh viện Phụ Sản Hùng Vương có chỗ đỗ ô tô qua đêm không, giá bao nhiêu?	healthcare_center_search
Viện Bệnh viện Đa Khoa Tỉnh có nhận khám bảo hiểm y tế đối tượng quân đội vào ngày cuối tuần không?	healthcare_center_search
Tôi cần tìm phòng khám chuyên khoa Nha khoa thẩm mỹ uy tín ở huyện Bình Chánh, ai biết chỉ giúp với.	healthcare_center_search
Bãi gửi xe của Trạm y tế phường có chỗ đỗ ô tô qua đêm không, giá bao nhiêu?	healthcare_center_search
Thủ tục đăng ký hút mỡ bụng tại Bệnh viện Mắt Điện Biên Phủ cần chuẩn bị những hồ sơ giấy tờ gì?	healthcare_center_search
Cho tôi hỏi giờ vào thăm bệnh nhân nội trú khoa Tai Mũi Họng ở Bệnh viện 115 là từ mấy giờ?	healthcare_center_search
Cho tôi hỏi giờ vào thăm bệnh nhân nội trú khoa Tai Mũi Họng ở Bệnh viện K Tân Triều là từ mấy giờ?	healthcare_center_search
Bãi gửi xe của Bệnh viện Y Học Cổ Truyền có chỗ đỗ ô tô qua đêm không, giá bao nhiêu?	healthcare_center_search
Cho tôi hỏi giờ vào thăm bệnh nhân nội trú khoa Phục hồi chức năng ở Bệnh viện Phụ Sản Hùng Vương là từ mấy giờ?	healthcare_center_search
Cho mình hỏi đường đi từ quận 7 đến Phòng khám Đa khoa Hoàn Mỹ đi tuyến xe buýt nào tiện nhất?	healthcare_center_search
Thủ tục đăng ký nâng mũi cấu trúc sụn sườn tại Bệnh viện 115 cần chuẩn bị những hồ sơ giấy tờ gì?	healthcare_center_search
Cho mình hỏi đường đi từ quận Hoàn Kiếm đến Viện Tim Hà Nội đi tuyến xe buýt nào tiện nhất?	healthcare_center_search
Bệnh viện Bệnh viện Nhi Đồng Thành Phố nằm ở khu vực nào, có gần huyện Bình Chánh không?	healthcare_center_search
Bãi gửi xe của Bệnh viện Nhi Đồng Thành Phố có chỗ đỗ ô tô qua đêm không, giá bao nhiêu?	healthcare_center_search
Làm sao để lấy số thứ tự khám Phục hồi chức năng tại Trạm y tế phường mà không phải xếp hàng chờ lâu?	healthcare_center_search
Viện Bệnh viện Chợ Rẫy có nhận khám bảo hiểm y tế đối tượng đúng tuyến vào ngày cuối tuần không?	healthcare_center_search
Số điện thoại cấp cứu của Bệnh viện Đa Khoa Tỉnh là số nào, có xe cứu thương đến đón tận nơi ở quốc lộ 1A không?	healthcare_center_search
Số điện thoại cấp cứu của Bệnh viện Chợ Rẫy là số nào, có xe cứu thương đến đón tận nơi ở ga Sài Gòn không?	healthcare_center_search
Khám sức khỏe đi làm công ty thì Viện Tim Hà Nội có cấp giấy chứng nhận song ngữ không?	healthcare_center_search
Cho tôi hỏi giờ vào thăm bệnh nhân nội trú khoa Nhãn khoa ở Bệnh viện Chấn Thương Chỉnh Hình là từ mấy giờ?	healthcare_center_search
Bệnh viện Bệnh viện Chợ Rẫy nằm ở khu vực nào, có gần ngã tư Hàng Xanh không?	healthcare_center_search
Bệnh viện Bệnh viện Mắt Điện Biên Phủ nằm ở khu vực nào, có gần quận 7 không?	healthcare_center_search
Viện Bệnh viện Tâm Thần Trung Ương 1 có nhận khám bảo hiểm y tế đối tượng tự nguyện vào ngày cuối tuần không?	healthcare_center_search
Số điện thoại cấp cứu của Bệnh viện Bạch Mai là số nào, có xe cứu thương đến đón tận nơi ở quận 7 không?	healthcare_center_search
Thủ tục đăng ký mổ tái tạo dây chằng chéo trước tại Bệnh viện K Tân Triều cần chuẩn bị những hồ sơ giấy tờ gì?	healthcare_center_search
Cho tôi hỏi giờ vào thăm bệnh nhân nội trú khoa Tiêu hóa gan mật ở Bệnh viện Nhi Đồng Thành Phố là từ mấy giờ?	healthcare_center_search
Tôi cần tìm phòng khám chuyên khoa Nam khoa uy tín ở ga Sài Gòn, ai biết chỉ giúp với.	healthcare_center_search
Cho tôi hỏi giờ vào thăm bệnh nhân nội trú khoa Cơ xương khớp ở Trạm y tế phường là từ mấy giờ?	healthcare_center_search
Số điện thoại cấp cứu của Bệnh viện Mắt Điện Biên Phủ là số nào, có xe cứu thương đến đón tận nơi ở quốc lộ 1A không?	healthcare_center_search
Tôi cần tìm phòng khám chuyên khoa Sản phụ khoa uy tín ở quận Hải Châu, ai biết chỉ giúp với.	healthcare_center_search
Làm sao để lấy số thứ tự khám Tim mạch tại Viện Tim Hà Nội mà không phải xếp hàng chờ lâu?	healthcare_center_search
Bãi gửi xe của Phòng khám Đa khoa Hoàn Mỹ có chỗ đỗ ô tô qua đêm không, giá bao nhiêu?	healthcare_center_search
Số điện thoại cấp cứu của Bệnh viện K Tân Triều là số nào, có xe cứu thương đến đón tận nơi ở sân bay Tân Sơn Nhất không?	healthcare_center_search
Làm sao để lấy số thứ tự khám Da liễu thẩm mỹ tại Bệnh viện Nhi Đồng Thành Phố mà không phải xếp hàng chờ lâu?	healthcare_center_search
Làm sao để lấy số thứ tự khám Nhi khoa tại Bệnh viện Da Liễu Trung Ương mà không phải xếp hàng chờ lâu?	healthcare_center_search
Cho mình hỏi đường đi từ khu công nghiệp đến Viện Tim Hà Nội đi tuyến xe buýt nào tiện nhất?	healthcare_center_search
Tôi cần tìm phòng khám chuyên khoa Hô hấp uy tín ở huyện Bình Chánh, ai biết chỉ giúp với.	healthcare_center_search
Làm sao để lấy số thứ tự khám Da liễu thẩm mỹ tại Trạm y tế phường mà không phải xếp hàng chờ lâu?	healthcare_center_search
Viện Bệnh viện Da Liễu Trung Ương có nhận khám bảo hiểm y tế đối tượng huyện vào ngày cuối tuần không?	healthcare_center_search
Tôi cần tìm phòng khám chuyên khoa Nhãn khoa uy tín ở vòng xoay Lăng Cha Cả, ai biết chỉ giúp với.	healthcare_center_search
Cho tôi hỏi giờ vào thăm bệnh nhân nội trú khoa Nam khoa ở Bệnh viện Chợ Rẫy là từ mấy giờ?	healthcare_center_search
Bãi gửi xe của Bệnh viện Da Liễu Trung Ương có chỗ đỗ ô tô qua đêm không, giá bao nhiêu?	healthcare_center_search
Tôi cần tìm phòng khám chuyên khoa Phục hồi chức năng uy tín ở bến xe Miền Đông, ai biết chỉ giúp với.	healthcare_center_search
Viện Phòng khám Đa khoa Hoàn Mỹ có nhận khám bảo hiểm y tế đối tượng hưu trí vào ngày cuối tuần không?	healthcare_center_search
Bãi gửi xe của Bệnh viện Đa Khoa Tỉnh có chỗ đỗ ô tô qua đêm không, giá bao nhiêu?	healthcare_center_search
Khám sức khỏe đi làm công ty thì Bệnh viện Y Học Cổ Truyền có cấp giấy chứng nhận song ngữ không?	healthcare_center_search
Cho mình hỏi đường đi từ quận 7 đến Bệnh viện Chấn Thương Chỉnh Hình đi tuyến xe buýt nào tiện nhất?	healthcare_center_search
Làm sao để lấy số thứ tự khám Nam khoa tại Bệnh viện K Tân Triều mà không phải xếp hàng chờ lâu?	healthcare_center_search
Bệnh viện Bệnh viện 115 nằm ở khu vực nào, có gần quốc lộ 1A không?	healthcare_center_search
Khám sức khỏe đi làm công ty thì Bệnh viện 115 có cấp giấy chứng nhận song ngữ không?	healthcare_center_search
Số điện thoại cấp cứu của Viện Tim Hà Nội là số nào, có xe cứu thương đến đón tận nơi ở quốc lộ 1A không?	healthcare_center_search
Tôi cần tìm phòng khám chuyên khoa Nha khoa thẩm mỹ uy tín ở quận 7, ai biết chỉ giúp với.	healthcare_center_search
Cho mình hỏi đường đi từ bến xe Nước Ngầm đến Bệnh viện Chợ Rẫy đi tuyến xe buýt nào tiện nhất?	healthcare_center_search
Cho mình hỏi đường đi từ bến xe Nước Ngầm đến Bệnh viện Phụ Sản Hùng Vương đi tuyến xe buýt nào tiện nhất?	healthcare_center_search
Làm sao để lấy số thứ tự khám Thần kinh tại Bệnh viện Da Liễu Trung Ương mà không phải xếp hàng chờ lâu?	healthcare_center_search
Cho mình hỏi đường đi từ quận 7 đến Bệnh viện Da Liễu Trung Ương đi tuyến xe buýt nào tiện nhất?	healthcare_center_search
Cho mình hỏi đường đi từ vòng xoay Lăng Cha Cả đến Bệnh viện Đa Khoa Tỉnh đi tuyến xe buýt nào tiện nhất?	healthcare_center_search
Làm sao để lấy số thứ tự khám Nội tiết tại Trạm y tế phường mà không phải xếp hàng chờ lâu?	healthcare_center_search
Cho mình hỏi đường đi từ ga Sài Gòn đến Bệnh viện Mắt Điện Biên Phủ đi tuyến xe buýt nào tiện nhất?	healthcare_center_search
Khám sức khỏe đi làm công ty thì Bệnh viện Nhi Đồng Thành Phố có cấp giấy chứng nhận song ngữ không?	healthcare_center_search
Khám sức khỏe đi làm công ty thì Bệnh viện Mắt Điện Biên Phủ có cấp giấy chứng nhận song ngữ không?	healthcare_center_search
Cho mình hỏi đường đi từ quốc lộ 1A đến Bệnh viện Đa Khoa Tỉnh đi tuyến xe buýt nào tiện nhất?	healthcare_center_search
Cho tôi hỏi giờ vào thăm bệnh nhân nội trú khoa Tiêu hóa gan mật ở Bệnh viện Y Học Cổ Truyền là từ mấy giờ?	healthcare_center_search
Viện Bệnh viện Chợ Rẫy có nhận khám bảo hiểm y tế đối tượng quân đội vào ngày cuối tuần không?	healthcare_center_search
Cho mình hỏi đường đi từ quận Hoàn Kiếm đến Bệnh viện Y Học Cổ Truyền đi tuyến xe buýt nào tiện nhất?	healthcare_center_search
Cho mình hỏi đường đi từ quận 7 đến Bệnh viện Chợ Rẫy đi tuyến xe buýt nào tiện nhất?	healthcare_center_search
Cho mình hỏi đường đi từ trung tâm thành phố đến Bệnh viện K Tân Triều đi tuyến xe buýt nào tiện nhất?	healthcare_center_search
Làm sao để lấy số thứ tự khám Nam khoa tại Phòng khám Đa khoa Hoàn Mỹ mà không phải xếp hàng chờ lâu?	healthcare_center_search
Cho tôi hỏi giờ vào thăm bệnh nhân nội trú khoa Nha khoa thẩm mỹ ở Bệnh viện Chấn Thương Chỉnh Hình là từ mấy giờ?	healthcare_center_search
Làm sao để lấy số thứ tự khám Sản phụ khoa tại Bệnh viện Nhi Đồng Thành Phố mà không phải xếp hàng chờ lâu?	healthcare_center_search
Tôi cần tìm phòng khám chuyên khoa Thần kinh uy tín ở quốc lộ 1A, ai biết chỉ giúp với.	healthcare_center_search
Thủ tục đăng ký cắt trĩ Longo tại Viện Tim Hà Nội cần chuẩn bị những hồ sơ giấy tờ gì?	healthcare_center_search
Thủ tục đăng ký cắt túi mật nội soi tại Bệnh viện Bạch Mai cần chuẩn bị những hồ sơ giấy tờ gì?	healthcare_center_search
Cho mình hỏi đường đi từ huyện Bình Chánh đến Bệnh viện Chợ Rẫy đi tuyến xe buýt nào tiện nhất?	healthcare_center_search
Số điện thoại cấp cứu của Bệnh viện Y Học Cổ Truyền là số nào, có xe cứu thương đến đón tận nơi ở quận Hoàn Kiếm không?	healthcare_center_search
Viện Viện Tim Hà Nội có nhận khám bảo hiểm y tế đối tượng hưu trí vào ngày cuối tuần không?	healthcare_center_search
Cho mình hỏi đường đi từ quốc lộ 1A đến Bệnh viện Bạch Mai đi tuyến xe buýt nào tiện nhất?	healthcare_center_search
Bãi gửi xe của Viện Tim Hà Nội có chỗ đỗ ô tô qua đêm không, giá bao nhiêu?	healthcare_center_search
Tôi cần tìm phòng khám chuyên khoa Nha khoa thẩm mỹ uy tín ở trung tâm thành phố, ai biết chỉ giúp với.	healthcare_center_search
Khám sức khỏe đi làm công ty thì Bệnh viện Tâm Thần Trung Ương 1 có cấp giấy chứng nhận song ngữ không?	healthcare_center_search
Cho mình hỏi đường đi từ bến xe Miền Đông đến Trạm y tế phường đi tuyến xe buýt nào tiện nhất?	healthcare_center_search
Thủ tục đăng ký tán sỏi thận qua da tại Phòng khám Đa khoa Hoàn Mỹ cần chuẩn bị những hồ sơ giấy tờ gì?	healthcare_center_search
Bệnh viện Bệnh viện Da Liễu Trung Ương nằm ở khu vực nào, có gần quốc lộ 1A không?	healthcare_center_search
Thủ tục đăng ký nâng mũi cấu trúc sụn sườn tại Bệnh viện Chấn Thương Chỉnh Hình cần chuẩn bị những hồ sơ giấy tờ gì?	healthcare_center_search
Bãi gửi xe của Bệnh viện Chợ Rẫy có chỗ đỗ ô tô qua đêm không, giá bao nhiêu?	healthcare_center_search
Thủ tục đăng ký mổ bướu cổ tại Bệnh viện 115 cần chuẩn bị những hồ sơ giấy tờ gì?	healthcare_center_search
Cho tôi hỏi giờ vào thăm bệnh nhân nội trú khoa Thần kinh ở Bệnh viện K Tân Triều là từ mấy giờ?	healthcare_center_search
Bãi gửi xe của Bệnh viện Tâm Thần Trung Ương 1 có chỗ đỗ ô tô qua đêm không, giá bao nhiêu?	healthcare_center_search
Làm sao để lấy số thứ tự khám Nội tiết tại Bệnh viện Đa Khoa Tỉnh mà không phải xếp hàng chờ lâu?	healthcare_center_search
Viện Bệnh viện Phụ Sản Hùng Vương có nhận khám bảo hiểm y tế đối tượng tự nguyện vào ngày cuối tuần không?	healthcare_center_search
Thủ tục đăng ký hút mỡ bụng tại Bệnh viện Bạch Mai cần chuẩn bị những hồ sơ giấy tờ gì?	healthcare_center_search
Khám sức khỏe đi làm công ty thì Bệnh viện Chấn Thương Chỉnh Hình có cấp giấy chứng nhận song ngữ không?	healthcare_center_search
Thủ tục đăng ký mổ tái tạo dây chằng chéo trước tại Bệnh viện Bạch Mai cần chuẩn bị những hồ sơ giấy tờ gì?	healthcare_center_search
Khám sức khỏe đi làm công ty thì Bệnh viện Phụ Sản Hùng Vương có cấp giấy chứng nhận song ngữ không?	healthcare_center_search
Cho tôi hỏi giờ vào thăm bệnh nhân nội trú khoa Nhi khoa ở Bệnh viện Chợ Rẫy là từ mấy giờ?	healthcare_center_search
Cho mình hỏi đường đi từ vòng xoay Lăng Cha Cả đến Bệnh viện Y Học Cổ Truyền đi tuyến xe buýt nào tiện nhất?	healthcare_center_search
Cho mình hỏi đường đi từ trung tâm thành phố đến Bệnh viện Tâm Thần Trung Ương 1 đi tuyến xe buýt nào tiện nhất?	healthcare_center_search
Cho tôi hỏi giờ vào thăm bệnh nhân nội trú khoa Phục hồi chức năng ở Bệnh viện Y Học Cổ Truyền là từ mấy giờ?	healthcare_center_search
Số điện thoại cấp cứu của Bệnh viện Phụ Sản Hùng Vương là số nào, có xe cứu thương đến đón tận nơi ở bến xe Miền Đông không?	healthcare_center_search
Bệnh viện Trạm y tế phường nằm ở khu vực nào, có gần thành phố Thủ Đức không?	healthcare_center_search
Cho mình hỏi đường đi từ quốc lộ 1A đến Bệnh viện Chấn Thương Chỉnh Hình đi tuyến xe buýt nào tiện nhất?	healthcare_center_search
Làm sao để lấy số thứ tự khám Nhãn khoa tại Bệnh viện Bạch Mai mà không phải xếp hàng chờ lâu?	healthcare_center_search
Thủ tục đăng ký mổ bướu cổ tại Bệnh viện Y Học Cổ Truyền cần chuẩn bị những hồ sơ giấy tờ gì?	healthcare_center_search
Làm sao để lấy số thứ tự khám Ung bướu tại Bệnh viện Chấn Thương Chỉnh Hình mà không phải xếp hàng chờ lâu?	healthcare_center_search
Bệnh viện Bệnh viện Chấn Thương Chỉnh Hình nằm ở khu vực nào, có gần ga Sài Gòn không?	healthcare_center_search
Số điện thoại cấp cứu của Phòng khám Đa khoa Hoàn Mỹ là số nào, có xe cứu thương đến đón tận nơi ở huyện Bình Chánh không?	healthcare_center_search
Cho tôi hỏi giờ vào thăm bệnh nhân nội trú khoa Tim mạch ở Bệnh viện Bạch Mai là từ mấy giờ?	healthcare_center_search
Cho tôi hỏi giờ vào thăm bệnh nhân nội trú khoa Sản phụ khoa ở Bệnh viện 115 là từ mấy giờ?	healthcare_center_search
Thủ tục đăng ký phẫu thuật thoát vị bẹn tại Trạm y tế phường cần chuẩn bị những hồ sơ giấy tờ gì?	healthcare_center_search
Số điện thoại cấp cứu của Bệnh viện Phụ Sản Hùng Vương là số nào, có xe cứu thương đến đón tận nơi ở quận Cầu Giấy không?	healthcare_center_search
Thủ tục đăng ký phẫu thuật lasik mắt tại Bệnh viện Mắt Điện Biên Phủ cần chuẩn bị những hồ sơ giấy tờ gì?	healthcare_center_search
Cho tôi hỏi giờ vào thăm bệnh nhân nội trú khoa Nhi khoa ở Bệnh viện Tâm Thần Trung Ương 1 là từ mấy giờ?	healthcare_center_search
Làm sao để lấy số thứ tự khám Nội tiết tại Viện Tim Hà Nội mà không phải xếp hàng chờ lâu?	healthcare_center_search
Cho tôi hỏi giờ vào thăm bệnh nhân nội trú khoa Da liễu thẩm mỹ ở Bệnh viện K Tân Triều là từ mấy giờ?	healthcare_center_search
Số điện thoại cấp cứu của Bệnh viện Tâm Thần Trung Ương 1 là số nào, có xe cứu thương đến đón tận nơi ở sân bay Tân Sơn Nhất không?	healthcare_center_search
Làm sao để lấy số thứ tự khám Cơ xương khớp tại Bệnh viện Nhi Đồng Thành Phố mà không phải xếp hàng chờ lâu?	healthcare_center_search
Số điện thoại cấp cứu của Bệnh viện Đa Khoa Tỉnh là số nào, có xe cứu thương đến đón tận nơi ở bến xe Miền Đông không?	healthcare_center_search
Thủ tục đăng ký hút mỡ bụng tại Bệnh viện Phụ Sản Hùng Vương cần chuẩn bị những hồ sơ giấy tờ gì?	healthcare_center_search
Làm sao để lấy số thứ tự khám Tai Mũi Họng tại Bệnh viện Nhi Đồng Thành Phố mà không phải xếp hàng chờ lâu?	healthcare_center_search
Thủ tục đăng ký phẫu thuật thoát vị bẹn tại Bệnh viện K Tân Triều cần chuẩn bị những hồ sơ giấy tờ gì?	healthcare_center_search
Bệnh viện Bệnh viện Mắt Điện Biên Phủ nằm ở khu vực nào, có gần bến xe Nước Ngầm không?	healthcare_center_search
Thủ tục đăng ký tán sỏi thận qua da tại Bệnh viện Y Học Cổ Truyền cần chuẩn bị những hồ sơ giấy tờ gì?	healthcare_center_search
Tôi cần tìm phòng khám chuyên khoa Da liễu thẩm mỹ uy tín ở thành phố Thủ Đức, ai biết chỉ giúp với.	healthcare_center_search
Làm sao để lấy số thứ tự khám Nhãn khoa tại Bệnh viện Đa Khoa Tỉnh mà không phải xếp hàng chờ lâu?	healthcare_center_search
Cho mình hỏi đường đi từ bến xe Miền Đông đến Bệnh viện 115 đi tuyến xe buýt nào tiện nhất?	healthcare_center_search
Viện Bệnh viện Mắt Điện Biên Phủ có nhận khám bảo hiểm y tế đối tượng trái tuyến vào ngày cuối tuần không?	healthcare_center_search
Bệnh viện Bệnh viện Y Học Cổ Truyền nằm ở khu vực nào, có gần thành phố Thủ Đức không?	healthcare_center_search
Làm sao để lấy số thứ tự khám Cơ xương khớp tại Trạm y tế phường mà không phải xếp hàng chờ lâu?	healthcare_center_search
Làm sao để lấy số thứ tự khám Nha khoa thẩm mỹ tại Trạm y tế phường mà không phải xếp hàng chờ lâu?	healthcare_center_search
Thủ tục đăng ký tán sỏi thận qua da tại Viện Tim Hà Nội cần chuẩn bị những hồ sơ giấy tờ gì?	healthcare_center_search
Bệnh viện Bệnh viện Tâm Thần Trung Ương 1 nằm ở khu vực nào, có gần quận Hoàn Kiếm không?	healthcare_center_search
Viện Bệnh viện Chấn Thương Chỉnh Hình có nhận khám bảo hiểm y tế đối tượng tự nguyện vào ngày cuối tuần không?	healthcare_center_search
Tôi cần tìm phòng khám chuyên khoa Da liễu thẩm mỹ uy tín ở quận 7, ai biết chỉ giúp với.	healthcare_center_search
Làm sao để lấy số thứ tự khám Thần kinh tại Bệnh viện Mắt Điện Biên Phủ mà không phải xếp hàng chờ lâu?	healthcare_center_search
Số điện thoại cấp cứu của Trạm y tế phường là số nào, có xe cứu thương đến đón tận nơi ở sân bay Tân Sơn Nhất không?	healthcare_center_search
Làm sao để lấy số thứ tự khám Nội tiết tại Bệnh viện Mắt Điện Biên Phủ mà không phải xếp hàng chờ lâu?	healthcare_center_search
Tôi cần tìm phòng khám chuyên khoa Hô hấp uy tín ở trung tâm thành phố, ai biết chỉ giúp với.	healthcare_center_search
Làm sao để lấy số thứ tự khám Ung bướu tại Bệnh viện K Tân Triều mà không phải xếp hàng chờ lâu?	healthcare_center_search
Bệnh viện Bệnh viện 115 nằm ở khu vực nào, có gần bến xe Nước Ngầm không?	healthcare_center_search
Tôi cần tìm phòng khám chuyên khoa Nam khoa uy tín ở quận Hải Châu, ai biết chỉ giúp với.	healthcare_center_search
Thủ tục đăng ký mổ bướu cổ tại Phòng khám Đa khoa Hoàn Mỹ cần chuẩn bị những hồ sơ giấy tờ gì?	healthcare_center_search
Làm sao để lấy số thứ tự khám Tiêu hóa gan mật tại Viện Tim Hà Nội mà không phải xếp hàng chờ lâu?	healthcare_center_search
Số điện thoại cấp cứu của Bệnh viện Phụ Sản Hùng Vương là số nào, có xe cứu thương đến đón tận nơi ở khu công nghiệp không?	healthcare_center_search
Khám sức khỏe đi làm công ty thì Bệnh viện Bạch Mai có cấp giấy chứng nhận song ngữ không?	healthcare_center_search
Khám sức khỏe đi làm công ty thì Bệnh viện K Tân Triều có cấp giấy chứng nhận song ngữ không?	healthcare_center_search
Làm thế nào để thành thạo bơi lội để có thể ứng tuyển vị trí lập trình viên?	other
Trận chung kết World Cup giữa cỗ xe tăng Đức và đội tuyển Pháp đêm nay kênh nào trực tiếp bản quyền?	other
Làm sao để khắc phục triệt để lỗi không gõ được tiếng Việt có dấu trên tivi thông minh Samsung?	other
Review cuốn sách Tội ác và hình phạt của tác giả Ayn Rand, có thực sự đáng đọc không?	other
Cách nấu món cá kho tộ mặn ngọt chuẩn vị Sa Pa làm sao để không bị tanh hay ngấy?	other
Giải thích cho tôi về Hố giun trong lĩnh vực triết học hiện đại một cách đơn giản nhất dành cho người mới.	other
Giải thích cho tôi về Vật chất tối trong lĩnh vực xã hội học đô thị một cách đơn giản nhất dành cho người mới.	other
Tóm tắt sự kiện Chiến dịch Điện Biên Phủ và nguyên nhân dẫn đến nó.	other
Trận chung kết World Cup giữa Arsenal và Man Utd đêm nay kênh nào trực tiếp bản quyền?	other
Làm sao để khắc phục triệt để lỗi không bắt được sóng wifi trên tivi thông minh Samsung?	other
Trận trận tranh ngôi vương V-League giữa đội tuyển quốc gia Việt Nam và Bayern Munich đêm nay kênh nào trực tiếp bản quyền?	other
Cách nấu món hủ tiếu Nam Vang chuẩn vị Sài Gòn làm sao để không bị tanh hay ngấy?	other
Phân tích thị trường giá xăng dầu thời điểm hiện tại, có nên đầu tư lướt sóng không?	other
Kinh nghiệm du lịch tự túc khám phá Tây Bắc 3 ngày 2 đêm cần chuẩn bị khoảng bao nhiêu tiền?	other
Tóm tắt sự kiện Dịch cúm Tây Ban Nha và nguyên nhân dẫn đến nó.	other
Trận siêu kinh điển La Liga giữa Man Utd và đội tuyển Pháp đêm nay kênh nào trực tiếp bản quyền?	other
Trận trận derby Cúp FA giữa Man Utd và Barcelona đêm nay kênh nào trực tiếp bản quyền?	other
Dự báo thời tiết ở châu Âu tuần sau có bão hay mưa lớn không?	other
Kinh nghiệm du lịch tự túc khám phá miền Trung 3 ngày 2 đêm cần chuẩn bị khoảng bao nhiêu tiền?	other
Làm sao để khắc phục triệt để lỗi hao pin nhanh bất thường trên máy giặt lồng ngang LG?	other
Kinh nghiệm du lịch tự túc khám phá Sài Gòn 3 ngày 2 đêm cần chuẩn bị khoảng bao nhiêu tiền?	other
Cách nấu món bánh xèo tôm nhảy chuẩn vị Đà Lạt làm sao để không bị tanh hay ngấy?	other
Trận bán kết Sea Games giữa cỗ xe tăng Đức và cỗ xe tăng Đức đêm nay kênh nào trực tiếp bản quyền?	other
Kinh nghiệm du lịch tự túc khám phá Thái Lan 3 ngày 2 đêm cần chuẩn bị khoảng bao nhiêu tiền?	other
Làm thế nào để thành thạo bơi lội để có thể ứng tuyển vị trí hướng dẫn viên du lịch?	other
Cách nấu món hủ tiếu Nam Vang chuẩn vị châu Âu làm sao để không bị tanh hay ngấy?	other
Làm sao để khắc phục triệt để lỗi mic thoại bị rè trên tủ lạnh Toshiba?	other
Review cuốn sách Đắc nhân tâm của tác giả Paulo Coelho, có thực sự đáng đọc không?	other
Giải thích cho tôi về Lỗ đen vũ trụ siêu khối lượng trong lĩnh vực xã hội học đô thị một cách đơn giản nhất dành cho người mới.	other
Trận vòng bảng Euro giữa Bayern Munich và đội tuyển Pháp đêm nay kênh nào trực tiếp bản quyền?	other
Cách nấu món cá kho tộ mặn ngọt chuẩn vị Tây Bắc làm sao để không bị tanh hay ngấy?	other
Dự báo thời tiết ở Hà Nội tuần sau có bão hay mưa lớn không?	other
Trận vòng bảng Euro giữa nhà vô địch Argentina và Real Madrid đêm nay kênh nào trực tiếp bản quyền?	other
Cách nấu món bún riêu cua bắp bò chuẩn vị Sài Gòn làm sao để không bị tanh hay ngấy?	other
Review cuốn sách Trăm năm cô đơn của tác giả Dale Carnegie, có thực sự đáng đọc không?	other
Giải thích cho tôi về Hiệu ứng nhà kính toàn cầu trong lĩnh vực kinh tế vĩ mô toàn cầu một cách đơn giản nhất dành cho người mới.	other
Kinh nghiệm du lịch tự túc khám phá châu Âu 3 ngày 2 đêm cần chuẩn bị khoảng bao nhiêu tiền?	other
Giải thích cho tôi về Hạt Higgs trong lĩnh vực công nghệ thông tin phần mềm một cách đơn giản nhất dành cho người mới.	other
Phân tích thị trường vàng nhẫn 9999 thời điểm hiện tại, có nên đầu tư lướt sóng không?	other
Làm thế nào để thành thạo edit video để có thể ứng tuyển vị trí nhân viên marketing?	other
Kinh nghiệm du lịch tự túc khám phá Nhật Bản 3 ngày 2 đêm cần chuẩn bị khoảng bao nhiêu tiền?	other
Review cuốn sách Cây cam ngọt của tôi của tác giả Dostoevsky, có thực sự đáng đọc không?	other
Phân tích thị trường vàng SJC miếng thời điểm hiện tại, có nên đầu tư lướt sóng không?	other
Review cuốn sách Nhà lãnh đạo không chức danh của tác giả Gabriel Garcia Marquez, có thực sự đáng đọc không?	other
Review cuốn sách Nhà lãnh đạo không chức danh của tác giả Dale Carnegie, có thực sự đáng đọc không?	other
Nấu chè trôi nước thì phải chọn nguyên liệu thế nào hẵng cậu?	other
Omg bác sĩ ơi, tự nhiên em bị đau nửa đầu nhức bưng bưng, sắp toang đến nơi rồi, có phải sắp lên thớt kh?	healthcare_consultant
Khổ thân tui, cứ về đêm là ho sặc sụa bắt chuồn chuồn lun á, uống thuốc giảm đau đc ko bồ?	healthcare_consultant
Zì zậy trời, đang yên đang lành tự nhiên đau quặn dạ dày. Uống thuốc nam vô mlem mlem liền kh ạ?	healthcare_consultant
Cứu pé! Dạo này hay bị sốt miên man, đau mún xỉu ngang. Dùng thuốc kháng sinh có ổn áp kh bsi?	healthcare_consultant
Cho ngi nhà em hỏi, bị mỏi nhừ cơ khớp mún rớt nước mắt, có nên nốc vitamin C kh hay toang luôn rùi?	healthcare_consultant
Đỉnh chóp chưa, tự dưng sáng dậy chóng mặt lảo đảo. Bác sĩ bốc thuốc thuốc dạ dày chữ Y cho qua cơn bắt chuồn chuồn này zới!	healthcare_consultant
Bsi ơi, tui bị nổi mề đay khắp người dã man con ngan, mún nhập viện lun á. Uống thuốc bôi ngoài da có trụ đc kh?	healthcare_consultant
Ét ô ét! Bị tiểu rắt làm tui trầm cảm quá, mún uống siro ho mà sợ tác dụng phụ kh bsi?	healthcare_consultant
Zì zậy trời, kím phòng khám xương khớp ở quận Cầu Giấy mún trầm cảm lun. Ai bít chỗ nào xịn mlem chỉ tui vs!	healthcare_center_search
Cho hỏi Bệnh viện Bạch Mai có nhận khám bảo hiểm y tế kh, đi đường nào từ quận Cầu Giấy tiện nhất?	healthcare_center_search
Mng ơi, mún khám tim mạch ở Viện Tim thì nên book lịch trc kh, sợ lên thớt phải chờ lâu toang lắm.	healthcare_center_search
Khám nhi khoa ở quanh chợ Bến Thành chỗ nào đỉnh chóp nhất zạ anh em?	healthcare_center_search
Bồ nào bít đường từ ngã tư Thủ Đức tới Bệnh viện Da liễu nhanh nhất kh, chỉ ngi này zới, gấp quá rùi omg!	healthcare_center_search
Sáng mai tui định qua Bệnh viện Ung Bướu khám, chỗ đó chất lượng mlem mlem kh ạ?	healthcare_center_search
Cho hỏi chi phí khám ở Bệnh viện Phụ Sản có đắt kh mng, sợ viêm màng túi là toang nha.	healthcare_center_search
Bắt chuồn chuồn quá, tui mún đưa bạn tui đi Trung tâm y tế dự phòng gấp mà kh bít đường từ quốc lộ 1A, cứu zới!	healthcare_center_search
Trời ơi hóng drama mới đỉnh chóp lun, có bồ nào bít cặn kẽ kh tóm tắt tui zới!	other
Cách nấu phở bò sao cho ngon mlem mlem zạ mng, tui làm toàn bị fail toang quá.	other
Đang cày rank thì bị lỗi màn hình xanh, cay ngang, mún toang cái máy ln á zì zậy trời.	other
Đang cày rank thì bị rớt mạng wifi, cay ngang, mún toang cái máy ln á zì zậy trời.	other
Đang cày rank thì bị treo logo, cay ngang, mún toang cái máy ln á zì zậy trời.	other
Đang cày rank thì bị hao pin, cay ngang, mún toang cái máy ln á zì zậy trời.	other
Đang cày rank thì bị nóng máy, cay ngang, mún toang cái máy ln á zì zậy trời.	other
Đang cày rank thì bị hỏng bàn phím, cay ngang, mún toang cái máy ln á zì zậy trời.	other
Đang cày rank thì bị không nhận sạc, cay ngang, mún toang cái máy ln á zì zậy trời.	other
Đang cày rank thì bị đơ màn hình cảm ứng, cay ngang, mún toang cái máy ln á zì zậy trời.	other
Đang cày rank thì bị mất âm thanh, cay ngang, mún toang cái máy ln á zì zậy trời.	other
Ngi ta đồn dạo này giá vàng 9999 lên đỉnh chóp, có nên đu đỉnh kh 500 anh em?	other
Ngi ta đồn dạo này giá đô la lên đỉnh chóp, có nên đu đỉnh kh 500 anh em?	other
Ngi ta đồn dạo này giá cổ phiếu lên đỉnh chóp, có nên đu đỉnh kh 500 anh em?	other
Ngi ta đồn dạo này giá đất nền lên đỉnh chóp, có nên đu đỉnh kh 500 anh em?	other
Ngi ta đồn dạo này giá sổ tiết kiệm lên đỉnh chóp, có nên đu đỉnh kh 500 anh em?	other
Ngi ta đồn dạo này giá bitcoin lên đỉnh chóp, có nên đu đỉnh kh 500 anh em?	other
Ngi ta đồn dạo này giá trái phiếu lên đỉnh chóp, có nên đu đỉnh kh 500 anh em?	other
Giời hanh heo thế này tôi lại bị đau buốt chân răng. Thầy nó nhà tôi bảo phải uống trà gừng phỏng? Có đáng ngại lắm không hẵng?	healthcare_consultant
Giời hanh heo thế này tôi lại bị chảy máu cam. Thầy nó nhà tôi bảo phải uống nước sâm phỏng? Có đáng ngại lắm không hẵng?	healthcare_consultant
Giời hanh heo thế này tôi lại bị tức ngực khó thở. Thầy nó nhà tôi bảo phải uống thuốc an thần phỏng? Có đáng ngại lắm không hẵng?	healthcare_consultant
Giời hanh heo thế này tôi lại bị rụng tóc từng mảng. Thầy nó nhà tôi bảo phải uống thuốc hạ sốt phỏng? Có đáng ngại lắm không hẵng?	healthcare_consultant
Giời hanh heo thế này tôi lại bị ợ chua liên tục. Thầy nó nhà tôi bảo phải uống thuốc mỡ phỏng? Có đáng ngại lắm không hẵng?	healthcare_consultant
Tôi già cả rồi, dạo này lại sinh ra chứng ngứa rát cổ họng. Không biết dùng thuốc giảm đau có chữa dứt điểm được không giời?	healthcare_consultant
Tôi già cả rồi, dạo này lại sinh ra chứng ù tai. Không biết dùng thuốc kháng sinh có chữa dứt điểm được không giời?	healthcare_consultant
Tôi già cả rồi, dạo này lại sinh ra chứng sưng tấy ngón chân. Không biết dùng paracetamol có chữa dứt điểm được không giời?	healthcare_consultant
Tôi già cả rồi, dạo này lại sinh ra chứng hoa mắt chóng mặt. Không biết dùng thuốc nam có chữa dứt điểm được không giời?	healthcare_consultant
Tôi già cả rồi, dạo này lại sinh ra chứng lạnh toát chân tay. Không biết dùng thuốc bắc có chữa dứt điểm được không giời?	healthcare_consultant
Chả hiểu sao sáng dậy tôi cứ bị mất ngủ trắng đêm, khó chịu lắm. Liệu có phải bệnh nặng không bác sĩ hẵng trả lời tôi.	healthcare_consultant
Chả hiểu sao sáng dậy tôi cứ bị đau nửa đầu, khó chịu lắm. Liệu có phải bệnh nặng không bác sĩ hẵng trả lời tôi.	healthcare_consultant
Tôi uống vitamin C mấy ngày rồi mà cái chứng đau đầu nhức bưng bưng nó vẫn không dứt. Có nên đổi thuốc khác không phỏng bác sĩ?	healthcare_consultant
Tôi uống thuốc dạ dày chữ Y mấy ngày rồi mà cái chứng đau quặn dạ dày nó vẫn không dứt. Có nên đổi thuốc khác không phỏng bác sĩ?	healthcare_consultant
Bác sĩ mẫn cán tư vấn giúp tôi, người lớn tuổi bị ho sặc sụa thì xoa bóp bằng thuốc bôi ngoài da có đỡ không hẵng?	healthcare_consultant
Bác sĩ mẫn cán tư vấn giúp tôi, người lớn tuổi bị mỏi nhừ cơ khớp thì xoa bóp bằng siro ho có đỡ không hẵng?	healthcare_consultant
Giời ạ, cứ về đêm là cái lưng lại chóng mặt lảo đảo. Có loại nước sâm nào dùng tốt không nhé?	healthcare_consultant
Giời ạ, cứ về đêm là cái lưng lại nổi mề đay khắp người. Có loại trà gừng nào dùng tốt không nhé?	healthcare_consultant
Thầy nó cho tôi hỏi, từ bến xe Mỹ Đình mà muốn lên Bệnh viện K thì bắt tuyến xe nào nhỉ? Viện đó có mẫn cán chăm sóc người già không nhé?	healthcare_center_search
Thầy nó cho tôi hỏi, từ quận Hoàn Kiếm mà muốn lên Bệnh viện Mắt thì bắt tuyến xe nào nhỉ? Viện đó có mẫn cán chăm sóc người già không nhé?	healthcare_center_search
Cậu chỉ giúp tôi đường đến phòng khám tiêu hóa ở Bệnh viện Phụ Sản với. Đi từ ngã tư Thủ Đức thì mất bao lâu phỏng?	healthcare_center_search
Cậu chỉ giúp tôi đường đến phòng khám thần kinh ở Trung tâm y tế dự phòng với. Đi từ bến xe Miền Đông thì mất bao lâu phỏng?	healthcare_center_search
Tôi muốn hỏi Bệnh viện Da liễu có làm việc cuối tuần không nhé? Tôi định lên đó khám bệnh già.	healthcare_center_search
Tôi muốn hỏi Bệnh viện Ung Bướu có làm việc cuối tuần không nhé? Tôi định lên đó khám bệnh già.	healthcare_center_search
Ở quanh quận Gò Vấp có phòng khám nào uy tín không phỏng? Tôi già rồi đi xa ngại giời nắng nôi.	healthcare_center_search
Ở quanh quận Bình Chánh có phòng khám nào uy tín không phỏng? Tôi già rồi đi xa ngại giời nắng nôi.	healthcare_center_search
Cho tôi xin địa chỉ viện Bệnh viện Chấn thương Chỉnh hình hẵng. Người lớn tuổi khám BHYT ở đó thủ tục có rườm rà không nhé?	healthcare_center_search
Cho tôi xin địa chỉ viện Bệnh viện Đa Khoa Tỉnh hẵng. Người lớn tuổi khám BHYT ở đó thủ tục có rườm rà không nhé?	healthcare_center_search
Tôi muốn đăng ký khám ở Phòng khám tư thì có cần người nhà đi cùng không phỏng? Giời ạ, mắt kém tay run đi một mình cũng lo.	healthcare_center_search
Tôi muốn đăng ký khám ở Trạm y tế xã thì có cần người nhà đi cùng không phỏng? Giời ạ, mắt kém tay run đi một mình cũng lo.	healthcare_center_search
Cậu xem giúp tôi quanh đường Trần Hưng Đạo có bác sĩ nào giỏi chuyên môn mẫn cán với bệnh nhân không hẵng?	healthcare_center_search
Cậu xem giúp tôi quanh đường Nguyễn Trãi có bác sĩ nào giỏi chuyên môn mẫn cán với bệnh nhân không hẵng?	healthcare_center_search
Đi taxi từ cầu Sài Gòn đến Bệnh viện Chấn thương Chỉnh hình mất tầm bao nhiêu tiền phỏng cậu?	healthcare_center_search
Đi taxi từ vòng xoay Lăng Cha Cả đến Bệnh viện Đa Khoa Tỉnh mất tầm bao nhiêu tiền phỏng cậu?	healthcare_center_search
Tráng ấm chè mạn ngồi nói chuyện giời, cho tôi hỏi nấu bún riêu chuẩn vị Bắc thì phải nêm nếm thế nào hẵng?	other
Tráng ấm chè mạn ngồi nói chuyện giời, cho tôi hỏi nấu thịt kho tàu chuẩn vị Bắc thì phải nêm nếm thế nào hẵng?	other
Giời ạ, cái tivi nhà tôi lại lỗi màn hình xanh rồi. Ở đây có cậu thợ nào mẫn cán đến sửa giúp tôi được không nhé?	other
Giời ạ, cái điều hòa nhà tôi lại treo logo rồi. Ở đây có cậu thợ nào mẫn cán đến sửa giúp tôi được không nhé?	other
Ông bạn già khuyên tôi mua vàng 9999 để dành. Theo cậu thì thời điểm này có hợp lý không phỏng?	other
Ông bạn già khuyên tôi mua đô la để dành. Theo cậu thì thời điểm này có hợp lý không phỏng?	other
Tôi muốn học cách nấu canh mướp cho bữa cỗ gia đình. Nêm gia vị thế nào cho thanh đạm hẵng?	other
Tôi muốn học cách nấu bún chả cho bữa cỗ gia đình. Nêm gia vị thế nào cho thanh đạm hẵng?	other
Có cậu nào biết sửa lỗi hao pin của máy tính không? Tôi loay hoay cả buổi sáng mà giời ạ bực cả mình.	other
Có cậu nào biết sửa lỗi nóng máy của điện thoại không? Tôi loay hoay cả buổi sáng mà giời ạ bực cả mình.	other
Giá cổ phiếu hôm nay thế nào rồi phỏng? Thầy nó nhà tôi đang muốn bán ra.	other
Giá vàng 9999 hôm nay thế nào rồi phỏng? Thầy nó nhà tôi đang muốn bán ra.	other
Tôi đang đọc dở quyển sách, mà chữ nhỏ quá giời ạ. Có chỗ nào bán kính lão tốt không nhé?	other
Nấu bánh xèo thì phải chọn nguyên liệu thế nào hẵng cậu?	other
Nấu bánh mì thịt thì phải chọn nguyên liệu thế nào hẵng cậu?	other
Bác sĩ ơi, tui bị đau buốt chân răng kinh niên, mún xỉu ngang. Dùng thuốc hạ sốt có ổn áp kh bsi?	healthcare_consultant
Trời đất ơi, cứ hễ 1h là tui bị chảy máu cam, sợ toang quá. Uống thuốc nam có đỡ kh bác?	healthcare_consultant
Omg, tui bị tức ngực khó thở, nhịp tim đập nhanh như đánh trống, có phải sắp lên thớt kh bsi?	healthcare_consultant
Bsi ơi, tui bị rụng tóc từng mảng, mún trầm cảm lun. Uống vitamin C có cải thiện đc chút nào kh ạ?	healthcare_consultant
Tui bị ợ chua liên tục, khó chịu vãi, uống thuốc dạ dày chữ Y có êm kh bác sĩ?	healthcare_consultant
Bác sĩ ơi, cái họng tui bị ngứa rát cổ họng kinh khủng, nốc siro ho có ăn thua kh?	healthcare_consultant
Khổ thân tui, sáng dậy thấy ù tai, chóng mặt lảo đảo. Uống nước sâm có đỡ kh bồ?	healthcare_consultant
Zì zậy trời, chân tui bị sưng tấy ngón chân, đi lại kh nổi, uống thuốc bắc có giảm đau kh bác?	healthcare_consultant
Bác sĩ ơi, tui bị hoa mắt chóng mặt thường xuyên, sợ bị toang quá. Có bài thuốc bôi ngoài da nào kh ạ?	healthcare_consultant
Ét ô ét, tui bị lạnh toát chân tay giữa mùa hè, kỳ ghê. Có nên dùng trà gừng kh bsi?	healthcare_consultant
Cứu pé với, tui bị mất ngủ trắng đêm, mắt thâm như gấu trúc. Uống thuốc an thần có trụ nổi kh bồ?	healthcare_consultant
Đỉnh chóp chưa, tự dưng đau nửa đầu nhức bưng bưng, chắc do stress quá. Uống thuốc hạ sốt có ổn kh bsi?	healthcare_consultant
Cho hỏi Bệnh viện Da liễu có khám ngoài giờ kh, đi từ quận Gò Vấp ra đó xa kh nhỉ?	healthcare_center_search
Mng ơi, kím phòng khám hô hấp ở quận Hoàn Kiếm mún trầm cảm lun. Ai bít chỗ nào xịn mlem chỉ tui vs!	healthcare_center_search
Bồ nào bít đường từ chợ Bến Thành tới Bệnh viện Mắt nhanh nhất kh, chỉ ngi này zới, gấp quá rùi omg!	healthcare_center_search
Sáng mai tui định qua Bệnh viện Phụ Sản khám, chỗ đó chất lượng mlem mlem kh ạ?	healthcare_center_search
Cho hỏi chi phí khám ở Trung tâm y tế dự phòng có đắt kh mng, sợ viêm màng túi là toang nha.	healthcare_center_search
Bắt chuồn chuồn quá, tui mún đưa bạn tui đi Bệnh viện Chấn thương Chỉnh hình gấp mà kh bít đường từ khu công nghiệp, cứu zới!	healthcare_center_search
Mng ơi, mún khám cơ xương khớp ở BV Chợ Rẫy thì nên book lịch trc kh, sợ lên thớt phải chờ lâu toang lắm.	healthcare_center_search
Khám hô hấp ở quanh quốc lộ 1A chỗ nào đỉnh chóp nhất zạ anh em?	healthcare_center_search
Cho hỏi Bệnh viện Nhi Đồng có nhận khám bảo hiểm y tế kh, đi đường nào từ quận Bình Chánh tiện nhất?	healthcare_center_search
Bồ nào bít đường từ quận 7 tới Viện Tim nhanh nhất kh, chỉ ngi này zới, gấp quá rùi omg!	healthcare_center_search
Sáng mai tui định qua Bệnh viện K khám, chỗ đó chất lượng mlem mlem kh ạ?	healthcare_center_search
Cho hỏi chi phí khám ở Bệnh viện Y Học Cổ Truyền có đắt kh mng, sợ viêm màng túi là toang nha.	healthcare_center_search
Trời ơi hóng tin thị trường vàng 9999 đỉnh chóp lun, có bồ nào bít cặn kẽ kh tóm tắt tui zới!	other
Cách nấu bún riêu sao cho ngon mlem mlem zạ mng, tui làm toàn bị fail toang quá.	other
Đang cày rank thì bị lỗi màn hình xanh, cay ngang, mún toang cái máy ln á zì zậy trời.	other
Đang cày rank thì bị rớt mạng wifi, cay ngang, mún toang cái máy ln á zì zậy trời.	other
Đang cày rank thì bị treo logo, cay ngang, mún toang cái máy ln á zì zậy trời.	other
Đang cày rank thì bị hao pin, cay ngang, mún toang cái máy ln á zì zậy trời.	other
Đang cày rank thì bị nóng máy, cay ngang, mún toang cái máy ln á zì zậy trời.	other
Ngi ta đồn dạo này giá đô la lên đỉnh chóp, có nên đu đỉnh kh 500 anh em?	other
Ngi ta đồn dạo này giá cổ phiếu lên đỉnh chóp, có nên đu đỉnh kh 500 anh em?	other
Ngi ta đồn dạo này giá đất nền lên đỉnh chóp, có nên đu đỉnh kh 500 anh em?	other
Ngi ta đồn dạo này giá sổ tiết kiệm lên đỉnh chóp, có nên đu đỉnh kh 500 anh em?	other
Ngi ta đồn dạo này giá bitcoin lên đỉnh chóp, có nên đu đỉnh kh 500 anh em?	other
Cách nấu thịt kho tàu sao cho ngon mlem mlem zạ mng, tui làm toàn bị fail toang quá.	other
Cách nấu canh chua cá lóc sao cho ngon mlem mlem zạ mng, tui làm toàn bị fail toang quá.	other
Cách nấu bún chả sao cho ngon mlem mlem zạ mng, tui làm toàn bị fail toang quá.	other
Cách nấu nem rán sao cho ngon mlem mlem zạ mng, tui làm toàn bị fail toang quá.	other
Giời hanh heo thế này tôi lại bị đau nửa đầu nhức bưng bưng. Thầy nó nhà tôi bảo phải uống thuốc nam phỏng? Có đáng ngại lắm không hẵng?	healthcare_consultant
Giời hanh heo thế này tôi lại bị đau quặn dạ dày. Thầy nó nhà tôi bảo phải uống thuốc bắc phỏng? Có đáng ngại lắm không hẵng?	healthcare_consultant
Giời hanh heo thế này tôi lại bị sốt miên man. Thầy nó nhà tôi bảo phải uống vitamin C phỏng? Có đáng ngại lắm không hẵng?	healthcare_consultant
Giời hanh heo thế này tôi lại bị ho sặc sụa. Thầy nó nhà tôi bảo phải uống thuốc dạ dày chữ Y phỏng? Có đáng ngại lắm không hẵng?	healthcare_consultant
Giời hanh heo thế này tôi lại bị mỏi nhừ cơ khớp. Thầy nó nhà tôi bảo phải uống thuốc bôi ngoài da phỏng? Có đáng ngại lắm không hẵng?	healthcare_consultant
Tôi già cả rồi, dạo này lại sinh ra chứng chóng mặt lảo đảo. Không biết dùng thuốc giảm đau có chữa dứt điểm được không giời?	healthcare_consultant
Tôi già cả rồi, dạo này lại sinh ra chứng nổi mề đay khắp người. Không biết dùng thuốc kháng sinh có chữa dứt điểm được không giời?	healthcare_consultant
Tôi già cả rồi, dạo này lại sinh ra chứng tiểu rắt. Không biết dùng paracetamol có chữa dứt điểm được không giời?	healthcare_consultant
Tôi già cả rồi, dạo này lại sinh ra chứng đau buốt chân răng. Không biết dùng thuốc nam có chữa dứt điểm được không giời?	healthcare_consultant
Tôi già cả rồi, dạo này lại sinh ra chứng chảy máu cam. Không biết dùng thuốc bắc có chữa dứt điểm được không giời?	healthcare_consultant
Chả hiểu sao sáng dậy tôi cứ bị tức ngực khó thở, khó chịu lắm. Liệu có phải bệnh nặng không bác sĩ hẵng trả lời tôi.	healthcare_consultant
Chả hiểu sao sáng dậy tôi cứ bị rụng tóc từng mảng, khó chịu lắm. Liệu có phải bệnh nặng không bác sĩ hẵng trả lời tôi.	healthcare_consultant
Tôi uống thuốc mỡ mấy ngày rồi mà cái chứng ợ chua liên tục nó vẫn không dứt. Có nên đổi thuốc khác không phỏng bác sĩ?	healthcare_consultant
Tôi uống thuốc an thần mấy ngày rồi mà cái chứng ngứa rát cổ họng nó vẫn không dứt. Có nên đổi thuốc khác không phỏng bác sĩ?	healthcare_consultant
Bác sĩ mẫn cán tư vấn giúp tôi, người lớn tuổi bị ù tai thì xoa bóp bằng thảo dược có đỡ không hẵng?	healthcare_consultant
Bác sĩ mẫn cán tư vấn giúp tôi, người lớn tuổi bị sưng tấy ngón chân thì xoa bóp bằng siro ho có đỡ không hẵng?	healthcare_consultant
Giời ạ, cứ về đêm là cái lưng lại hoa mắt chóng mặt. Có loại nước sâm nào dùng tốt không nhé?	healthcare_consultant
Giời ạ, cứ về đêm là cái lưng lại lạnh toát chân tay. Có loại trà gừng nào dùng tốt không nhé?	healthcare_consultant
Thầy nó cho tôi hỏi, từ đường Trần Hưng Đạo mà muốn lên Bệnh viện 108 thì bắt tuyến xe nào nhỉ? Viện đó có mẫn cán chăm sóc người già không nhé?	healthcare_center_search
Thầy nó cho tôi hỏi, từ đường Nguyễn Trãi mà muốn lên Bệnh viện Bạch Mai thì bắt tuyến xe nào nhỉ? Viện đó có mẫn cán chăm sóc người già không nhé?	healthcare_center_search
Cậu chỉ giúp tôi đường đến phòng khám tim mạch ở Bệnh viện Mắt với. Đi từ cầu Sài Gòn thì mất bao lâu phỏng?	healthcare_center_search
Cậu chỉ giúp tôi đường đến phòng khám phụ sản ở Bệnh viện Phụ Sản với. Đi từ vòng xoay Lăng Cha Cả thì mất bao lâu phỏng?	healthcare_center_search
Tôi muốn hỏi Bệnh viện Chấn thương Chỉnh hình có làm việc cuối tuần không nhé? Tôi định lên đó khám bệnh già.	healthcare_center_search
Tôi muốn hỏi Bệnh viện Đa Khoa Tỉnh có làm việc cuối tuần không nhé? Tôi định lên đó khám bệnh già.	healthcare_center_search
Ở quanh huyện Bình Chánh có phòng khám nào uy tín không phỏng? Tôi già rồi đi xa ngại giời nắng nôi.	healthcare_center_search
Cho tôi xin địa chỉ viện Bệnh viện Da liễu hẵng. Người lớn tuổi khám BHYT ở đó thủ tục có rườm rà không nhé?	healthcare_center_search
Cho tôi xin địa chỉ viện BV Nhi Đồng hẵng. Người lớn tuổi khám BHYT ở đó thủ tục có rườm rà không nhé?	healthcare_center_search
Tôi muốn đăng ký khám ở Bệnh viện Chợ Rẫy thì có cần người nhà đi cùng không phỏng? Giời ạ, mắt kém tay run đi một mình cũng lo.	healthcare_center_search
Tôi muốn đăng ký khám ở Bệnh viện K thì có cần người nhà đi cùng không phỏng? Giời ạ, mắt kém tay run đi một mình cũng lo.	healthcare_center_search
Cậu xem giúp tôi quanh đường Nguyễn Trãi có bác sĩ nào giỏi chuyên môn mẫn cán với bệnh nhân không hẵng?	healthcare_center_search
Cậu xem giúp tôi quanh đường Trần Hưng Đạo có bác sĩ nào giỏi chuyên môn mẫn cán với bệnh nhân không hẵng?	healthcare_center_search
Đi taxi từ vòng xoay Lăng Cha Cả đến Bệnh viện Chấn thương Chỉnh hình mất tầm bao nhiêu tiền phỏng cậu?	healthcare_center_search
Đi taxi từ cầu Sài Gòn đến Bệnh viện Đa Khoa Tỉnh mất tầm bao nhiêu tiền phỏng cậu?	healthcare_center_search
Tráng ấm chè mạn ngồi nói chuyện giời, cho tôi hỏi nấu bánh xèo chuẩn vị Bắc thì phải nêm nếm thế nào hẵng?	other
Tráng ấm chè mạn ngồi nói chuyện giời, cho tôi hỏi nấu chè trôi nước chuẩn vị Bắc thì phải nêm nếm thế nào hẵng?	other
Giời ạ, cái điều hòa nhà tôi lại lỗi màn hình xanh rồi. Ở đây có cậu thợ nào mẫn cán đến sửa giúp tôi được không nhé?	other
Giời ạ, cái tủ lạnh nhà tôi lại rớt mạng wifi rồi. Ở đây có cậu thợ nào mẫn cán đến sửa giúp tôi được không nhé?	other
Ông bạn già khuyên tôi mua cổ phiếu để dành. Theo cậu thì thời điểm này có hợp lý không phỏng?	other
Ông bạn già khuyên tôi mua đất nền để dành. Theo cậu thì thời điểm này có hợp lý không phỏng?	other
Tôi muốn học cách nấu bún bò Huế cho bữa cỗ gia đình. Nêm gia vị thế nào cho thanh đạm hẵng?	other
Tôi muốn học cách nấu mì Quảng cho bữa cỗ gia đình. Nêm gia vị thế nào cho thanh đạm hẵng?	other
Có cậu nào biết sửa lỗi treo logo của máy tính không? Tôi loay hoay cả buổi sáng mà giời ạ bực cả mình.	other
Có cậu nào biết sửa lỗi hao pin của điện thoại không? Tôi loay hoay cả buổi sáng mà giời ạ bực cả mình.	other
Giá cổ phiếu VIC hôm nay thế nào rồi phỏng? Thầy nó nhà tôi đang muốn bán ra.	other
Giá vàng 9999 hôm nay thế nào rồi phỏng? Thầy nó nhà tôi đang muốn bán ra.	other
Tôi đang đọc dở quyển sách, mà chữ nhỏ quá giời ạ. Có chỗ nào bán kính lão tốt không nhé?	other
Nấu gỏi cuốn thì phải chọn nguyên liệu thế nào hẵng cậu?	other
Nấu bún chả cá thì phải chọn nguyên liệu thế nào hẵng cậu?	other
Bác sĩ ơi, tui bị đau buốt chân răng kinh niên, mún xỉu ngang. Dùng thuốc hạ sốt có ổn áp kh bsi?	healthcare_consultant
Trời đất ơi, cứ hễ mỗi buổi sáng thức dậy là tui bị chảy máu cam, sợ toang quá. Uống thuốc nam có đỡ kh bác?	healthcare_consultant
Omg, tui bị tức ngực khó thở, nhịp tim đập nhanh như đánh trống, có phải sắp lên thớt kh bsi?	healthcare_consultant
Bsi ơi, tui bị rụng tóc từng mảng, mún trầm cảm lun. Uống vitamin C có cải thiện đc chút nào kh ạ?	healthcare_consultant
Tui bị ợ chua liên tục, khó chịu vãi, uống thuốc dạ dày chữ Y có êm kh bác sĩ?	healthcare_consultant
Bác sĩ ơi, cái họng tui bị ngứa rát cổ họng kinh khủng, nốc siro ho có ăn thua kh?	healthcare_consultant
Khổ thân tui, sáng dậy thấy ù tai, chóng mặt lảo đảo. Uống nước sâm có đỡ kh bồ?	healthcare_consultant
Zì zậy trời, chân tui bị sưng tấy ngón chân, đi lại kh nổi, uống thuốc bắc có giảm đau kh bác?	healthcare_consultant
Bác sĩ ơi, tui bị hoa mắt chóng mặt thường xuyên, sợ bị toang quá. Có bài thuốc bôi ngoài da nào kh ạ?	healthcare_consultant
Ét ô ét, tui bị lạnh toát chân tay giữa mùa hè, kỳ ghê. Có nên dùng trà gừng kh bsi?	healthcare_consultant
Cứu pé với, tui bị mất ngủ trắng đêm, mắt thâm như gấu trúc. Uống thuốc an thần có trụ nổi kh bồ?	healthcare_consultant
Đỉnh chóp chưa, tự dưng đau nửa đầu nhức bưng bưng, chắc do stress quá. Uống thuốc hạ sốt có ổn kh bsi?	healthcare_consultant
Bác sĩ ơi, tui bị sốt miên man, đầu óc quay cuồng bắt chuồn chuồn lun. Bôi thuốc mỡ vô có hạ sốt kh bác?	healthcare_consultant
Bsi ơi, tui bị nổi mề đay khắp người, ngứa muốn điên luôn. Tui xài thuốc bôi ngoài da loại này ok hổng bồ?	healthcare_consultant
Tui bị tiểu rắt, đi vệ sinh khó khăn quá trời. Uống trà gừng có lợi kh hay phải đi viện?	healthcare_consultant
Cháu ơi, tui bị đau buốt chân răng kinh niên, ăn uống gì cũng kh đc. Có bài thuốc nam nào chỉ tui với?	healthcare_consultant
Sáng nay thức dậy tự nhiên bị chảy máu cam, sợ toang quá. Có nên uống thuốc bắc cho bổ máu hổng bồ?	healthcare_consultant
Tức ngực khó thở, tưởng đâu sắp lên thớt tới nơi rồi. Có cần dùng thuốc hạ sốt cho nó mát người kh bsi?	healthcare_consultant
Rụng tóc từng mảng kinh hoàng, tui mún trầm cảm lun. Uống thêm vitamin C có mọc tóc lại kh bồ?	healthcare_consultant
Mỗi lần ăn vô là ợ chua liên tục, khó chịu vãi. Uống siro ho có bớt kh bác sĩ?	healthcare_consultant
Cổ họng tui bị ngứa rát, khó nuốt quá. Uống thuốc an thần có giúp ngủ ngon đỡ đau hổng bồ?	healthcare_consultant
Chóng mặt ù tai, tui sợ bị toang quá bác sĩ ơi. Uống thuốc giảm đau có cắt cơn đc kh?	healthcare_consultant
Chân tui tự nhiên bị sưng tấy ngón chân, đau dữ dội. Bôi thuốc kháng sinh có đỡ kh bồ?	healthcare_consultant
Hoa mắt chóng mặt kinh khủng, tui mún xỉu ngang. Uống paracetamol có cầm cự đc kh bác sĩ?	healthcare_consultant
Tay chân tui lạnh toát, người mệt mỏi như hổng còn chút sức lực nào. Uống thuốc bắc có ấm người kh bồ?	healthcare_consultant
Mất ngủ trắng đêm, mắt thâm đen lun. Uống thuốc dạ dày chữ Y có gây buồn ngủ kh bác sĩ?	healthcare_consultant
Sáng dậy thấy đau nửa đầu kinh niên. Tui tự bốc thuốc nam uống có ổn kh bồ?	healthcare_consultant
Bệnh viện Da liễu chổ quận 7 có khám ngoài giờ kh, đi từ quận Gò Vấp xa kh nhỉ?	healthcare_center_search
Mng ơi, kím phòng khám hô hấp ở quận Hoàn Kiếm mún trầm cảm lun, chỗ đó có xịn mlem kh?	healthcare_center_search
Bồ nào bít đường từ chợ Bến Thành tới Viện Tim nhanh nhất kh, chỉ ngi này zới, gấp quá rùi omg!	healthcare_center_search
Sáng mai tui định qua Bệnh viện Mắt khám, chỗ đó chất lượng mlem mlem kh ạ?	healthcare_center_search
Cho hỏi chi phí khám ở Trung tâm y tế dự phòng quận Hoàn Kiếm có đắt kh mng, sợ viêm màng túi là toang nha.	healthcare_center_search
Bắt chuồn chuồn quá, tui mún đưa bạn tui đi Bệnh viện Chấn thương Chỉnh hình gấp mà kh bít đường từ khu công nghiệp, cứu zới!	healthcare_center_search
Mng ơi, mún khám cơ xương khớp ở BV Chợ Rẫy thì nên book lịch trc kh, sợ lên thớt phải chờ lâu toang lắm.	healthcare_center_search
Khám hô hấp ở quanh quốc lộ 1A chỗ nào đỉnh chóp nhất zạ anh em?	healthcare_center_search
Cho hỏi Bệnh viện Nhi Đồng có nhận khám bảo hiểm y tế kh, đi đường nào từ quận Bình Chánh tiện nhất?	healthcare_center_search
Bồ nào bít đường từ quận 7 tới Viện Tim nhanh nhất kh, chỉ ngi này zới, gấp quá rùi omg!	healthcare_center_search
Sáng mai tui định qua Bệnh viện Chợ Rẫy khám, chỗ đó chất lượng mlem mlem kh ạ?	healthcare_center_search
Cho hỏi chi phí khám ở Bệnh viện K có đắt kh mng, sợ viêm màng túi là toang nha.	healthcare_center_search
Mng ơi, kím phòng khám ở quanh bến xe Miền Đông mún trầm cảm lun, chỗ đó có xịn mlem kh?	healthcare_center_search
Bồ nào bít đường từ chợ Bến Thành tới BV Chấn thương Chỉnh hình nhanh nhất kh, chỉ ngi này zới, gấp quá rùi omg!	healthcare_center_search
Sáng mai tui định qua Viện Tim khám, chỗ đó chất lượng mlem mlem kh ạ?	healthcare_center_search
Cho hỏi chi phí khám ở Bệnh viện Da liễu có đắt kh mng, sợ viêm màng túi là toang nha.	healthcare_center_search
Bắt chuồn chuồn quá, tui mún đưa bạn tui đi Bệnh viện Ung Bướu gấp mà kh bít đường từ khu công nghiệp, cứu zới!	healthcare_center_search
Mng ơi, mún khám cơ xương khớp ở Bệnh viện Mắt thì nên book lịch trc kh, sợ lên thớt phải chờ lâu toang lắm.	healthcare_center_search
Khám hô hấp ở quanh quốc lộ 1A chỗ nào đỉnh chóp nhất zạ anh em?	healthcare_center_search
Cho hỏi Bệnh viện Phụ Sản có nhận khám bảo hiểm y tế kh, đi đường nào từ quận Bình Chánh tiện nhất?	healthcare_center_search
Trời ơi hóng tin thị trường bitcoin đỉnh chóp lun, có bồ nào bít cặn kẽ kh tóm tắt tui zới!	other
Cách nấu bún bò Huế sao cho ngon mlem mlem zạ mng, tui làm toàn bị fail toang quá.	other
Đang cày rank thì bị hỏng bàn phím, cay ngang, mún toang cái máy ln á zì zậy trời.	other
Đang cày rank thì bị không nhận sạc, cay ngang, mún toang cái máy ln á zì zậy trời.	other
Đang cày rank thì bị đơ màn hình cảm ứng, cay ngang, mún toang cái máy ln á zì zậy trời.	other
Đang cày rank thì bị mất âm thanh, cay ngang, mún toang cái máy ln á zì zậy trời.	other
Đang cày rank thì bị lỗi màn hình xanh, cay ngang, mún toang cái máy ln á zì zậy trời.	other
Ngi ta đồn dạo này giá trái phiếu lên đỉnh chóp, có nên đu đỉnh kh 500 anh em? 👀	other
Ngi ta đồn dạo này giá vàng 9999 lên đỉnh chóp, có nên đu đỉnh kh 500 anh em?	other
Ngi ta đồn dạo này giá đô la lên đỉnh chóp, có nên đu đỉnh kh 500 anh em?	other
Ngi ta đồn dạo này giá cổ phiếu lên đỉnh chóp, có nên đu đỉnh kh 500 anh em?	other
Dạo này sao giá đất nền leo thang quá ae, có nên đu đỉnh kh 500 anh em? 👀	other
Cách nấu mì Quảng sao cho ngon mlem mlem zạ mng, tui làm toàn bị fail toang quá.	other
Cách nấu gỏi cuốn sao cho ngon tuyệt cú mèo zạ mng, tui làm toàn bị fail toang quá.	other
Cách nấu bánh mì thịt sao cho ngon tuyệt cú mèo zạ mng, tui làm toàn bị fail toang quá.	other
Cách nấu bún chả sao cho ngon tuyệt cú mèo zạ mng, tui làm toàn bị fail toang quá.	other
Cách nấu nem rán sao cho ngon tuyệt cú mèo zạ mng, tui làm toàn bị fail toang quá.	other
Giời hanh heo thế này tôi lại bị đau buốt chân răng. Thầy nó nhà tôi bảo phải uống thuốc hạ sốt phỏng? Có đáng ngại lắm không hẵng?	healthcare_consultant
Giời hanh heo thế này tôi lại bị chảy máu cam. Thầy nó nhà tôi bảo phải uống thuốc mỡ phỏng? Có đáng ngại lắm không hẵng?	healthcare_consultant
Giời hanh heo thế này tôi lại bị tức ngực khó thở. Thầy nó nhà tôi bảo phải uống thuốc nam phỏng? Có đáng ngại lắm không hẵng?	healthcare_consultant
Giời hanh heo thế này tôi lại bị rụng tóc từng mảng. Thầy nó nhà tôi bảo phải uống thuốc bắc phỏng? Có đáng ngại lắm không hẵng?	healthcare_consultant
Giời hanh heo thế này tôi lại bị ợ chua liên tục. Thầy nó nhà tôi bảo phải uống trà gừng phỏng? Có đáng ngại lắm không hẵng?	healthcare_consultant
Tôi già cả rồi, dạo này lại sinh ra chứng ngứa rát cổ họng. Không biết dùng thuốc nam có chữa dứt điểm được không giời?	healthcare_consultant
Tôi già cả rồi, dạo này lại sinh ra chứng ù tai. Không biết dùng thuốc bắc có chữa dứt điểm được không giời?	healthcare_consultant
Tôi già cả rồi, dạo này lại sinh ra chứng sưng tấy ngón chân. Không biết dùng vitamin C có chữa dứt điểm được không giời?	healthcare_consultant
Tôi già cả rồi, dạo này lại sinh ra chứng hoa mắt chóng mặt. Không biết dùng thuốc giảm đau có chữa dứt điểm được không giời?	healthcare_consultant
Tôi già cả rồi, dạo này lại sinh ra chứng lạnh toát chân tay. Không biết dùng thuốc kháng sinh có chữa dứt điểm được không giời?	healthcare_consultant
Chả hiểu sao sáng dậy tôi cứ bị mất ngủ trắng đêm, khó chịu lắm. Liệu có phải bệnh nặng không bác sĩ hẵng trả lời tôi.	healthcare_consultant
Chả hiểu sao sáng dậy tôi cứ bị đau nửa đầu, khó chịu lắm. Liệu có phải bệnh nặng không bác sĩ hẵng trả lời tôi.	healthcare_consultant
Tôi uống thuốc kháng sinh mấy ngày rồi mà cái chứng đau buốt chân răng nó vẫn không dứt. Có nên đổi thuốc khác không phỏng bác sĩ?	healthcare_consultant
Tôi uống thuốc hạ sốt mấy ngày rồi mà cái chứng chảy máu cam nó vẫn không dứt. Có nên đổi thuốc khác không phỏng bác sĩ?	healthcare_consultant
Bác sĩ mẫn cán tư vấn giúp tôi, người lớn tuổi bị tức ngực khó thở thì xoa bóp bằng thuốc nam có đỡ không hẵng?	healthcare_consultant
Chào bác sĩ, tôi muốn xin tư vấn về trường hợp của một người lớn tuổi hiện đang bị rụng tóc từng mảng lớn (xuất hiện các vùng da đầu trống, nhẵn thín như đồng xu). Tình trạng này xảy ra khá đột ngột khiến người bệnh rất lo lắng và mất ngủ. Ở độ tuổi này, cơ thể vốn đã có sự suy giảm nội tiết tố, các nang tóc yếu dần, lại có thêm các bệnh lý nền (như cao huyết áp, tiểu đường hoặc vấn đề tuyến giáp). https://tamanhhospital.vn/rung-toc-tung-mang/ . Gia đình đang băn khoăn không biết liệu hiện tượng rụng tóc từng mảng này là do bệnh lý tự miễn (hệ miễn dịch tấn công nang tóc), do tuần hoàn máu nuôi dưỡng da đầu kém, hay do thiếu hụt các vi chất dinh dưỡng tuổi già (như sắt, kẽm, biotin)?	healthcare_consultant
Giời ạ, cứ về đêm là cái lưng lại ợ chua liên tục. Có loại trà gừng nào dùng tốt không nhé?	healthcare_consultant
Giời ạ, cứ về đêm là bàng quang tôi lại buồn đi vệ sinh. Có loại nước sâm nào dùng tốt không nhé?	healthcare_consultant
Thầy nó cho tôi hỏi, từ quận Hoàn Kiếm mà muốn lên Bệnh viện Chấn thương Chỉnh hình thì bắt tuyến metro nào nhỉ? Viện đó có mẫn cán chăm sóc người già không nhé? Liệu có chấp nhận thẻ bảo hiểm y tế không?	healthcare_center_search
Thầy nó cho tôi hỏi, từ quận Cầu Giấy mà muốn lên Bệnh viện Đa Khoa Tỉnh thì bắt tuyến xe nào nhỉ? Viện đó có mẫn cán chăm sóc người già không nhé? Họ có miễn phí cho ai có bảo hiểm y tế không?	healthcare_center_search
Cậu chỉ giúp tôi đường đến phòng khám tim mạch ở Bệnh viện Chợ Rẫy với. Đi từ Thành phố Thủ Đức thì mất bao lâu phỏng?	healthcare_center_search
Cậu chỉ giúp tôi đường đến phòng khám phụ sản ở Bệnh viện Bạch Mai với. Đi từ quận Bình Chánh thì mất bao lâu phỏng?	healthcare_center_search
Tôi muốn hỏi Bệnh viện K có làm việc cuối tuần không nhé? Tôi định lên đó khám bệnh già.	healthcare_center_search
Tôi muốn hỏi Bệnh viện Mắt có làm việc cuối tuần không nhé? Tôi định lên đó khám bệnh già.	healthcare_center_search
Ở quanh chợ Bến Thành có phòng khám nào uy tín không phỏng? Tôi già rồi đi xa ngại giời nắng nôi.	healthcare_center_search
Cho tôi xin địa chỉ viện Bệnh viện Phụ Sản hẵng. Người lớn tuổi khám BHYT ở đó thủ tục có rườm rà không nhé?	healthcare_center_search
Cho tôi xin địa chỉ viện Trung tâm y tế dự phòng hẵng. Người lớn tuổi khám BHYT ở đó thủ tục có rườm rà không nhé?	healthcare_center_search
Tôi muốn đăng ký khám ở Bệnh viện Chấn thương Chỉnh hình thì có cần người nhà đi cùng không phỏng? Giời ạ, mắt kém tay run đi một mình cũng lo.	healthcare_center_search
Tôi muốn đăng ký khám ở Bệnh viện Đa Khoa Tỉnh thì có cần người nhà đi cùng không phỏng? Giời ạ, mắt kém tay run đi một mình cũng lo.	healthcare_center_search
Cậu xem giúp tôi quanh đường Trần Hưng Đạo có bác sĩ nào giỏi chuyên môn mẫn cán với bệnh nhân không hẵng?	healthcare_center_search
Cậu xem giúp tôi quanh đường Nguyễn Trãi có bác sĩ nào giỏi chuyên môn mẫn cán với bệnh nhân không hẵng?	healthcare_center_search
Đi taxi từ quận Bình Chánh đến Bệnh viện Chấn thương Chỉnh hình mất tầm bao nhiêu tiền phỏng cậu?	healthcare_center_search
Đi taxi từ quận Gò Vấp đến Bệnh viện Đa Khoa Tỉnh mất tầm bao nhiêu tiền phỏng cậu?	healthcare_center_search
Tráng ấm chè mạn ngồi nói chuyện giời, cho tôi hỏi nấu bún bò đậm hương vị Huế thì phải chuẩn hương như nào vậy?	other
Tráng ấm chè mạn ngồi nói chuyện giời, cho tôi hỏi nấu bún riêu chuẩn vị Bắc thì phải nêm nếm thế nào hẵng?	other
Giời ạ, cái màn hình bị sọc dọc nhà tôi lại lỗi màn hình xanh rồi. Bệnh viện ta có cậu thợ nào sửa được đồ điện tử không?	other
Thôi rồi, cái mic nhà tôi lại bị rè nữa rồi. Phải chi có cậu thợ nào chu đáo tới giúp mình được nhỉ?	other
Ông bạn già khuyên tôi mua sổ tiết kiệm để dành. Theo cậu thì thời điểm này có hợp lý không phỏng?	other
Ông bạn già khuyên tôi mua bitcoin để dành. Theo cậu thì thời điểm này có hợp lý không phỏng?	other
Tôi muốn học cách nấu thịt kho tàu cho bữa cỗ gia đình. Nêm gia vị thế nào cho thanh đạm hẵng?	other
Tôi muốn học cách nấu lẩu thái cho bữa cỗ gia đình. Nêm gia vị thế nào cho thanh đạm hẵng?	other
Có cậu nào biết sửa lỗi không gõ được tiếng Việt có dấu của máy tính không? Tôi loay hoay cả buổi sáng mà giời ạ bực cả mình.	other
Có cậu nào biết sửa lỗi nóng máy của điện thoại không? Tôi loay hoay cả buổi sáng mà giời ạ bực cả mình.	other
Giá cổ phiếu VIC hôm nay thế nào rồi phỏng? Thầy nó nhà tôi đang muốn bán ra.	other
Giá vàng 9999 hôm nay thế nào rồi phỏng? Thầy nó nhà tôi đang muốn bán ra.	other
Tôi đang đọc dở quyển sách, mà chữ nhỏ quá giời ạ. Có chỗ nào bán kính lão tốt không nhé?	other
Nấu bún chả thì phải chọn nguyên liệu thế nào hẵng cậu?	other
Nấu nem rán thì phải chọn nguyên liệu thế nào hẵng cậu?	other
Bác sĩ ơi, cái đầu tui nó cứ nhức như búa bổ, sáng ra là bị chóng mặt lảo đảo liền. Uống thuốc giảm đau có sao hổng bác?	healthcare_consultant
Trời đất ơi, đau quặn dạ dày dữ dội, tui mún xỉu ngang. Uống thuốc kháng sinh liệu có hết hổng bồ?	healthcare_consultant
Cái họng tui bị ngứa rát, khó nuốt, sáng dậy sốt miên man. Uống thuốc mỡ vô có hạ sốt kh bác?	healthcare_consultant
Tui bị ho sặc sụa, người cứ mệt mỏi rã rời. Uống thuốc dạ dày chữ Y có êm hổng bồ tèo?	healthcare_consultant
Cơ khớp mỏi nhừ, tui đi đứng kh nổi, chắc do làm quá sức. Uống thuốc nam có đủ sức làm việc kh bác sĩ?	healthcare_consultant
Tui hay bị chóng mặt lảo đảo, đi đứng cứ nghiêng ngả. Uống trà gừng có đỡ hơn hổng bác?	healthcare_consultant
Nổi mề đay khắp người, ngứa muốn phát điên. Tui xài thuốc bắc bôi lên có bị kích ứng kh bồ?	healthcare_consultant
Đi tiểu rắt, đi vệ sinh mà muốn khóc lun. Uống siro ho có giúp lợi tiểu kh hay phải đi viện bác sĩ?	healthcare_consultant
Cháu ơi, tui bị đau buốt chân răng kinh niên, nhức tới tận óc. Có bài thuốc nam nào hay hơn thuốc giảm đau kh?	healthcare_consultant
Sáng nay tự nhiên bị chảy máu cam, máu đỏ lòm sợ quá. Có nên uống thuốc bắc cho bổ máu hổng bồ?	healthcare_consultant
Tức ngực khó thở, tưởng đâu sắp lên thớt tới nơi rồi. Có cần dùng thuốc hạ sốt cho nó mát người kh bsi?	healthcare_consultant
Rụng tóc từng mảng, tui stress kinh khủng. Uống vitamin C có hỗ trợ mọc tóc lại kh bồ?	healthcare_consultant
Mỗi lần ăn vô là ợ chua liên tục, khó chịu vãi. Uống thuốc kháng sinh có bớt trào ngược kh bác sĩ?	healthcare_consultant
Cổ họng tui bị ngứa rát, khó nuốt quá. Uống thuốc dạ dày chữ Y có giúp tráng họng đỡ đau hổng bồ?	healthcare_consultant
Đau buốt chân răng, ù tai, tui sợ bị toang quá bác sĩ ơi. Uống thuốc nam có cắt cơn đc kh?	healthcare_consultant
Chân tui tự nhiên bị sưng tấy ngón chân, đau dữ dội. Bôi thuốc mỡ có đỡ kh bồ?	healthcare_consultant
Hoa mắt chóng mặt kinh khủng, tui mún xỉu ngang. Uống paracetamol có cầm cự đc kh bác sĩ?	healthcare_consultant
Tay chân tui lạnh toát, người mệt mỏi như hổng còn chút sức lực nào. Uống thuốc bắc có ấm người kh bồ?	healthcare_consultant
Mất ngủ trắng đêm, mắt thâm đen lun. Uống thuốc dạ dày chữ Y có gây buồn ngủ kh bác sĩ?	healthcare_consultant
Sáng dậy thấy đau nửa đầu kinh niên, mún toang cái đầu. Tui tự bốc thuốc nam uống có ổn kh bồ?	healthcare_consultant
Bệnh viện Đa Khoa Tỉnh chổ quận 7 có khám ngoài giờ kh, đi từ quận Gò Vấp xa kh nhỉ?	healthcare_center_search
Mng ơi, kím phòng khám tiêu hóa ở quận Hoàn Kiếm mún trầm cảm lun, chỗ đó có xịn mlem kh?	healthcare_center_search
Bồ nào bít đường từ chợ Bến Thành tới Bệnh viện Nhi Đồng nhanh nhất kh, chỉ ngi này zới, gấp quá rùi omg!	healthcare_center_search
Sáng mai tui định qua Bệnh viện Ung Bướu khám, chỗ đó chất lượng mlem mlem kh ạ?	healthcare_center_search
Cho hỏi chi phí khám ở Trung tâm y tế dự phòng quận Hoàn Kiếm có đắt kh mng, sợ viêm màng túi là toang nha.	healthcare_center_search
Bắt chuồn chuồn quá, tui mún đưa bạn tui đi Viện Tim gấp mà kh bít đường từ khu công nghiệp, cứu zới!	healthcare_center_search
Mng ơi, mún khám cơ xương khớp ở Bệnh viện Da liễu thì nên book lịch trc kh, sợ lên thớt phải chờ lâu toang lắm.	healthcare_center_search
Khám hô hấp ở quanh quốc lộ 1A chỗ nào đỉnh chóp nhất zạ anh em?	healthcare_center_search
Cho hỏi Bệnh viện Mắt có nhận khám bảo hiểm y tế kh, đi đường nào từ quận Bình Chánh tiện nhất?	healthcare_center_search
Bồ nào bít đường từ quận 7 tới Bệnh viện Phụ Sản nhanh nhất kh, chỉ ngi này zới, gấp quá rùi omg!	healthcare_center_search
Sáng mai tui định qua Bệnh viện Đa Khoa Tỉnh khám, chỗ đó chất lượng mlem mlem kh ạ?	healthcare_center_search
Cho hỏi chi phí khám ở Bệnh viện Chấn thương Chỉnh hình có đắt kh mng, sợ viêm màng túi là toang nha.	healthcare_center_search
Mng ơi, kím phòng khám ở quanh bến xe Miền Đông mún trầm cảm lun, chỗ đó có xịn mlem kh?	healthcare_center_search
Bồ nào bít đường từ chợ Bến Thành tới Bệnh viện Bạch Mai nhanh nhất kh, chỉ ngi này zới, gấp quá rùi omg!	healthcare_center_search
Sáng mai tui định qua Bệnh viện Chợ Rẫy khám, chỗ đó chất lượng mlem mlem kh ạ?	healthcare_center_search
Cho hỏi chi phí khám ở Bệnh viện K có đắt kh mng, sợ viêm màng túi là toang nha.	healthcare_center_search
Bắt chuồn chuồn quá, tui mún đưa bạn tui đi Bệnh viện Nhi Đồng gấp mà kh bít đường từ khu công nghiệp, cứu zới!	healthcare_center_search
Mng ơi, mún khám cơ xương khớp ở Viện Tim thì nên book lịch trc kh, sợ lên thớt phải chờ lâu toang lắm.	healthcare_center_search
Khám hô hấp ở quanh quốc lộ 1A chỗ nào đỉnh chóp nhất zạ anh em?	healthcare_center_search
Cho hỏi Bệnh viện Da liễu có nhận khám bảo hiểm y tế kh, đi đường nào từ quận Bình Chánh tiện nhất?	healthcare_center_search
Trời ơi hóng tin thị trường cổ phiếu đỉnh chóp lun, có bồ nào bít cặn kẽ kh tóm tắt tui zới!	other
Cách nấu phở bò sao cho ngon mlem mlem zạ mng, tui làm toàn bị fail toang quá.	other
Đang cày rank thì bị lỗi màn hình xanh, cay ngang, mún toang cái máy ln á zì zậy trời.	other
Đang cày rank thì bị rớt mạng wifi, cay ngang, mún toang cái máy ln á zì zậy trời.	other
Đang cày rank thì bị treo logo, cay ngang, mún toang cái máy ln á zì zậy trời.	other
Đang cày rank thì bị hao pin, cay ngang, mún toang cái máy ln á zì zậy trời.	other
Đang cày rank thì bị nóng máy, cay ngang, mún toang cái máy ln á zì zậy trời.	other
Ngi ta đồn dạo này giá trái phiếu lên đỉnh chóp, có nên đu đỉnh kh 500 anh em?	other
Ngi ta đồn dạo này giá vàng 9999 lên đỉnh chóp, có nên đu đỉnh kh 500 anh em?	other
Ngi ta đồn dạo này giá đô la lên đỉnh chóp, có nên đu đỉnh kh 500 anh em?	other
Ngi ta đồn dạo này giá cổ phiếu lên đỉnh chóp, có nên đu đỉnh kh 500 anh em?	other
Ngi ta đồn dạo này giá đất nền lên đỉnh chóp, có nên đu đỉnh kh 500 anh em? 🧐🌱	other
Cách nấu mì Quảng sao cho ngon mlem mlem zạ mng, tui làm toàn bị fail toang quá.	other
Cách nấu gỏi cuốn sao cho ngon mlem mlem zạ ae, tui làm toàn bị fail toang quá.	other
Cách nấu bánh mì thịt sao cho ngon mlem mlem zạ mng, hỏng quá hỏng quá rồi.	other
Cách nấu bún chả sao cho ngon mlem mlem zạ mng, hỏng quá hỏng quá rồi.	other
Cách nấu nem rán sao cho ngon mlem mlem zạ mng, kì thật ấy. Cứ đà này chắc nhà mình hết nguyên liệu mất 😔	other
Giời hanh heo thế này tôi lại bị đau buốt chân răng. Thầy nó nhà tôi bảo phải uống thuốc hạ sốt phỏng? Có đáng ngại lắm không hẵng?	healthcare_consultant
Giời hanh heo thế này tôi lại bị chảy máu cam. Thầy nó nhà tôi bảo phải uống thuốc mỡ phỏng? Có đáng ngại lắm không hẵng?	healthcare_consultant
Giời hanh heo thế này tôi lại bị tức ngực khó thở. Thầy nó nhà tôi bảo phải uống thuốc nam phỏng? Có đáng ngại lắm không hẵng?	healthcare_consultant
Giời hanh heo thế này tôi lại bị rụng tóc từng mảng. Thầy nó nhà tôi bảo phải uống thuốc bắc phỏng? Có đáng ngại lắm không hẵng?	healthcare_consultant
Giời hanh heo thế này tôi lại cứ bị đầy bụng. Thầy nó nhà tôi bảo phải uống trà gừng phỏng? Có đáng ngại lắm không hẵng? Có ai đã từng có tình trạng giống tôi không?	healthcare_consultant
Tầm này tuổi rồi, dạo này lại sinh ra chứng ngứa rát cổ họng. Không biết dùng thuốc nam có chữa dứt điểm được không giời? Sau bao ngày sẽ khỏe lại đây giời!	healthcare_consultant
Tầm này tuổi rồi, dạo này lại sinh ra chứng ù tai. Không biết dùng thuốc bắc có chữa dứt điểm được không giời?	healthcare_consultant
Tầm này tuổi rồi, dạo này lại sinh ra chứng sưng tấy ngón chân. Không biết dùng vitamin C có chữa dứt điểm được không giời?	healthcare_consultant
Tầm này tuổi rồi, dạo này lại sinh ra chứng hoa mắt chóng mặt. Không biết dùng thuốc giảm đau có chữa dứt điểm được không giời?	healthcare_consultant
Tầm này tuổi rồi, dạo này lại sinh ra chứng lạnh toát chân tay. Không biết dùng thuốc kháng sinh có chữa dứt điểm được không giời?	healthcare_consultant
Chả hiểu sao sáng dậy tôi cứ bị mất ngủ trắng đêm, khó chịu lắm. Liệu có phải bệnh nặng không bác sĩ hẵng trả lời tôi.	healthcare_consultant
Chả hiểu sao sáng dậy tôi cứ bị đau nửa đầu, khó chịu lắm. Liệu có phải bệnh nặng không bác sĩ hẵng trả lời tôi.	healthcare_consultant
Tôi uống thuốc kháng sinh mấy ngày rồi mà cái chứng đau buốt chân răng nó vẫn không dứt. Có nên đổi thuốc khác không phỏng bác sĩ?	healthcare_consultant
Tôi uống thuốc hạ sốt mấy ngày rồi mà cái chứng chảy máu cam nó vẫn không dứt. Có nên đổi thuốc khác không phỏng bác sĩ?	healthcare_consultant
Phiền bác sĩ tư vấn giúp tôi, người lớn tuổi bị tức ngực khó thở thì xoa bóp bằng thuốc nam có đỡ không hẵng?	healthcare_consultant
Phiền bác sĩ tư vấn giúp tôi, người lớn tuổi bị rụng tóc từng mảng thì xoa bóp bằng thuốc bắc có đỡ không hẵng?	healthcare_consultant
Giời ạ, cứ về đêm là cái lưng lại ợ chua liên tục. Có loại trà gừng nào dùng tốt không nhé?	healthcare_consultant
Giời ạ, cứ về đêm là cái cổ lại ngứa rát cổ họng. Có loại nước sâm nào dùng tốt không nhé?	healthcare_consultant
Thầy nó cho tôi hỏi, từ quận Hoàn Kiếm mà muốn lên Bệnh viện Chấn thương Chỉnh hình thì bắt tuyến xe nào nhỉ? Viện đó có mẫn cán chăm sóc người già không nhé?	healthcare_center_search
Thầy nó cho tôi hỏi, từ quận Cầu Giấy mà muốn lên Bệnh viện Đa Khoa Tỉnh thì bắt tuyến xe nào nhỉ? Viện đó có mẫn cán chăm sóc người già không nhé?	healthcare_center_search
Cậu chỉ giúp tôi đường đến phòng khám tim mạch ở Bệnh viện Chợ Rẫy với. Đi từ quận Gò Vấp thì mất bao lâu phỏng?	healthcare_center_search
Cậu chỉ giúp tôi đường đến phòng khám phụ sản ở Bệnh viện Bạch Mai với. Đi từ quận Bình Chánh thì mất bao lâu phỏng?	healthcare_center_search
Tôi muốn hỏi Bệnh viện K có làm việc cuối tuần không nhé? Tôi định lên đó khám bệnh già.	healthcare_center_search
Tôi muốn hỏi Bệnh viện Mắt có làm việc cuối tuần không nhé? Tôi định lên đó khám bệnh già.	healthcare_center_search
Ở quanh chợ Bến Thành có phòng khám nào uy tín không phỏng? Tôi già rồi đi xa ngại giời nắng nôi.	healthcare_center_search
Cho tôi xin địa chỉ viện Bệnh viện Phụ Sản hẵng. Người lớn tuổi khám BHYT ở đó thủ tục có rườm rà không nhé?	healthcare_center_search
Cho tôi xin địa chỉ viện Trung tâm y tế dự phòng hẵng. Người lớn tuổi khám BHYT ở đó thủ tục có rườm rà không nhé?	healthcare_center_search
Tôi muốn đăng ký khám ở Bệnh viện Phụ sản thì có cần người nhà đi cùng không phỏng? Giời ạ, mắt kém tay run đi một mình cũng lo.	healthcare_center_search
Tôi muốn đăng ký khám ở Bệnh viện Đa Khoa Tỉnh thì có cần người nhà đi cùng không phỏng? Giời ạ, mắt kém tay run đi một mình cũng lo.	healthcare_center_search
Cậu xem giúp tôi quanh đường Trần Hưng Đạo có bác sĩ nào giỏi chuyên môn mẫn cán với bệnh nhân không hẵng?	healthcare_center_search
Cậu xem giúp tôi quanh đường Nguyễn Trãi có bác sĩ nào giỏi chuyên môn mẫn cán với bệnh nhân không hẵng?	healthcare_center_search
Đi taxi từ quận Bình Chánh đến Bệnh viện Chấn thương Chỉnh hình mất tầm bao nhiêu tiền phỏng cậu?	healthcare_center_search
Đi taxi từ quận Gò Vấp đến Bệnh viện Đa Khoa Tỉnh mất tầm bao nhiêu tiền phỏng cậu?	healthcare_center_search
Tráng ấm chè mạn ngồi nói chuyện giời, cho tôi hỏi nấu bún mộc thì phải nêm nếm thế nào hẵng?	other
Tráng ấm chè mạn ngồi nói chuyện giời, cho tôi hỏi nấu bún riêu chuẩn vị Bắc thì phải nêm nếm thế nào hẵng?	other
Giời ạ, cái màn hình bị sọc dọc nhà tôi lại lỗi màn hình xanh rồi. Ở đây có cậu thợ nào mẫn cán đến sửa giúp tôi được không nhé?	other
Giời ạ, cái mic thoại bị rè nhà tôi lại treo logo rồi. Ở đây có cậu thợ nào mẫn cán đến sửa giúp tôi được không nhé?	other
Ông bạn già khuyên tôi mua sổ tiết kiệm để dành. Theo cậu thì thời điểm này có hợp lý không phỏng?	other
Ông bạn già khuyên tôi mua bitcoin để dành. Theo cậu thì thời điểm này có hợp lý không phỏng?	other
Tôi muốn học cách nấu thịt kho tàu cho bữa cỗ gia đình. Nêm gia vị thế nào cho thanh đạm hẵng?	other
Tôi muốn học cách nấu canh chua cá lóc cho bữa cỗ gia đình. Nêm gia vị thế nào cho thanh đạm hẵng?	other
Có cậu nào biết sửa lỗi không gõ được tiếng Việt có dấu của điện thoại không? Tôi loay hoay cả buổi sáng mà giời ạ bực cả mình.	other
Có cậu nào biết sửa lỗi nóng máy của điện thoại không? Tôi loay hoay cả buổi sáng mà giời ạ bực cả mình.	other
Giá cổ phiếu VIC hôm nay thế nào rồi phỏng? Thầy nó nhà tôi đang muốn bán ra.	other
Giá vàng 9999 hôm nay thế nào rồi phỏng? Thầy nó nhà tôi đang muốn bán ra.	other
Tôi đang đọc dở quyển sách, mà chữ nhỏ quá giời ạ. Có chỗ nào bán kính lão tốt không nhé?	other
Nấu bún bò huế thì phải chọn nguyên liệu thế nào hẵng cậu?	other
Nấu cơm chiên da gà thì phải chọn nguyên liệu thế nào hở cậu?	other
Bác sĩ ơi, tui bị đau nửa đầu nhức bưng bưng, chắc do thiếu máu não rồi. Uống thuốc giảm đau có sao hổng bác?	healthcare_consultant
Cứu tui với, tui bị đau quặn dạ dày dữ dội sau khi ăn đồ lạ. Uống thuốc kháng sinh liệu có hết hổng bồ?	healthcare_consultant
Bị sốt miên man, đầu óc tui lơ mơ như bắt chuồn chuồn á. Bôi thuốc mỡ vô thái dương có hạ sốt kh bác?	healthcare_consultant
Chời ơi, con tui nó ho sặc sụa, tội nghiệp quá. Uống thuốc dạ dày chữ Y có êm hổng bồ tèo?	healthcare_consultant
Mỏi nhừ cơ khớp quá xá, đi đứng như người mất hồn. Uống thuốc nam có đủ sức làm việc kh bác sĩ?	healthcare_consultant
Tui hay bị chóng mặt lảo đảo, đi đứng cứ nghiêng ngả. Uống trà gừng có đỡ hơn hổng bác?	healthcare_consultant
Nổi mề đay khắp người, ngứa muốn phát điên lên được. Tui xài thuốc bắc bôi lên có bị kích ứng kh bồ?	healthcare_consultant
Đi tiểu rắt, đi vệ sinh mà muốn khóc lun. Uống siro ho có giúp lợi tiểu kh hay phải đi viện bác sĩ?	healthcare_consultant
Cháu ơi, tui bị đau buốt chân răng kinh niên, nhức tới tận óc. Có bài thuốc nam nào hay hơn thuốc giảm đau kh?	healthcare_consultant
Sáng nay thức dậy tự nhiên bị chảy máu cam, máu đỏ lòm sợ quá. Có nên uống thuốc bắc cho bổ máu hổng bồ?	healthcare_consultant
Tức ngực khó thở, tưởng đâu sắp lên thớt tới nơi rồi. Có cần dùng thuốc hạ sốt cho nó mát người kh bsi?	healthcare_consultant
Rụng tóc từng mảng, tui stress kinh khủng. Uống vitamin C có hỗ trợ mọc tóc lại kh bồ?	healthcare_consultant
Mỗi lần ăn vô là ợ chua liên tục, khó chịu vãi. Uống thuốc kháng sinh có bớt trào ngược kh bác sĩ?	healthcare_consultant
Cổ họng tui bị ngứa rát, khó nuốt quá. Uống thuốc dạ dày chữ Y có giúp tráng họng đỡ đau hổng bồ?	healthcare_consultant
Đau buốt chân răng, ù tai, tui sợ bị toang quá bác sĩ ơi. Uống thuốc nam có cắt cơn đc kh?	healthcare_consultant
Chân tui tự nhiên bị sưng tấy ngón chân, đau dữ dội. Bôi thuốc mỡ có đỡ kh bồ?	healthcare_consultant
Hoa mắt chóng mặt kinh khủng, tui mún xỉu ngang. Uống paracetamol có cầm cự đc kh bác sĩ?	healthcare_consultant
Tay chân tui lạnh toát, người mệt mỏi như hổng còn chút sức lực nào. Uống thuốc bắc có ấm người kh bồ?	healthcare_consultant
Mất ngủ trắng đêm, mắt thâm đen lun. Uống thuốc dạ dày chữ Y có gây buồn ngủ kh bác sĩ?	healthcare_consultant
Sáng dậy thấy đau nửa đầu kinh niên, mún toang cái đầu. Tui tự bốc thuốc nam uống có ổn kh bồ?	healthcare_consultant
Bệnh viện Đa Khoa Tỉnh chổ quận 7 có khám ngoài giờ kh, đi từ quận Gò Vấp xa kh nhỉ?	healthcare_center_search
Mng ơi, kím phòng khám tiêu hóa ở quận Hoàn Kiếm mún trầm cảm lun, chỗ đó có xịn mlem kh?	healthcare_center_search
Bồ nào bít đường từ chợ Bến Thành tới Bệnh viện Nhi Đồng nhanh nhất kh, chỉ ngi này zới, gấp quá rùi omg!	healthcare_center_search
Sáng mai tui định qua Bệnh viện Ung Bướu khám, chỗ đó chất lượng mlem mlem kh ạ?	healthcare_center_search
Cho hỏi chi phí khám ở Trung tâm y tế dự phòng quận Hoàn Kiếm có đắt kh mng, sợ viêm màng túi là toang nha.	healthcare_center_search
Bắt chuồn chuồn quá, tui mún đưa bạn tui đi Viện Tim gấp mà kh bít đường từ khu công nghiệp, cứu zới!	healthcare_center_search
Mng ơi, mún khám cơ xương khớp ở Bệnh viện Da liễu thì nên book lịch trc kh, sợ lên thớt phải chờ lâu toang lắm.	healthcare_center_search
Khám hô hấp ở quanh quốc lộ 1A chỗ nào đỉnh chóp nhất zạ anh em?	healthcare_center_search
Cho hỏi Bệnh viện Mắt có nhận khám bảo hiểm y tế kh, đi đường nào từ quận Bình Chánh tiện nhất?	healthcare_center_search
Bồ nào bít đường từ quận 7 tới Bệnh viện Phụ Sản nhanh nhất kh, chỉ ngi này zới, gấp quá rùi omg!	healthcare_center_search
Sáng mai tui định qua Bệnh viện Đa Khoa Tỉnh khám, chỗ đó chất lượng mlem mlem kh ạ?	healthcare_center_search
Cho hỏi chi phí khám ở Bệnh viện Chấn thương Chỉnh hình có đắt kh mng, sợ viêm màng túi là toang nha.	healthcare_center_search
Mng ơi, kím phòng khám ở quanh bến xe Miền Đông mún trầm cảm lun, chỗ đó có xịn mlem kh?	healthcare_center_search
Bồ nào bít đường từ chợ Bến Thành tới Bệnh viện Bạch Mai nhanh nhất kh, chỉ ngi này zới, gấp quá rùi omg!	healthcare_center_search
Sáng mai tui định qua Bệnh viện Chợ Rẫy khám, chỗ đó chất lượng mlem mlem kh ạ?	healthcare_center_search
Cho hỏi chi phí khám ở Bệnh viện K có đắt kh mng, sợ viêm màng túi là toang nha.	healthcare_center_search
Bắt chuồn chuồn quá, tui mún đưa bạn tui đi Bệnh viện Nhi Đồng gấp mà kh bít đường từ khu công nghiệp, cứu zới!	healthcare_center_search
Mng ơi, mún khám cơ xương khớp ở Viện Tim thì nên book lịch trc kh, sợ lên thớt phải chờ lâu toang lắm.	healthcare_center_search
Khám hô hấp ở quanh quốc lộ 1A chỗ nào đỉnh chóp nhất zạ anh em?	healthcare_center_search
Cho hỏi Bệnh viện Da liễu có nhận khám bảo hiểm y tế kh, đi đường nào từ quận Bình Chánh tiện nhất?	healthcare_center_search
Trời ơi hóng tin thị trường cổ phiếu đỉnh chóp lun, có bồ nào bít cặn kẽ kh tóm tắt tui zới!	other
Cách nấu phở bò sao cho ngon mlem mlem zạ mng, tui làm toàn bị fail toang quá.	other
Đang cày rank thì bị lỗi màn hình xanh, cay ngang, mún toang cái máy ln á zì zậy trời.	other
Đang cày rank thì bị rớt mạng wifi, cay ngang, mún toang cái máy ln á zì zậy trời.	other
Đang cày rank thì bị treo logo, cay ngang, mún toang cái máy ln á zì zậy trời.	other
Đang cày rank thì bị hao pin, cay ngang, mún toang cái máy ln á zì zậy trời.	other
Đang cày rank thì bị nóng máy, cay ngang, mún toang cái máy ln á zì zậy trời.	other
Ngi ta đồn dạo này giá trái phiếu lên đỉnh chóp, có nên đu đỉnh kh 500 anh em?	other
Ngi ta đồn dạo này giá vàng 9999 lên đỉnh chóp, có nên đu đỉnh kh 500 anh em?	other
Ngi ta đồn dạo này giá đô la lên đỉnh chóp, có nên đu đỉnh kh 500 anh em?	other
Ngi ta đồn dạo này giá cổ phiếu lên đỉnh chóp, có nên đu đỉnh kh 500 anh em?	other
Ngi ta đồn dạo này giá đất nền lên đỉnh chóp, có nên đu đỉnh kh 500 anh em?	other
Cách nấu mì Quảng sao cho ngon mlem mlem zạ mng, tui làm toàn bị fail toang quá.	other
Cách nấu gỏi cuốn sao cho ngon mlem mlem zạ mng, tui làm toàn bị fail toang quá.	other
Cách nấu bánh mì thịt sao cho ngon mlem mlem zạ mng, tui làm toàn bị fail toang quá.	other
Cách nấu bún chả sao cho ngon mlem mlem zạ mng, tui làm toàn bị fail toang quá.	other
Cách nấu nem rán sao cho ngon mlem mlem zạ mng, tui làm toàn bị fail toang quá.	other
Giời hanh heo thế này tôi lại bị đau buốt chân răng. Thầy nó nhà tôi bảo phải uống thuốc hạ sốt phỏng? Có đáng ngại lắm không hẵng?	healthcare_consultant
Giời hanh heo thế này tôi lại bị chảy máu cam. Thầy nó nhà tôi bảo phải uống thuốc mỡ phỏng? Có đáng ngại lắm không hẵng?	healthcare_consultant
Giời hanh heo thế này tôi lại bị tức ngực khó thở. Thầy nó nhà tôi bảo phải uống thuốc nam phỏng? Có đáng ngại lắm không hẵng?	healthcare_consultant
Giời hanh heo thế này tôi lại bị rụng tóc từng mảng. Thầy nó nhà tôi bảo phải uống thuốc bắc phỏng? Có đáng ngại lắm không hẵng?	healthcare_consultant
Giời hanh heo thế này tôi lại bị ợ chua liên tục. Thầy nó nhà tôi bảo phải uống trà gừng phỏng? Có đáng ngại lắm không hẵng?	healthcare_consultant
Tôi già cả rồi, dạo này lại sinh ra chứng ngứa rát cổ họng. Không biết dùng thuốc nam có chữa dứt điểm được không giời?	healthcare_consultant
Tôi già cả rồi, dạo này lại sinh ra chứng ù tai. Không biết dùng thuốc bắc có chữa dứt điểm được không giời?	healthcare_consultant
Tôi già cả rồi, dạo này lại sinh ra chứng sưng tấy ngón chân. Không biết dùng vitamin C có chữa dứt điểm được không giời?	healthcare_consultant
Tôi già cả rồi, dạo này lại sinh ra chứng hoa mắt chóng mặt. Không biết dùng thuốc giảm đau có chữa dứt điểm được không giời?	healthcare_consultant
Tôi già cả rồi, dạo này lại sinh ra chứng lạnh toát chân tay. Không biết dùng thuốc kháng sinh có chữa dứt điểm được không giời?	healthcare_consultant
Chả hiểu sao sáng dậy tôi cứ bị mất ngủ trắng đêm, khó chịu lắm. Liệu có phải bệnh nặng không bác sĩ hẵng trả lời tôi.	healthcare_consultant
Chả hiểu sao sáng dậy tôi cứ bị đau nửa đầu, khó chịu lắm. Liệu có phải bệnh nặng không bác sĩ hẵng trả lời tôi.	healthcare_consultant
Tôi uống thuốc kháng sinh mấy ngày rồi mà cái chứng đau buốt chân răng nó vẫn không dứt. Có nên đổi thuốc khác không phỏng bác sĩ?	healthcare_consultant
Tôi uống thuốc hạ sốt mấy ngày rồi mà cái chứng chảy máu cam nó vẫn không dứt. Có nên đổi thuốc khác không phỏng bác sĩ?	healthcare_consultant
Bác sĩ mẫn cán tư vấn giúp tôi, người lớn tuổi bị tức ngực khó thở thì xoa bóp bằng thuốc nam có đỡ không hẵng?	healthcare_consultant
"""Chào bác sĩ, tôi muốn xin tư vấn về trường hợp của một người lớn tuổi hiện đang bị rụng tóc từng mảng lớn (xuất hiện các vùng da đầu trống, nhẵn thín như đồng xu). Tình trạng này xảy ra khá đột ngột khiến người bệnh rất lo lắng và mất ngủ. Ở độ tuổi này, cơ thể vốn đã có sự suy giảm nội tiết tố, các nang tóc yếu dần, lại có thêm các bệnh lý nền (như cao huyết áp, tiểu đường hoặc vấn đề tuyến giáp). [1, 2, 3, 4, 5]
Gia đình đang băn khoăn không biết liệu hiện tượng rụng tóc từng mảng này là do bệnh lý tự miễn (hệ miễn dịch tấn công nang tóc), do tuần hoàn máu nuôi dưỡng da đầu kém, hay do thiếu hụt các vi chất dinh dưỡng tuổi già (như sắt, kẽm, biotin)? [1, 2, 3, 4]
Với thể trạng của người già, gia đình rất ngại cho dùng các loại thuốc Tây y có tính chất ức chế miễn dịch hoặc chứa corticoid vì sợ tác dụng phụ. Do đó, chúng tôi muốn hỏi: Việc sử dụng phương pháp xoa bóp, bấm huyệt da đầu kết hợp thoa hoặc uống thuốc Bắc (Y học cổ truyền) có thực sự đem lại hiệu quả triệt để và giúp tóc mọc lại được không hẵng? Liệu phương pháp này có an toàn tuyệt đối cho người lớn tuổi không, và mất bao lâu mới thấy chuyển biến? Rất mong bác sĩ phân tích rõ ưu - nhược điểm và cho lời khuyên về hướng điều trị phù hợp nhất!"""	healthcare_consultant
Giời ạ, cứ về đêm là cái lưng lại ợ chua liên tục. Có loại trà gừng nào dùng tốt không nhé?	healthcare_consultant
Giời ạ, cứ về đêm là tôi cứ bị giật mình bật dậy. Có loại nước nào để dịu tôi không? Liệu tình trạng này tiếp diễn sẽ ảnh hưởng như thế nào đến sức khỏe đây?	healthcare_consultant
Thầy nó cho tôi hỏi, từ quận Hoàn Kiếm mà muốn lên Bệnh viện Chấn thương Chỉnh hình thì bắt tuyến xe nào nhỉ? Viện đó có mẫn cán chăm sóc người già không nhé?	healthcare_center_search
Thầy nó cho tôi hỏi, từ quận Cầu Giấy mà muốn lên Bệnh viện Đa Khoa Tỉnh thì bắt tuyến xe nào nhỉ? Viện đó có mẫn cán chăm sóc người già không nhé?	healthcare_center_search
Cậu chỉ giúp tôi đường đến phòng khám tim mạch ở Bệnh viện Chợ Rẫy với. Đi từ quận Gò Vấp thì mất bao lâu phỏng?	healthcare_center_search
Cậu chỉ giúp tôi đường đến phòng khám phụ sản ở Bệnh viện Bạch Mai với. Đi từ quận Bình Chánh thì mất bao lâu phỏng?	healthcare_center_search
Tôi muốn hỏi Bệnh viện K có làm việc cuối tuần không nhé? Tôi định lên đó khám bệnh già.	healthcare_center_search
Tôi muốn hỏi Bệnh viện Mắt có làm việc cuối tuần không nhé? Tôi định lên đó khám bệnh già.	healthcare_center_search
Ở quanh chợ Bến Thành có phòng khám nào uy tín không phỏng? Tôi già rồi đi xa ngại giời nắng nôi.	healthcare_center_search
Cho tôi xin địa chỉ viện Bệnh viện Phụ Sản hẵng. Người lớn tuổi khám BHYT ở đó thủ tục có rườm rà không nhé?	healthcare_center_search
Cho tôi xin địa chỉ viện Trung tâm y tế dự phòng hẵng. Người lớn tuổi khám BHYT ở đó thủ tục có rườm rà không nhé?	healthcare_center_search
Tôi muốn đăng ký khám ở Bệnh viện Chấn thương Chỉnh hình thì có cần người nhà đi cùng không phỏng? Giời ạ, mắt kém tay run đi một mình cũng lo.	healthcare_center_search
Tôi muốn đăng ký khám ở Bệnh viện Đa Khoa Tỉnh thì có cần người nhà đi cùng không phỏng? Giời ạ, mắt kém tay run đi một mình cũng lo.	healthcare_center_search
Cậu xem giúp tôi quanh đường Trần Hưng Đạo có bác sĩ nào giỏi chuyên môn mẫn cán với bệnh nhân không hẵng?	healthcare_center_search
Cậu xem giúp tôi quanh đường Nguyễn Trãi có bác sĩ nào giỏi chuyên môn mẫn cán với bệnh nhân không hẵng?	healthcare_center_search
Đi taxi từ quận Bình Chánh đến Bệnh viện Chấn thương Chỉnh hình mất tầm bao nhiêu tiền phỏng cậu?	healthcare_center_search
Đi taxi từ quận Gò Vấp đến Bệnh viện Đa Khoa Tỉnh mất tầm bao nhiêu tiền phỏng cậu?	healthcare_center_search
Tráng ấm chè mạn ngồi nói chuyện giời, cho tôi hỏi nấu phở bò chuẩn vị Bắc thì phải nêm nếm thế nào hẵng?	other
Tráng ấm chè mạn ngồi nói chuyện giời, cho tôi hỏi nấu bún riêu chuẩn vị Bắc thì phải nêm nếm thế nào hẵng?	other
Giời ạ, cái màn hình bị sọc dọc nhà tôi lại lỗi màn hình xanh rồi. Ở đây có cậu thợ nào mẫn cán đến sửa giúp tôi được không nhé?	other
Giời ạ, cái mic thoại bị rè nhà tôi lại treo logo rồi. Ở đây có cậu thợ nào mẫn cán đến sửa giúp tôi được không nhé?	other
Ông bạn già khuyên tôi mua sổ tiết kiệm để dành. Theo cậu thì thời điểm này có hợp lý không phỏng?	other
Ông bạn già khuyên tôi mua bitcoin để dành. Theo cậu thì thời điểm này có hợp lý không phỏng?	other
Tôi muốn học cách nấu thịt kho tàu cho bữa cỗ gia đình. Nêm gia vị thế nào cho thanh đạm hẵng?	other
Tôi muốn học cách nấu canh măng cho bữa cỗ gia đình. Nêm gia vị thế nào cho thanh đạm hẵng?	other
Có cậu nào biết sửa lỗi không gõ được tiếng Việt có dấu của máy tính không? Tôi loay hoay cả buổi sáng mà giời ạ bực cả mình.	other
Có cậu nào biết sửa lỗi nóng máy của điện thoại không? Tôi loay hoay cả buổi sáng mà giời ạ bực cả mình.	other
Giá cổ phiếu VIC hôm nay thế nào rồi phỏng? Thầy nó nhà tôi đang muốn bán ra.	other
Giá vàng 9999 hôm nay thế nào rồi phỏng? Thầy nó nhà tôi đang muốn bán ra.	other
Tôi đang đọc dở quyển sách, mà chữ nhỏ quá giời ạ. Có chỗ nào bán kính lão tốt không nhé?	other
Nấu cơm chiên dương châu thì phải chọn nguyên liệu thế nào hẵng cậu?	other
Nấu nem rán thì phải chọn nguyên liệu thế nào hẵng cậu?	other
Bác sĩ ơi, tui bị đau nửa đầu nhức bưng bưng, chắc do thiếu máu não rồi. Uống thuốc giảm đau có sao hổng bác?	healthcare_consultant
Cứu tui với, tui bị đau quặn dạ dày dữ dội sau khi ăn đồ lạ. Uống thuốc kháng sinh liệu có hết hổng bồ?	healthcare_consultant
Bị sốt miên man, đầu óc tui lơ mơ như bắt chuồn chuồn á. Bôi thuốc mỡ vô thái dương có hạ sốt kh bác?	healthcare_consultant
Chời ơi, con tui nó ho sặc sụa, tội nghiệp quá. Uống thuốc dạ dày chữ Y có êm hổng bồ tèo?	healthcare_consultant
Mỏi nhừ cơ khớp quá xá, đi đứng như người mất hồn. Uống thuốc nam có đủ sức làm việc kh bác sĩ?	healthcare_consultant
Tui hay bị chóng mặt lảo đảo, đi đứng cứ nghiêng ngả. Uống trà gừng có đỡ hơn hổng bác?	healthcare_consultant
Nổi mề đay khắp người, ngứa muốn phát điên lên được. Tui xài thuốc bắc bôi lên có bị kích ứng kh bồ?	healthcare_consultant
Đi tiểu rắt, đi vệ sinh mà muốn khóc lun. Uống siro ho có giúp lợi tiểu kh hay phải đi viện bác sĩ?	healthcare_consultant
Cháu ơi, tui bị đau buốt chân răng kinh niên, nhức tới tận óc. Có bài thuốc nam nào hay hơn thuốc giảm đau kh?	healthcare_consultant
Sáng nay thức dậy tự nhiên bị chảy máu cam, máu đỏ lòm sợ quá. Có nên uống thuốc bắc cho bổ máu hổng bồ?	healthcare_consultant
Tức ngực khó thở, tưởng đâu sắp lên thớt tới nơi rồi. Có cần dùng thuốc hạ sốt cho nó mát người kh bsi?	healthcare_consultant
Rụng tóc từng mảng, tui stress kinh khủng. Uống vitamin C có hỗ trợ mọc tóc lại kh bồ?	healthcare_consultant
Mỗi lần ăn vô là ợ chua liên tục, khó chịu vãi. Uống thuốc kháng sinh có bớt trào ngược kh bác sĩ?	healthcare_consultant
Cổ họng tui bị ngứa rát, khó nuốt quá. Uống thuốc dạ dày chữ Y có giúp tráng họng đỡ đau hổng bồ?	healthcare_consultant
Đau buốt chân răng, ù tai, tui sợ bị toang quá bác sĩ ơi. Uống thuốc nam có cắt cơn đc kh?	healthcare_consultant
Chân tui tự nhiên bị sưng tấy ngón chân, đau dữ dội. Bôi thuốc mỡ có đỡ kh bồ?	healthcare_consultant
Hoa mắt chóng mặt kinh khủng, tui mún xỉu ngang. Uống paracetamol có cầm cự đc kh bác sĩ?	healthcare_consultant
Tay chân tui lạnh toát, người mệt mỏi như hổng còn chút sức lực nào. Uống thuốc bắc có ấm người kh bồ?	healthcare_consultant
Mất ngủ trắng đêm, mắt thâm đen lun. Uống thuốc dạ dày chữ Y có gây buồn ngủ kh bác sĩ?	healthcare_consultant
Sáng dậy thấy đau nửa đầu kinh niên, mún toang cái đầu. Tui tự bốc thuốc nam uống có ổn kh bồ?	healthcare_consultant
Bệnh viện Đa Khoa Tỉnh chổ quận 7 có khám ngoài giờ kh, đi từ quận Gò Vấp xa kh nhỉ?	healthcare_center_search
Mng ơi, kím phòng khám tiêu hóa ở quận Hoàn Kiếm mún trầm cảm lun, chỗ đó có xịn mlem kh?	healthcare_center_search
Bồ nào bít đường từ chợ Bến Thành tới Bệnh viện Nhi Đồng nhanh nhất kh, chỉ ngi này zới, gấp quá rùi omg!	healthcare_center_search
Sáng mai tui định qua Bệnh viện Ung Bướu khám, chỗ đó chất lượng mlem mlem kh ạ?	healthcare_center_search
Cho hỏi chi phí khám ở Trung tâm y tế dự phòng quận Hoàn Kiếm có đắt kh mng, sợ viêm màng túi là toang nha.	healthcare_center_search
Bắt chuồn chuồn quá, tui mún đưa bạn tui đi Viện Tim gấp mà kh bít đường từ khu công nghiệp, cứu zới!	healthcare_center_search
Mng ơi, mún khám cơ xương khớp ở Bệnh viện Da liễu thì nên book lịch trc kh, sợ lên thớt phải chờ lâu toang lắm.	healthcare_center_search
Khám hô hấp ở quanh quốc lộ 1A chỗ nào đỉnh chóp nhất zạ anh em?	healthcare_center_search
Cho hỏi Bệnh viện Mắt có nhận khám bảo hiểm y tế kh, đi đường nào từ quận Bình Chánh tiện nhất?	healthcare_center_search
Bồ nào bít đường từ quận 7 tới Bệnh viện Phụ Sản nhanh nhất kh, chỉ ngi này zới, gấp quá rùi omg!	healthcare_center_search
Sáng mai tui định qua Bệnh viện Đa Khoa Tỉnh khám, chỗ đó chất lượng mlem mlem kh ạ?	healthcare_center_search
Cho hỏi chi phí khám ở Bệnh viện Chấn thương Chỉnh hình có đắt kh mng, sợ viêm màng túi là toang nha.	healthcare_center_search
Mng ơi, kím phòng khám ở quanh bến xe Miền Đông mún trầm cảm lun, chỗ đó có xịn mlem kh?	healthcare_center_search
Bồ nào bít đường từ chợ Bến Thành tới Bệnh viện Bạch Mai nhanh nhất kh, chỉ ngi này zới, gấp quá rùi omg!	healthcare_center_search
Sáng mai tui định qua Bệnh viện Chợ Rẫy khám, chỗ đó chất lượng mlem mlem kh ạ?	healthcare_center_search
Cho hỏi chi phí khám ở Bệnh viện K có đắt kh mng, sợ viêm màng túi là toang nha.	healthcare_center_search
Bắt chuồn chuồn quá, tui mún đưa bạn tui đi Bệnh viện Nhi Đồng gấp mà kh bít đường từ khu công nghiệp, cứu zới!	healthcare_center_search
Mng ơi, mún khám cơ xương khớp ở Viện Tim thì nên book lịch trc kh, sợ lên thớt phải chờ lâu toang lắm.	healthcare_center_search
Khám hô hấp ở quanh quốc lộ 1A chỗ nào đỉnh chóp nhất zạ anh em?	healthcare_center_search
Cho hỏi Bệnh viện Da liễu có nhận khám bảo hiểm y tế kh, đi đường nào từ quận Bình Chánh tiện nhất?	healthcare_center_search
Trời ơi hóng tin thị trường cổ phiếu đỉnh chóp lun, có bồ nào bít cặn kẽ kh tóm tắt tui zới!	other
Cách nấu phở bò sao cho ngon mlem mlem zạ mng, tui làm toàn bị fail toang quá.	other
Đang cày rank thì bị lỗi màn hình xanh, cay ngang, mún toang cái máy ln á zì zậy trời.	other
Đang cày rank thì bị rớt mạng wifi, cay ngang, mún toang cái máy ln á zì zậy trời.	other
Đang cày rank thì bị treo logo, cay ngang, mún toang cái máy ln á zì zậy trời.	other
Đang cày rank thì bị hao pin, cay ngang, mún toang cái máy ln á zì zậy trời.	other
Đang cày rank thì bị nóng máy, cay ngang, mún toang cái máy ln á zì zậy trời.	other
Ngi ta đồn dạo này giá trái phiếu lên đỉnh chóp, có nên đu đỉnh kh 500 anh em?	other
Ngi ta đồn dạo này giá vàng 9999 lên đỉnh chóp, có nên đu đỉnh kh 500 anh em?	other
Ngi ta đồn dạo này giá đô la lên đỉnh chóp, có nên đu đỉnh kh 500 anh em?	other
Ngi ta đồn dạo này giá cổ phiếu lên đỉnh chóp, có nên đu đỉnh kh 500 anh em?	other
Ngi ta đồn dạo này giá đất nền lên đỉnh chóp, có nên đu đỉnh kh 500 anh em?	other
Cách nấu mì Quảng sao cho ngon mlem mlem zạ mng, tui làm toàn bị fail toang quá.	other
Cách nấu gỏi cuốn sao cho ngon mlem mlem zạ mng, tui làm toàn bị fail toang quá.	other
Cách nấu bánh mì thịt sao cho ngon mlem mlem zạ mng, tui làm toàn bị fail toang quá.	other
Cách nấu bún chả sao cho ngon mlem mlem zạ mng, tui làm toàn bị fail toang quá.	other
Cách nấu nem rán sao cho ngon mlem mlem zạ mng, tui làm toàn bị fail toang quá.	other
Giời hanh heo thế này tôi lại bị đau buốt chân răng. Thầy nó nhà tôi bảo phải uống thuốc hạ sốt phỏng? Có đáng ngại lắm không hẵng?	healthcare_consultant
Giời hanh heo thế này tôi lại bị chảy máu cam. Thầy nó nhà tôi bảo phải uống thuốc mỡ phỏng? Có đáng ngại lắm không hẵng?	healthcare_consultant
Giời hanh heo thế này tôi lại bị tức ngực khó thở. Thầy nó nhà tôi bảo phải uống thuốc nam phỏng? Có đáng ngại lắm không hẵng?	healthcare_consultant
Giời hanh heo thế này tôi lại bị rụng tóc từng mảng. Thầy nó nhà tôi bảo phải uống thuốc bắc phỏng? Có đáng ngại lắm không hẵng?	healthcare_consultant
Giời hanh heo thế này tôi lại bị ợ chua liên tục. Thầy nó nhà tôi bảo phải uống trà gừng phỏng? Có đáng ngại lắm không hẵng?	healthcare_consultant
Tôi già cả rồi, dạo này lại sinh ra chứng ngứa rát cổ họng. Không biết dùng thuốc nam có chữa dứt điểm được không giời?	healthcare_consultant
Tôi già cả rồi, dạo này lại sinh ra chứng ù tai. Không biết dùng thuốc bắc có chữa dứt điểm được không giời?	healthcare_consultant
Tôi già cả rồi, dạo này lại sinh ra chứng sưng tấy ngón chân. Không biết dùng vitamin C có chữa dứt điểm được không giời?	healthcare_consultant
Tôi già cả rồi, dạo này lại sinh ra chứng hoa mắt chóng mặt. Không biết dùng thuốc giảm đau có chữa dứt điểm được không giời?	healthcare_consultant
Tôi già cả rồi, dạo này lại sinh ra chứng lạnh toát chân tay. Không biết dùng thuốc kháng sinh có chữa dứt điểm được không giời?	healthcare_consultant
Chả hiểu sao sáng dậy tôi cứ bị mất ngủ trắng đêm, khó chịu lắm. Liệu có phải bệnh nặng không bác sĩ hẵng trả lời tôi.	healthcare_consultant
Chả hiểu sao sáng dậy tôi cứ bị đau nửa đầu, khó chịu lắm. Liệu có phải bệnh nặng không bác sĩ hẵng trả lời tôi.	healthcare_consultant
Tôi uống thuốc kháng sinh mấy ngày rồi mà cái chứng đau buốt chân răng nó vẫn không dứt. Có nên đổi thuốc khác không phỏng bác sĩ?	healthcare_consultant
Tôi uống thuốc hạ sốt mấy ngày rồi mà cái chứng chảy máu cam nó vẫn không dứt. Có nên đổi thuốc khác không phỏng bác sĩ?	healthcare_consultant
Bác sĩ mẫn cán tư vấn giúp tôi, người lớn tuổi bị tức ngực khó thở thì xoa bóp bằng thuốc nam có đỡ không hẵng?	healthcare_consultant
Bác sĩ mẫn cán tư vấn giúp tôi, người lớn tuổi bị rụng tóc từng mảng thì xoa bóp bằng thuốc bắc có đỡ không hẵng?	healthcare_consultant
Giời ạ, cứ về đêm là cái lưng lại ợ chua liên tục. Có loại trà gừng nào dùng tốt không nhé?	healthcare_consultant
Giời ạ, cứ về đêm là cái lưng lại ngứa rát cổ họng. Có loại nước sâm nào dùng tốt không nhé?	healthcare_consultant
Thầy nó cho tôi hỏi, từ quận Hoàn Kiếm mà muốn lên Bệnh viện Chấn thương Chỉnh hình thì bắt tuyến xe nào nhỉ? Viện đó có mẫn cán chăm sóc người già không nhé?	healthcare_center_search
Thầy nó cho tôi hỏi, từ quận Cầu Giấy mà muốn lên Bệnh viện Đa Khoa Tỉnh thì bắt tuyến xe nào nhỉ? Viện đó có mẫn cán chăm sóc người già không nhé?	healthcare_center_search
Cậu chỉ giúp tôi đường đến phòng khám tim mạch ở Bệnh viện Chợ Rẫy với. Đi từ quận Gò Vấp thì mất bao lâu phỏng?	healthcare_center_search
Cậu chỉ giúp tôi đường đến phòng khám phụ sản ở Bệnh viện Bạch Mai với. Đi từ quận Bình Chánh thì mất bao lâu phỏng?	healthcare_center_search
Tôi muốn hỏi Bệnh viện K có làm việc cuối tuần không nhé? Tôi định lên đó khám bệnh già.	healthcare_center_search
Tôi muốn hỏi Bệnh viện Mắt có làm việc cuối tuần không nhé? Tôi định lên đó khám bệnh già.	healthcare_center_search
Ở quanh chợ Bến Thành có phòng khám nào uy tín không phỏng? Tôi già rồi đi xa ngại giời nắng nôi.	healthcare_center_search
Cho tôi xin địa chỉ viện Bệnh viện Phụ Sản hẵng. Người lớn tuổi khám BHYT ở đó thủ tục có rườm rà không nhé?	healthcare_center_search
Cho tôi xin địa chỉ viện Trung tâm y tế dự phòng hẵng. Người lớn tuổi khám BHYT ở đó thủ tục có rườm rà không nhé?	healthcare_center_search
Tôi muốn đăng ký khám ở Bệnh viện Chấn thương Chỉnh hình thì có cần người nhà đi cùng không phỏng? Giời ạ, mắt kém tay run đi một mình cũng lo.	healthcare_center_search
Tôi muốn đăng ký khám ở Bệnh viện Đa Khoa Tỉnh thì có cần người nhà đi cùng không phỏng? Giời ạ, mắt kém tay run đi một mình cũng lo.	healthcare_center_search
Cậu xem giúp tôi quanh đường Trần Hưng Đạo có bác sĩ nào giỏi chuyên môn mẫn cán với bệnh nhân không hẵng?	healthcare_center_search
Cậu xem giúp tôi quanh đường Nguyễn Trãi có bác sĩ nào giỏi chuyên môn mẫn cán với bệnh nhân không hẵng?	healthcare_center_search
Đi taxi từ quận Bình Chánh đến Bệnh viện Chấn thương Chỉnh hình mất tầm bao nhiêu tiền phỏng cậu?	healthcare_center_search
Đi taxi từ quận Gò Vấp đến Bệnh viện Đa Khoa Tỉnh mất tầm bao nhiêu tiền phỏng cậu?	healthcare_center_search
Tráng ấm chè mạn ngồi nói chuyện giời, cho tôi hỏi nấu phở bò chuẩn vị Bắc thì phải nêm nếm thế nào hẵng?	other
Tráng ấm chè mạn ngồi nói chuyện giời, cho tôi hỏi nấu bún riêu chuẩn vị Bắc thì phải nêm nếm thế nào hẵng?	other
Giời ạ, cái màn hình bị sọc dọc nhà tôi lại lỗi màn hình xanh rồi. Ở đây có cậu thợ nào mẫn cán đến sửa giúp tôi được không nhé?	other
Giời ạ, cái mic thoại bị rè nhà tôi lại treo logo rồi. Ở đây có cậu thợ nào mẫn cán đến sửa giúp tôi được không nhé?	other
Ông bạn già khuyên tôi mua sổ tiết kiệm để dành. Theo cậu thì thời điểm này có hợp lý không phỏng?	other
Ông bạn già khuyên tôi mua bitcoin để dành. Theo cậu thì thời điểm này có hợp lý không phỏng?	other
Tôi muốn học cách nấu thịt kho tàu cho bữa cỗ gia đình. Nêm gia vị thế nào cho thanh đạm hẵng?	other
Tôi muốn học cách nấu canh chua cá lóc cho bữa cỗ gia đình. Nêm gia vị thế nào cho thanh đạm hẵng?	other
Có cậu nào biết sửa lỗi không gõ được tiếng Việt có dấu của máy tính không? Tôi loay hoay cả buổi sáng mà giời ạ bực cả mình.	other
Có cậu nào biết sửa lỗi nóng máy của điện thoại không? Tôi loay hoay cả buổi sáng mà giời ạ bực cả mình.	other
Giá cổ phiếu VIC hôm nay thế nào rồi phỏng? Thầy nó nhà tôi đang muốn bán ra.	other
Giá vàng 9999 hôm nay thế nào rồi phỏng? Thầy nó nhà tôi đang muốn bán ra.	other
Tôi đang đọc dở quyển sách, mà chữ nhỏ quá giời ạ. Có chỗ nào bán kính lão tốt không nhé?	other
Nấu bún chả thì phải chọn nguyên liệu thế nào hẵng cậu?	other
Bsi ơi, cái giò của tui bị sưng vù, đau như bị kim châm. Bôi thuốc mỡ có giảm đau kh hay phải đi viện?	healthcare_consultant
Tui bị sốt hầm hập mấy ngày nay, sợ bị toang vì sốt xuất huyết quá. Uống vitamin C có hỗ trợ gì kh bồ?	healthcare_consultant
Sáng dậy tui bị cứng khớp ngón tay, kh co duỗi đc. Dùng thuốc nam có làm khớp mềm lại kh bác sĩ?	healthcare_consultant
Trời đất ơi, tui bị nổi mụn nước li ti ở quanh miệng, đau rát vãi. Xài thuốc kháng sinh có êm kh bồ?	healthcare_consultant
Tui bị đầy hơi khó tiêu, bụng cứ ì ạch khó chịu. Uống thuốc dạ dày chữ Y có đỡ hơn kh bác sĩ?	healthcare_consultant
Cổ họng tui bị khô rang, nuốt nước bọt đau thấu trời. Uống trà gừng có giúp dịu họng kh bồ?	healthcare_consultant
Chóng mặt quá, tui ngồi kh vững lun. Uống thuốc an thần có cắt cơn chóng mặt kh bác sĩ?	healthcare_consultant
Con tui bị mẩn đỏ ở vùng tã, bé khóc ré lên tội nghiệp quá. Bôi thuốc bôi ngoài da có lành da bé kh bồ?	healthcare_consultant
Tui bị đau nhức bắp chân khi đi bộ, sợ bị giãn tĩnh mạch quá. Có bài thuốc bắc nào trị đc kh bác sĩ?	healthcare_consultant
Sáng nay tui bị chảy nước mắt sống liên tục, ngứa ngáy khó chịu. Uống thuốc hạ sốt có đỡ kh bồ?	healthcare_consultant
Tức ngực, khó thở, tui sợ bị tim mạch quá trời. Uống thuốc giảm đau có giúp dễ thở hơn kh bác sĩ?	healthcare_consultant
Tóc tui rụng thành nhúm mỗi khi chải, tui stress ngang. Uống vitamin C có giúp tóc chắc khỏe kh bồ?	healthcare_consultant
Ăn vô là trào ngược, cảm giác nóng rát ngực kinh khủng. Uống thuốc kháng sinh có làm nặng thêm kh bác sĩ?	healthcare_consultant
Cổ họng bị viêm, nói kh ra tiếng. Uống thuốc dạ dày chữ Y có làm dịu họng kh bồ?	healthcare_consultant
Bị đau buốt ở răng khôn, nhức lan tận lên đầu. Tui bốc thuốc nam uống có cắt cơn đau đc kh bác sĩ?	healthcare_consultant
Gót chân tui đau nhức như bị kim châm mỗi khi chạm đất. Bôi thuốc mỡ có giúp giảm đau kh bồ?	healthcare_consultant
Hoa mắt, nhìn mọi thứ quay cuồng như đang trên biển. Uống paracetamol có đỡ chóng mặt kh bác sĩ?	healthcare_consultant
Tay chân tui cứ bị tê bì, như có kiến bò. Uống thuốc bắc có lưu thông máu huyết kh bồ?	healthcare_consultant
Đêm qua tui nằm trằn trọc kh tài nào nhắm mắt đc. Uống thuốc dạ dày chữ Y có ngủ ngon hơn kh bác sĩ?	healthcare_consultant
Đau nửa đầu dữ dội, tui mún toang cái đầu lun. Tui tự bốc thuốc nam uống có ổn kh bồ?	healthcare_consultant
Bệnh viện Tâm Thần chổ quận 7 có khám ngoài giờ kh, đi từ quận Gò Vấp xa kh nhỉ?	healthcare_center_search
Mng ơi, kím phòng khám hô hấp ở quận Hoàn Kiếm mún trầm cảm lun, chỗ đó có xịn mlem kh?	healthcare_center_search
Bồ nào bít đường từ chợ Bến Thành tới Bệnh viện Nhi Đồng nhanh nhất kh, chỉ ngi này zới, gấp quá rùi omg!	healthcare_center_search
Sáng mai tui định qua Bệnh viện Ung Bướu khám, chỗ đó chất lượng mlem mlem kh ạ?	healthcare_center_search
Cho hỏi chi phí khám ở Trung tâm y tế dự phòng quận Hoàn Kiếm có đắt kh mng, sợ viêm màng túi là toang nha.	healthcare_center_search
Bắt chuồn chuồn quá, tui mún đưa bạn tui đi Viện Tim gấp mà kh bít đường từ khu công nghiệp, cứu zới!	healthcare_center_search
Mng ơi, mún khám cơ xương khớp ở Bệnh viện Da liễu thì nên book lịch trc kh, sợ lên thớt phải chờ lâu toang lắm.	healthcare_center_search
Khám hô hấp ở quanh quốc lộ 1A chỗ nào đỉnh chóp nhất zạ anh em?	healthcare_center_search
Cho hỏi Bệnh viện Mắt có nhận khám bảo hiểm y tế kh, đi đường nào từ quận Bình Chánh tiện nhất?	healthcare_center_search
Bồ nào bít đường từ quận 7 tới Bệnh viện Phụ Sản nhanh nhất kh, chỉ ngi này zới, gấp quá rùi omg!	healthcare_center_search
Sáng mai tui định qua Bệnh viện Đa Khoa Tỉnh khám, chỗ đó chất lượng mlem mlem kh ạ?	healthcare_center_search
Cho hỏi chi phí khám ở Bệnh viện Chấn thương Chỉnh hình có đắt kh mng, sợ viêm màng túi là toang nha.	healthcare_center_search
Mng ơi, kím phòng khám ở quanh bến xe Miền Đông mún trầm cảm lun, chỗ đó có xịn mlem kh?	healthcare_center_search
Bồ nào bít đường từ chợ Bến Thành tới Bệnh viện Bạch Mai nhanh nhất kh, chỉ ngi này zới, gấp quá rùi omg!	healthcare_center_search
Sáng mai tui định qua Bệnh viện Chợ Rẫy khám, chỗ đó chất lượng mlem mlem kh ạ?	healthcare_center_search
Cho hỏi chi phí khám ở Bệnh viện K có đắt kh mng, sợ viêm màng túi là toang nha.	healthcare_center_search
Bắt chuồn chuồn quá, tui mún đưa bạn tui đi Bệnh viện Nhi Đồng gấp mà kh bít đường từ khu công nghiệp, cứu zới!	healthcare_center_search
Mng ơi, mún khám cơ xương khớp ở Viện Tim thì nên book lịch trc kh, sợ lên thớt phải chờ lâu toang lắm.	healthcare_center_search
Khám hô hấp ở quanh quốc lộ 1A chỗ nào đỉnh chóp nhất zạ anh em?	healthcare_center_search
Cho hỏi Bệnh viện Da liễu có nhận khám bảo hiểm y tế kh, đi đường nào từ quận Bình Chánh tiện nhất?	healthcare_center_search
Trời ơi hóng tin thị trường cổ phiếu đỉnh chóp lun, có bồ nào bít cặn kẽ kh tóm tắt tui zới!	other
Cách nấu phở bò sao cho ngon mlem mlem zạ mng, tui làm toàn bị fail toang quá.	other
Đang cày rank thì bị lỗi màn hình xanh, cay ngang, mún toang cái máy ln á zì zậy trời.	other
Đang cày rank thì bị rớt mạng wifi, cay ngang, mún toang cái máy ln á zì zậy trời.	other
Đang cày rank thì bị treo logo, cay ngang, mún toang cái máy ln á zì zậy trời.	other
Đang cày rank thì bị hao pin, cay ngang, mún toang cái máy ln á zì zậy trời.	other
Đang cày rank thì bị nóng máy, cay ngang, mún toang cái máy ln á zì zậy trời.	other
Ngi ta đồn dạo này giá trái phiếu lên đỉnh chóp, có nên đu đỉnh kh 500 anh em?	other
Ngi ta đồn dạo này giá vàng 9999 lên đỉnh chóp, có nên đu đỉnh kh 500 anh em?	other
Ngi ta đồn dạo này giá đô la lên đỉnh chóp, có nên đu đỉnh kh 500 anh em?	other
Ngi ta đồn dạo này giá cổ phiếu lên đỉnh chóp, có nên đu đỉnh kh 500 anh em?	other
Ngi ta đồn dạo này giá đất nền lên đỉnh chóp, có nên đu đỉnh kh 500 anh em?	other
Cách nấu mì Quảng sao cho ngon mlem mlem zạ mng, tui làm toàn bị fail toang quá.	other
Cách nấu gỏi cuốn sao cho ngon mlem mlem zạ mng, tui làm toàn bị fail toang quá.	other
Cách nấu bánh mì thịt sao cho ngon mlem mlem zạ mng, tui làm toàn bị fail toang quá.	other
Cách nấu bún chả sao cho ngon mlem mlem zạ mng, tui làm toàn bị fail toang quá.	other
Cách nấu nem rán sao cho ngon mlem mlem zạ mng, tui làm toàn bị fail toang quá.	other
Giời hanh heo thế này tôi lại bị đau buốt chân răng. Thầy nó nhà tôi bảo phải uống thuốc hạ sốt phỏng? Có đáng ngại lắm không hẵng?	healthcare_consultant
Giời hanh heo thế này tôi lại bị chảy máu cam. Thầy nó nhà tôi bảo phải uống thuốc mỡ phỏng? Có đáng ngại lắm không hẵng?	healthcare_consultant
Giời hanh heo thế này tôi lại bị tức ngực khó thở. Thầy nó nhà tôi bảo phải uống thuốc nam phỏng? Có đáng ngại lắm không hẵng?	healthcare_consultant
Giời hanh heo thế này tôi lại bị rụng tóc từng mảng. Thầy nó nhà tôi bảo phải uống thuốc bắc phỏng? Có đáng ngại lắm không hẵng?	healthcare_consultant
Giời hanh heo thế này tôi lại bị ợ chua liên tục. Thầy nó nhà tôi bảo phải uống trà gừng phỏng? Có đáng ngại lắm không hẵng?	healthcare_consultant
Tôi già cả rồi, dạo này lại sinh ra chứng ngứa rát cổ họng. Không biết dùng thuốc nam có chữa dứt điểm được không giời?	healthcare_consultant
Tôi già cả rồi, dạo này lại sinh ra chứng ù tai. Không biết dùng thuốc bắc có chữa dứt điểm được không giời?	healthcare_consultant
Tôi già cả rồi, dạo này lại sinh ra chứng sưng tấy ngón chân. Không biết dùng vitamin C có chữa dứt điểm được không giời?	healthcare_consultant
Tôi già cả rồi, dạo này lại sinh ra chứng hoa mắt chóng mặt. Không biết dùng thuốc giảm đau có chữa dứt điểm được không giời?	healthcare_consultant
Tôi già cả rồi, dạo này lại sinh ra chứng lạnh toát chân tay. Không biết dùng thuốc kháng sinh có chữa dứt điểm được không giời?	healthcare_consultant
Chả hiểu sao sáng dậy tôi cứ bị mất ngủ trắng đêm, khó chịu lắm. Liệu có phải bệnh nặng không bác sĩ hẵng trả lời tôi.	healthcare_consultant
Chả hiểu sao sáng dậy tôi cứ bị đau nửa đầu, khó chịu lắm. Liệu có phải bệnh nặng không bác sĩ hẵng trả lời tôi.	healthcare_consultant
Tôi uống thuốc kháng sinh mấy ngày rồi mà cái chứng đau buốt chân răng nó vẫn không dứt. Có nên đổi thuốc khác không phỏng bác sĩ?	healthcare_consultant
Tôi uống thuốc hạ sốt mấy ngày rồi mà cái chứng chảy máu cam nó vẫn không dứt. Có nên đổi thuốc khác không phỏng bác sĩ?	healthcare_consultant
Bác sĩ mẫn cán tư vấn giúp tôi, người lớn tuổi bị tức ngực khó thở thì xoa bóp bằng thuốc nam có đỡ không hẵng?	healthcare_consultant
Bác sĩ mẫn cán tư vấn giúp tôi, người lớn tuổi bị rụng tóc từng mảng thì xoa bóp bằng thuốc bắc có đỡ không hẵng?	healthcare_consultant
Giời ạ, cứ về đêm là cái lưng lại ợ chua liên tục. Có loại trà gừng nào dùng tốt không nhé?	healthcare_consultant
Giời ạ, cứ về đêm là cái lưng lại ngứa rát cổ họng. Có loại nước sâm nào dùng tốt không nhé?	healthcare_consultant
Thầy nó cho tôi hỏi, từ quận Hoàn Kiếm mà muốn lên Bệnh viện Chấn thương Chỉnh hình thì bắt tuyến xe nào nhỉ? Viện đó có mẫn cán chăm sóc người già không nhé?	healthcare_center_search
Thầy nó cho tôi hỏi, từ quận Cầu Giấy mà muốn lên Bệnh viện Đa Khoa Tỉnh thì bắt tuyến xe nào nhỉ? Viện đó có mẫn cán chăm sóc người già không nhé?	healthcare_center_search
Cậu chỉ giúp tôi đường đến phòng khám tim mạch ở Bệnh viện Chợ Rẫy với. Đi từ quận Gò Vấp thì mất bao lâu phỏng?	healthcare_center_search
Cậu chỉ giúp tôi đường đến phòng khám phụ sản ở Bệnh viện Bạch Mai với. Đi từ quận Bình Chánh thì mất bao lâu phỏng?	healthcare_center_search
Tôi muốn hỏi Bệnh viện K có làm việc cuối tuần không nhé? Tôi định lên đó khám bệnh già.	healthcare_center_search
Tôi muốn hỏi Bệnh viện Mắt có làm việc cuối tuần không nhé? Tôi định lên đó khám bệnh già.	healthcare_center_search
Ở quanh chợ Bến Thành có phòng khám nào uy tín không phỏng? Tôi già rồi đi xa ngại giời nắng nôi.	healthcare_center_search
Cho tôi xin địa chỉ viện Bệnh viện Phụ Sản hẵng. Người lớn tuổi khám BHYT ở đó thủ tục có rườm rà không nhé?	healthcare_center_search
Cho tôi xin địa chỉ viện Trung tâm y tế dự phòng hẵng. Người lớn tuổi khám BHYT ở đó thủ tục có rườm rà không nhé?	healthcare_center_search
Tôi muốn đăng ký khám ở Bệnh viện Chấn thương Chỉnh hình thì có cần người nhà đi cùng không phỏng? Giời ạ, mắt kém tay run đi một mình cũng lo.	healthcare_center_search
Tôi muốn đăng ký khám ở Bệnh viện Đa Khoa Tỉnh thì có cần người nhà đi cùng không phỏng? Giời ạ, mắt kém tay run đi một mình cũng lo.	healthcare_center_search
Cậu xem giúp tôi quanh đường Trần Hưng Đạo có bác sĩ nào giỏi chuyên môn mẫn cán với bệnh nhân không hẵng?	healthcare_center_search
Cậu xem giúp tôi quanh đường Nguyễn Trãi có bác sĩ nào giỏi chuyên môn mẫn cán với bệnh nhân không hẵng?	healthcare_center_search
Đi taxi từ quận Bình Chánh đến Bệnh viện Chấn thương Chỉnh hình mất tầm bao nhiêu tiền phỏng cậu?	healthcare_center_search
Đi taxi từ quận Gò Vấp đến Bệnh viện Đa Khoa Tỉnh mất tầm bao nhiêu tiền phỏng cậu?	healthcare_center_search
Tráng ấm chè mạn ngồi nói chuyện giời, cho tôi hỏi nấu phở bò chuẩn vị Bắc thì phải nêm nếm thế nào hẵng?	other
Tráng ấm chè mạn ngồi nói chuyện giời, cho tôi hỏi nấu bún riêu chuẩn vị Bắc thì phải nêm nếm thế nào hẵng?	other
Giời ạ, cái màn hình bị sọc dọc nhà tôi lại lỗi màn hình xanh rồi. Ở đây có cậu thợ nào mẫn cán đến sửa giúp tôi được không nhé?	other
Giời ạ, cái mic thoại bị rè nhà tôi lại treo logo rồi. Ở đây có cậu thợ nào mẫn cán đến sửa giúp tôi được không nhé?	other
Ông bạn già khuyên tôi mua sổ tiết kiệm để dành. Theo cậu thì thời điểm này có hợp lý không phỏng?	other
Ông bạn già khuyên tôi mua bitcoin để dành. Theo cậu thì thời điểm này có hợp lý không phỏng?	other
Tôi muốn học cách nấu thịt kho tàu cho bữa cỗ gia đình. Nêm gia vị thế nào cho thanh đạm hẵng?	other
Tôi muốn học cách nấu canh chua cá lóc cho bữa cỗ gia đình. Nêm gia vị thế nào cho thanh đạm hẵng?	other
Có cậu nào biết sửa lỗi không gõ được tiếng Việt có dấu của máy tính không? Tôi loay hoay cả buổi sáng mà giời ạ bực cả mình.	other
Có cậu nào biết sửa lỗi nóng máy của điện thoại không? Tôi loay hoay cả buổi sáng mà giời ạ bực cả mình.	other
Giá cổ phiếu VIC hôm nay thế nào rồi phỏng? Thầy nó nhà tôi đang muốn bán ra.	other
Giá vàng 9999 hôm nay thế nào rồi phỏng? Thầy nó nhà tôi đang muốn bán ra.	other
Tôi đang đọc dở quyển sách, mà chữ nhỏ quá giời ạ. Có chỗ nào bán kính lão tốt không nhé?	other
Nấu bún chả thì phải chọn nguyên liệu thế nào hẵng cậu?	other
Nấu nem rán thì phải chọn nguyên liệu thế nào hẵng cậu?	other
Bsi ơi, tui bị đau nửa đầu nhức bưng bưng, chắc do thiếu máu não rồi. Uống thuốc giảm đau có sao hổng bác?	healthcare_consultant
Cứu tui với, tui bị đau quặn dạ dày dữ dội sau khi ăn đồ lạ. Uống thuốc kháng sinh liệu có hết hổng bồ?	healthcare_consultant
Bị sốt miên man, đầu óc tui lơ mơ như bắt chuồn chuồn á. Bôi thuốc mỡ vô thái dương có hạ sốt kh bác?	healthcare_consultant
Chời ơi, con tui nó ho sặc sụa, tội nghiệp quá. Uống thuốc dạ dày chữ Y có êm hổng bồ tèo?	healthcare_consultant
Mỏi nhừ cơ khớp quá xá, đi đứng như người mất hồn. Uống thuốc nam có đủ sức làm việc kh bác sĩ?	healthcare_consultant
Tui hay bị chóng mặt lảo đảo, đi đứng cứ nghiêng ngả. Uống trà gừng có đỡ hơn hổng bác?	healthcare_consultant
Nổi mề đay khắp người, ngứa muốn phát điên lên được. Tui xài thuốc bắc bôi lên có bị kích ứng kh bồ?	healthcare_consultant
Đi tiểu rắt, đi vệ sinh mà muốn khóc lun. Uống siro ho có giúp lợi tiểu kh hay phải đi viện bác sĩ?	healthcare_consultant
Cháu ơi, tui bị đau buốt chân răng kinh niên, nhức tới tận óc. Có bài thuốc nam nào hay hơn thuốc giảm đau kh?	healthcare_consultant
Sáng nay thức dậy tự nhiên bị chảy máu cam, máu đỏ lòm sợ quá. Có nên uống thuốc bắc cho bổ máu hổng bồ?	healthcare_consultant
Tức ngực khó thở, tưởng đâu sắp lên thớt tới nơi rồi. Có cần dùng thuốc hạ sốt cho nó mát người kh bsi?	healthcare_consultant
Rụng tóc từng mảng, tui stress kinh khủng. Uống vitamin C có hỗ trợ mọc tóc lại kh bồ?	healthcare_consultant
Mỗi lần ăn vô là ợ chua liên tục, khó chịu vãi. Uống thuốc kháng sinh có bớt trào ngược kh bác sĩ?	healthcare_consultant
Cổ họng tui bị ngứa rát, khó nuốt quá. Uống thuốc dạ dày chữ Y có giúp tráng họng đỡ đau hổng bồ?	healthcare_consultant
Đau buốt chân răng, ù tai, tui sợ bị toang quá bác sĩ ơi. Uống thuốc nam có cắt cơn đc kh?	healthcare_consultant
Chân tui tự nhiên bị sưng tấy ngón chân, đau dữ dội. Bôi thuốc mỡ có đỡ kh bồ?	healthcare_consultant
Hoa mắt chóng mặt kinh khủng, tui mún xỉu ngang. Uống paracetamol có cầm cự đc kh bác sĩ?	healthcare_consultant
Tay chân tui lạnh toát, người mệt mỏi như hổng còn chút sức lực nào. Uống thuốc bắc có ấm người kh bồ?	healthcare_consultant
Mất ngủ trắng đêm, mắt thâm đen lun. Uống thuốc dạ dày chữ Y có gây buồn ngủ kh bác sĩ?	healthcare_consultant
Sáng dậy thấy đau nửa đầu kinh niên, mún toang cái đầu. Tui tự bốc thuốc nam uống có ổn kh bồ?	healthcare_consultant
Bệnh viện Đa Khoa Tỉnh chổ quận 7 có khám ngoài giờ kh, đi từ quận Gò Vấp xa kh nhỉ?	healthcare_center_search
Mng ơi, kím phòng khám tiêu hóa ở quận Hoàn Kiếm mún trầm cảm lun, chỗ đó có xịn mlem kh?	healthcare_center_search
Bồ nào bít đường từ chợ Bến Thành tới Bệnh viện Nhi Đồng nhanh nhất kh, chỉ ngi này zới, gấp quá rùi omg!	healthcare_center_search
Sáng mai tui định qua Bệnh viện Ung Bướu khám, chỗ đó chất lượng mlem mlem kh ạ?	healthcare_center_search
Cho hỏi chi phí khám ở Trung tâm y tế dự phòng quận Hoàn Kiếm có đắt kh mng, sợ viêm màng túi là toang nha.	healthcare_center_search
Bắt chuồn chuồn quá, tui mún đưa bạn tui đi Viện Tim gấp mà kh bít đường từ khu công nghiệp, cứu zới!	healthcare_center_search
Mng ơi, mún khám cơ xương khớp ở Bệnh viện Da liễu thì nên book lịch trc kh, sợ lên thớt phải chờ lâu toang lắm.	healthcare_center_search
Khám hô hấp ở quanh quốc lộ 1A chỗ nào đỉnh chóp nhất zạ anh em?	healthcare_center_search
Cho hỏi Bệnh viện Mắt có nhận khám bảo hiểm y tế kh, đi đường nào từ quận Bình Chánh tiện nhất?	healthcare_center_search
Bồ nào bít đường từ quận 7 tới Bệnh viện Phụ Sản nhanh nhất kh, chỉ ngi này zới, gấp quá rùi omg!	healthcare_center_search
Sáng mai tui định qua Bệnh viện Đa Khoa Tỉnh khám, chỗ đó chất lượng mlem mlem kh ạ?	healthcare_center_search
Cho hỏi chi phí khám ở Bệnh viện Chấn thương Chỉnh hình có đắt kh mng, sợ viêm màng túi là toang nha.	healthcare_center_search
Mng ơi, kím phòng khám ở quanh bến xe Miền Đông mún trầm cảm lun, chỗ đó có xịn mlem kh?	healthcare_center_search
Bồ nào bít đường từ chợ Bến Thành tới Bệnh viện Bạch Mai nhanh nhất kh, chỉ ngi này zới, gấp quá rùi omg!	healthcare_center_search
Sáng mai tui định qua Bệnh viện Chợ Rẫy khám, chỗ đó chất lượng mlem mlem kh ạ?	healthcare_center_search
Cho hỏi chi phí khám ở Bệnh viện K có đắt kh mng, sợ viêm màng túi là toang nha.	healthcare_center_search
Bắt chuồn chuồn quá, tui mún đưa bạn tui đi Bệnh viện Nhi Đồng gấp mà kh bít đường từ khu công nghiệp, cứu zới!	healthcare_center_search
Mng ơi, mún khám cơ xương khớp ở Viện Tim thì nên book lịch trc kh, sợ lên thớt phải chờ lâu toang lắm.	healthcare_center_search
Khám hô hấp ở quanh quốc lộ 1A chỗ nào đỉnh chóp nhất zạ anh em?	healthcare_center_search
Cho hỏi Bệnh viện Da liễu có nhận khám bảo hiểm y tế kh, đi đường nào từ quận Bình Chánh tiện nhất?	healthcare_center_search
Trời ơi hóng tin thị trường cổ phiếu đỉnh chóp lun, có bồ nào bít cặn kẽ kh tóm tắt tui zới!	other
Cách nấu phở bò sao cho ngon mlem mlem zạ mng, tui làm toàn bị fail toang quá.	other
Đang cày rank thì bị lỗi màn hình xanh, cay ngang, mún toang cái máy ln á zì zậy trời.	other
Đang cày rank thì bị rớt mạng wifi, cay ngang, mún toang cái máy ln á zì zậy trời.	other
Đang cày rank thì bị treo logo, cay ngang, mún toang cái máy ln á zì zậy trời.	other
Đang cày rank thì bị hao pin, cay ngang, mún toang cái máy ln á zì zậy trời.	other
Đang cày rank thì bị nóng máy, cay ngang, mún toang cái máy ln á zì zậy trời.	other
Ngi ta đồn dạo này giá trái phiếu lên đỉnh chóp, có nên đu đỉnh kh 500 anh em?	other
Ngi ta đồn dạo này giá vàng 9999 lên đỉnh chóp, có nên đu đỉnh kh 500 anh em?	other
Ngi ta đồn dạo này giá đô la lên đỉnh chóp, có nên đu đỉnh kh 500 anh em?	other
Ngi ta đồn dạo này giá cổ phiếu lên đỉnh chóp, có nên đu đỉnh kh 500 anh em?	other
Ngi ta đồn dạo này giá đất nền lên đỉnh chóp, có nên đu đỉnh kh 500 anh em?	other
Cách nấu mì Quảng sao cho ngon mlem mlem zạ mng, tui làm toàn bị fail toang quá.	other
Cách nấu gỏi cuốn sao cho ngon mlem mlem zạ mng, tui làm toàn bị fail toang quá.	other
Cách nấu bánh mì thịt sao cho ngon mlem mlem zạ mng, tui làm toàn bị fail toang quá.	other
Cách nấu bún chả sao cho ngon mlem mlem zạ mng, tui làm toàn bị fail toang quá.	other
Cách nấu nem rán sao cho ngon mlem mlem zạ mng, tui làm toàn bị fail toang quá.	other
Giời hanh heo thế này tôi lại bị đau buốt chân răng. Thầy nó nhà tôi bảo phải uống thuốc hạ sốt phỏng? Có đáng ngại lắm không hẵng?	healthcare_consultant
Giời hanh heo thế này tôi lại bị chảy máu cam. Thầy nó nhà tôi bảo phải uống thuốc mỡ phỏng? Có đáng ngại lắm không hẵng?	healthcare_consultant
Giời hanh heo thế này tôi lại bị tức ngực khó thở. Thầy nó nhà tôi bảo phải uống thuốc nam phỏng? Có đáng ngại lắm không hẵng?	healthcare_consultant
Giời hanh heo thế này tôi lại bị rụng tóc từng mảng. Thầy nó nhà tôi bảo phải uống thuốc bắc phỏng? Có đáng ngại lắm không hẵng?	healthcare_consultant
Giời hanh heo thế này tôi lại bị ợ chua liên tục. Thầy nó nhà tôi bảo phải uống trà gừng phỏng? Có đáng ngại lắm không hẵng?	healthcare_consultant
Tôi già cả rồi, dạo này lại sinh ra chứng ngứa rát cổ họng. Không biết dùng thuốc nam có chữa dứt điểm được không giời?	healthcare_consultant
Tôi già cả rồi, dạo này lại sinh ra chứng ù tai. Không biết dùng thuốc bắc có chữa dứt điểm được không giời?	healthcare_consultant
Tôi già cả rồi, dạo này lại sinh ra chứng sưng tấy ngón chân. Không biết dùng vitamin C có chữa dứt điểm được không giời?	healthcare_consultant
Tôi già cả rồi, dạo này lại sinh ra chứng hoa mắt chóng mặt. Không biết dùng thuốc giảm đau có chữa dứt điểm được không giời?	healthcare_consultant
Tôi già cả rồi, dạo này lại sinh ra chứng lạnh toát chân tay. Không biết dùng thuốc kháng sinh có chữa dứt điểm được không giời?	healthcare_consultant
Chả hiểu sao sáng dậy tôi cứ bị mất ngủ trắng đêm, khó chịu lắm. Liệu có phải bệnh nặng không bác sĩ hẵng trả lời tôi.	healthcare_consultant
Chả hiểu sao sáng dậy tôi cứ bị đau nửa đầu, khó chịu lắm. Liệu có phải bệnh nặng không bác sĩ hẵng trả lời tôi.	healthcare_consultant
Tôi uống thuốc kháng sinh mấy ngày rồi mà cái chứng đau buốt chân răng nó vẫn không dứt. Có nên đổi thuốc khác không phỏng bác sĩ?	healthcare_consultant
Tôi uống thuốc hạ sốt mấy ngày rồi mà cái chứng chảy máu cam nó vẫn không dứt. Có nên đổi thuốc khác không phỏng bác sĩ?	healthcare_consultant
Bác sĩ mẫn cán tư vấn giúp tôi, người lớn tuổi bị tức ngực khó thở thì xoa bóp bằng thuốc nam có đỡ không hẵng?	healthcare_consultant
Bác sĩ mẫn cán tư vấn giúp tôi, người lớn tuổi bị rụng tóc từng mảng thì xoa bóp bằng thuốc bắc có đỡ không hẵng?	healthcare_consultant
Giời ạ, cứ về đêm là cái lưng lại ợ chua liên tục. Có loại trà gừng nào dùng tốt không nhé?	healthcare_consultant
Giời ạ, cứ về đêm là cái lưng lại ngứa rát cổ họng. Có loại nước sâm nào dùng tốt không nhé?	healthcare_consultant
Thầy nó cho tôi hỏi, từ quận Hoàn Kiếm mà muốn lên Bệnh viện Chấn thương Chỉnh hình thì bắt tuyến xe nào nhỉ? Viện đó có mẫn cán chăm sóc người già không nhé?	healthcare_center_search
Thầy nó cho tôi hỏi, từ quận Cầu Giấy mà muốn lên Bệnh viện Đa Khoa Tỉnh thì bắt tuyến xe nào nhỉ? Viện đó có mẫn cán chăm sóc người già không nhé?	healthcare_center_search
Cậu chỉ giúp tôi đường đến phòng khám tim mạch ở Bệnh viện Chợ Rẫy với. Đi từ quận Gò Vấp thì mất bao lâu phỏng?	healthcare_center_search
Cậu chỉ giúp tôi đường đến phòng khám phụ sản ở Bệnh viện Bạch Mai với. Đi từ quận Bình Chánh thì mất bao lâu phỏng?	healthcare_center_search
Tôi muốn hỏi Bệnh viện K có làm việc cuối tuần không nhé? Tôi định lên đó khám bệnh già.	healthcare_center_search
Tôi muốn hỏi Bệnh viện Mắt có làm việc cuối tuần không nhé? Tôi định lên đó khám bệnh già.	healthcare_center_search
Ở quanh chợ Bến Thành có phòng khám nào uy tín không phỏng? Tôi già rồi đi xa ngại giời nắng nôi.	healthcare_center_search
Cho tôi xin địa chỉ viện Bệnh viện Phụ Sản hẵng. Người lớn tuổi khám BHYT ở đó thủ tục có rườm rà không nhé?	healthcare_center_search
Cho tôi xin địa chỉ viện Trung tâm y tế dự phòng hẵng. Người lớn tuổi khám BHYT ở đó thủ tục có rườm rà không nhé?	healthcare_center_search
Tôi muốn đăng ký khám ở Bệnh viện Chấn thương Chỉnh hình thì có cần người nhà đi cùng không phỏng? Giời ạ, mắt kém tay run đi một mình cũng lo.	healthcare_center_search
Tôi muốn đăng ký khám ở Bệnh viện Đa Khoa Tỉnh thì có cần người nhà đi cùng không phỏng? Giời ạ, mắt kém tay run đi một mình cũng lo.	healthcare_center_search
Cậu xem giúp tôi quanh đường Trần Hưng Đạo có bác sĩ nào giỏi chuyên môn mẫn cán với bệnh nhân không hẵng?	healthcare_center_search
Cậu xem giúp tôi quanh đường Nguyễn Trãi có bác sĩ nào giỏi chuyên môn mẫn cán với bệnh nhân không hẵng?	healthcare_center_search
Đi taxi từ quận Bình Chánh đến Bệnh viện Chấn thương Chỉnh hình mất tầm bao nhiêu tiền phỏng cậu?	healthcare_center_search
Đi taxi từ quận Gò Vấp đến Bệnh viện Đa Khoa Tỉnh mất tầm bao nhiêu tiền phỏng cậu?	healthcare_center_search
Tráng ấm chè mạn ngồi nói chuyện giời, cho tôi hỏi nấu phở bò chuẩn vị Bắc thì phải nêm nếm thế nào hẵng?	other
Tráng ấm chè mạn ngồi nói chuyện giời, cho tôi hỏi nấu bún riêu chuẩn vị Bắc thì phải nêm nếm thế nào hẵng?	other
Giời ạ, cái màn hình bị sọc dọc nhà tôi lại lỗi màn hình xanh rồi. Ở đây có cậu thợ nào mẫn cán đến sửa giúp tôi được không nhé?	other
Giời ạ, cái mic thoại bị rè nhà tôi lại treo logo rồi. Ở đây có cậu thợ nào mẫn cán đến sửa giúp tôi được không nhé?	other
Ông bạn già khuyên tôi mua sổ tiết kiệm để dành. Theo cậu thì thời điểm này có hợp lý không phỏng?	other
Ông bạn già khuyên tôi mua bitcoin để dành. Theo cậu thì thời điểm này có hợp lý không phỏng?	other
Tôi muốn học cách nấu thịt kho tàu cho bữa cỗ gia đình. Nêm gia vị thế nào cho thanh đạm hẵng?	other
Tôi muốn học cách nấu canh chua cá lóc cho bữa cỗ gia đình. Nêm gia vị thế nào cho thanh đạm hẵng?	other
Có cậu nào biết sửa lỗi không gõ được tiếng Việt có dấu của máy tính không? Tôi loay hoay cả buổi sáng mà giời ạ bực cả mình.	other
Có cậu nào biết sửa lỗi nóng máy của điện thoại không? Tôi loay hoay cả buổi sáng mà giời ạ bực cả mình.	other
Giá cổ phiếu VIC hôm nay thế nào rồi phỏng? Thầy nó nhà tôi đang muốn bán ra.	other
Giá vàng 9999 hôm nay thế nào rồi phỏng? Thầy nó nhà tôi đang muốn bán ra.	other
Tôi đang đọc dở quyển sách, mà chữ nhỏ quá giời ạ. Có chỗ nào bán kính lão tốt không nhé?	other
Nấu bún chả thì phải chọn nguyên liệu thế nào hẵng cậu?	other
Nấu nem rán thì phải chọn nguyên liệu thế nào hẵng cậu?	other
Bác sĩ ơi, tôi đang bị xơ gan; uống nước và ăn uống thế nào để đỡ mệt hơn?	healthcare_consultant
Cho em hỏi nếu bị xơ gan thì uống nước và ăn uống thế nào để đỡ mệt hơn, hay phải dùng thuốc mới ổn ạ?	healthcare_consultant
Cứ để bệnh xơ gan hành hạ mãi chắc không ổn, tôi nên uống nước và ăn uống thế nào để đỡ mệt hơn?	healthcare_consultant
Nhà em có người lớn tuổi bị xơ gan, muốn đổi thói quen sinh hoạt thì uống nước và ăn uống thế nào để đỡ mệt hơn?	healthcare_consultant
Tui bị xơ gan nên hơi lo, uống nước và ăn uống thế nào để đỡ mệt hơn hông bác sĩ?	healthcare_consultant
Bác sĩ ơi, tôi đang bị gan nhiễm mỡ; giảm cơm trắng, đồ ngọt và tập đi bộ ra sao cho hợp lý?	healthcare_consultant
Cho em hỏi nếu bị gan nhiễm mỡ thì giảm cơm trắng, đồ ngọt và tập đi bộ ra sao cho hợp lý, hay phải dùng thuốc mới ổn ạ?	healthcare_consultant
Cứ để bệnh gan nhiễm mỡ hành hạ mãi chắc không ổn, tôi nên giảm cơm trắng, đồ ngọt và tập đi bộ ra sao cho hợp lý?	healthcare_consultant
Nhà em có người lớn tuổi bị gan nhiễm mỡ, muốn đổi thói quen sinh hoạt thì giảm cơm trắng, đồ ngọt và tập đi bộ ra sao cho hợp lý?	healthcare_consultant
Tui bị gan nhiễm mỡ nên hơi lo, giảm cơm trắng, đồ ngọt và tập đi bộ ra sao cho hợp lý hông bác sĩ?	healthcare_consultant
Bác sĩ ơi, tôi đang bị mỡ máu cao; ăn trứng, thịt đỏ và dầu mỡ thế nào cho an toàn?	healthcare_consultant
Cho em hỏi nếu bị mỡ máu cao thì ăn trứng, thịt đỏ và dầu mỡ thế nào cho an toàn, hay phải dùng thuốc mới ổn ạ?	healthcare_consultant
Cứ để bệnh mỡ máu cao hành hạ mãi chắc không ổn, tôi nên ăn trứng, thịt đỏ và dầu mỡ thế nào cho an toàn?	healthcare_consultant
Nhà em có người lớn tuổi bị mỡ máu cao, muốn đổi thói quen sinh hoạt thì ăn trứng, thịt đỏ và dầu mỡ thế nào cho an toàn?	healthcare_consultant
Tui bị mỡ máu cao nên hơi lo, ăn trứng, thịt đỏ và dầu mỡ thế nào cho an toàn hông bác sĩ?	healthcare_consultant
Bác sĩ ơi, tôi đang bị tăng huyết áp; giảm muối, ngủ nghỉ và vận động thế nào để huyết áp ổn hơn?	healthcare_consultant
Cho em hỏi nếu bị tăng huyết áp thì giảm muối, ngủ nghỉ và vận động thế nào để huyết áp ổn hơn, hay phải dùng thuốc mới ổn ạ?	healthcare_consultant
Cứ để bệnh tăng huyết áp hành hạ mãi chắc không ổn, tôi nên giảm muối, ngủ nghỉ và vận động thế nào để huyết áp ổn hơn?	healthcare_consultant
Nhà em có người lớn tuổi bị tăng huyết áp, muốn đổi thói quen sinh hoạt thì giảm muối, ngủ nghỉ và vận động thế nào để huyết áp ổn hơn?	healthcare_consultant
Tui bị tăng huyết áp nên hơi lo, giảm muối, ngủ nghỉ và vận động thế nào để huyết áp ổn hơn hông bác sĩ?	healthcare_consultant
Bác sĩ ơi, tôi đang bị tiểu đường type 2; chia bữa, ăn trái cây và đi bộ sau ăn có giúp kiểm soát đường không?	healthcare_consultant
Cho em hỏi nếu bị tiểu đường type 2 thì chia bữa, ăn trái cây và đi bộ sau ăn có giúp kiểm soát đường không, hay phải dùng thuốc mới ổn ạ?	healthcare_consultant
Cứ để bệnh tiểu đường type 2 hành hạ mãi chắc không ổn, tôi nên chia bữa, ăn trái cây và đi bộ sau ăn có giúp kiểm soát đường không?	healthcare_consultant
Nhà em có người lớn tuổi bị tiểu đường type 2, muốn đổi thói quen sinh hoạt thì chia bữa, ăn trái cây và đi bộ sau ăn có giúp kiểm soát đường không?	healthcare_consultant
Tui bị tiểu đường type 2 nên hơi lo, chia bữa, ăn trái cây và đi bộ sau ăn có giúp kiểm soát đường không hông bác sĩ?	healthcare_consultant
Bác sĩ ơi, tôi đang bị trào ngược dạ dày; ăn tối sớm, kê cao gối và bớt cà phê có cải thiện không?	healthcare_consultant
Cho em hỏi nếu bị trào ngược dạ dày thì ăn tối sớm, kê cao gối và bớt cà phê có cải thiện không, hay phải dùng thuốc mới ổn ạ?	healthcare_consultant
Cứ để bệnh trào ngược dạ dày hành hạ mãi chắc không ổn, tôi nên ăn tối sớm, kê cao gối và bớt cà phê có cải thiện không?	healthcare_consultant
Nhà em có người lớn tuổi bị trào ngược dạ dày, muốn đổi thói quen sinh hoạt thì ăn tối sớm, kê cao gối và bớt cà phê có cải thiện không?	healthcare_consultant
Tui bị trào ngược dạ dày nên hơi lo, ăn tối sớm, kê cao gối và bớt cà phê có cải thiện không hông bác sĩ?	healthcare_consultant
Bác sĩ ơi, tôi đang bị viêm dạ dày; ăn cay, uống cà phê và bỏ bữa có làm bệnh nặng hơn không?	healthcare_consultant
Cho em hỏi nếu bị viêm dạ dày thì ăn cay, uống cà phê và bỏ bữa có làm bệnh nặng hơn không, hay phải dùng thuốc mới ổn ạ?	healthcare_consultant
Cứ để bệnh viêm dạ dày hành hạ mãi chắc không ổn, tôi nên ăn cay, uống cà phê và bỏ bữa có làm bệnh nặng hơn không?	healthcare_consultant
Nhà em có người lớn tuổi bị viêm dạ dày, muốn đổi thói quen sinh hoạt thì ăn cay, uống cà phê và bỏ bữa có làm bệnh nặng hơn không?	healthcare_consultant
Tui bị viêm dạ dày nên hơi lo, ăn cay, uống cà phê và bỏ bữa có làm bệnh nặng hơn không hông bác sĩ?	healthcare_consultant
Bác sĩ ơi, tôi đang bị sỏi thận; uống nước bao nhiêu và có nên hạn chế trà đặc không?	healthcare_consultant
Cho em hỏi nếu bị sỏi thận thì uống nước bao nhiêu và có nên hạn chế trà đặc không, hay phải dùng thuốc mới ổn ạ?	healthcare_consultant
Cứ để bệnh sỏi thận hành hạ mãi chắc không ổn, tôi nên uống nước bao nhiêu và có nên hạn chế trà đặc không?	healthcare_consultant
Nhà em có người lớn tuổi bị sỏi thận, muốn đổi thói quen sinh hoạt thì uống nước bao nhiêu và có nên hạn chế trà đặc không?	healthcare_consultant
Tui bị sỏi thận nên hơi lo, uống nước bao nhiêu và có nên hạn chế trà đặc không hông bác sĩ?	healthcare_consultant
Bác sĩ ơi, tôi đang bị gout; kiêng bia, hải sản và nội tạng như thế nào cho đúng?	healthcare_consultant
Cho em hỏi nếu bị gout thì kiêng bia, hải sản và nội tạng như thế nào cho đúng, hay phải dùng thuốc mới ổn ạ?	healthcare_consultant
Cứ để bệnh gout hành hạ mãi chắc không ổn, tôi nên kiêng bia, hải sản và nội tạng như thế nào cho đúng?	healthcare_consultant
Nhà em có người lớn tuổi bị gout, muốn đổi thói quen sinh hoạt thì kiêng bia, hải sản và nội tạng như thế nào cho đúng?	healthcare_consultant
Tui bị gout nên hơi lo, kiêng bia, hải sản và nội tạng như thế nào cho đúng hông bác sĩ?	healthcare_consultant
Bác sĩ ơi, tôi đang bị đau khớp gối; giảm cân và tập bài nào để bớt đau khi leo cầu thang?	healthcare_consultant
Cho em hỏi nếu bị đau khớp gối thì giảm cân và tập bài nào để bớt đau khi leo cầu thang, hay phải dùng thuốc mới ổn ạ?	healthcare_consultant
Cứ để bệnh đau khớp gối hành hạ mãi chắc không ổn, tôi nên giảm cân và tập bài nào để bớt đau khi leo cầu thang?	healthcare_consultant
Nhà em có người lớn tuổi bị đau khớp gối, muốn đổi thói quen sinh hoạt thì giảm cân và tập bài nào để bớt đau khi leo cầu thang?	healthcare_consultant
Tui bị đau khớp gối nên hơi lo, giảm cân và tập bài nào để bớt đau khi leo cầu thang hông bác sĩ?	healthcare_consultant
Bác sĩ ơi, tôi đang bị đau lưng mạn tính; ngồi làm việc, tập giãn cơ và ngủ nệm thế nào cho đỡ đau?	healthcare_consultant
Cho em hỏi nếu bị đau lưng mạn tính thì ngồi làm việc, tập giãn cơ và ngủ nệm thế nào cho đỡ đau, hay phải dùng thuốc mới ổn ạ?	healthcare_consultant
Cứ để bệnh đau lưng mạn tính hành hạ mãi chắc không ổn, tôi nên ngồi làm việc, tập giãn cơ và ngủ nệm thế nào cho đỡ đau?	healthcare_consultant
Nhà em có người lớn tuổi bị đau lưng mạn tính, muốn đổi thói quen sinh hoạt thì ngồi làm việc, tập giãn cơ và ngủ nệm thế nào cho đỡ đau?	healthcare_consultant
Tui bị đau lưng mạn tính nên hơi lo, ngồi làm việc, tập giãn cơ và ngủ nệm thế nào cho đỡ đau hông bác sĩ?	healthcare_consultant
Bác sĩ ơi, tôi đang bị mất ngủ; bỏ điện thoại trước khi ngủ và uống cà phê sớm hơn có giúp ngủ sâu không?	healthcare_consultant
Cho em hỏi nếu bị mất ngủ thì bỏ điện thoại trước khi ngủ và uống cà phê sớm hơn có giúp ngủ sâu không, hay phải dùng thuốc mới ổn ạ?	healthcare_consultant
Cứ để bệnh mất ngủ hành hạ mãi chắc không ổn, tôi nên bỏ điện thoại trước khi ngủ và uống cà phê sớm hơn có giúp ngủ sâu không?	healthcare_consultant
Nhà em có người lớn tuổi bị mất ngủ, muốn đổi thói quen sinh hoạt thì bỏ điện thoại trước khi ngủ và uống cà phê sớm hơn có giúp ngủ sâu không?	healthcare_consultant
Tui bị mất ngủ nên hơi lo, bỏ điện thoại trước khi ngủ và uống cà phê sớm hơn có giúp ngủ sâu không hông bác sĩ?	healthcare_consultant
Bác sĩ ơi, tôi đang bị đau nửa đầu; thức khuya, thiếu nước và stress có làm cơn đau xuất hiện nhiều hơn không?	healthcare_consultant
Cho em hỏi nếu bị đau nửa đầu thì thức khuya, thiếu nước và stress có làm cơn đau xuất hiện nhiều hơn không, hay phải dùng thuốc mới ổn ạ?	healthcare_consultant
Cứ để bệnh đau nửa đầu hành hạ mãi chắc không ổn, tôi nên thức khuya, thiếu nước và stress có làm cơn đau xuất hiện nhiều hơn không?	healthcare_consultant
Nhà em có người lớn tuổi bị đau nửa đầu, muốn đổi thói quen sinh hoạt thì thức khuya, thiếu nước và stress có làm cơn đau xuất hiện nhiều hơn không?	healthcare_consultant
Tui bị đau nửa đầu nên hơi lo, thức khuya, thiếu nước và stress có làm cơn đau xuất hiện nhiều hơn không hông bác sĩ?	healthcare_consultant
Bác sĩ ơi, tôi đang bị táo bón; ăn rau, uống nước và đi vệ sinh đúng giờ có đủ cải thiện không?	healthcare_consultant
Cho em hỏi nếu bị táo bón thì ăn rau, uống nước và đi vệ sinh đúng giờ có đủ cải thiện không, hay phải dùng thuốc mới ổn ạ?	healthcare_consultant
Cứ để bệnh táo bón hành hạ mãi chắc không ổn, tôi nên ăn rau, uống nước và đi vệ sinh đúng giờ có đủ cải thiện không?	healthcare_consultant
Nhà em có người lớn tuổi bị táo bón, muốn đổi thói quen sinh hoạt thì ăn rau, uống nước và đi vệ sinh đúng giờ có đủ cải thiện không?	healthcare_consultant
Tui bị táo bón nên hơi lo, ăn rau, uống nước và đi vệ sinh đúng giờ có đủ cải thiện không hông bác sĩ?	healthcare_consultant
Bác sĩ ơi, tôi đang bị thiếu máu; ăn gì, ngủ thế nào và có nên tự uống viên sắt không?	healthcare_consultant
Cho em hỏi nếu bị thiếu máu thì ăn gì, ngủ thế nào và có nên tự uống viên sắt không, hay phải dùng thuốc mới ổn ạ?	healthcare_consultant
Cứ để bệnh thiếu máu hành hạ mãi chắc không ổn, tôi nên ăn gì, ngủ thế nào và có nên tự uống viên sắt không?	healthcare_consultant
Nhà em có người lớn tuổi bị thiếu máu, muốn đổi thói quen sinh hoạt thì ăn gì, ngủ thế nào và có nên tự uống viên sắt không?	healthcare_consultant
Tui bị thiếu máu nên hơi lo, ăn gì, ngủ thế nào và có nên tự uống viên sắt không hông bác sĩ?	healthcare_consultant
Bác sĩ ơi, tôi đang bị viêm xoang; rửa mũi, tránh bụi và giữ ấm có giúp giảm tái phát không?	healthcare_consultant
Cho em hỏi nếu bị viêm xoang thì rửa mũi, tránh bụi và giữ ấm có giúp giảm tái phát không, hay phải dùng thuốc mới ổn ạ?	healthcare_consultant
Cứ để bệnh viêm xoang hành hạ mãi chắc không ổn, tôi nên rửa mũi, tránh bụi và giữ ấm có giúp giảm tái phát không?	healthcare_consultant
Nhà em có người lớn tuổi bị viêm xoang, muốn đổi thói quen sinh hoạt thì rửa mũi, tránh bụi và giữ ấm có giúp giảm tái phát không?	healthcare_consultant
Tui bị viêm xoang nên hơi lo, rửa mũi, tránh bụi và giữ ấm có giúp giảm tái phát không hông bác sĩ?	healthcare_consultant
Bác sĩ ơi, tôi đang bị hen suyễn; tập thể dục nhẹ và tránh khói thuốc như thế nào cho an toàn?	healthcare_consultant
Cho em hỏi nếu bị hen suyễn thì tập thể dục nhẹ và tránh khói thuốc như thế nào cho an toàn, hay phải dùng thuốc mới ổn ạ?	healthcare_consultant
Cứ để bệnh hen suyễn hành hạ mãi chắc không ổn, tôi nên tập thể dục nhẹ và tránh khói thuốc như thế nào cho an toàn?	healthcare_consultant
Nhà em có người lớn tuổi bị hen suyễn, muốn đổi thói quen sinh hoạt thì tập thể dục nhẹ và tránh khói thuốc như thế nào cho an toàn?	healthcare_consultant
Tui bị hen suyễn nên hơi lo, tập thể dục nhẹ và tránh khói thuốc như thế nào cho an toàn hông bác sĩ?	healthcare_consultant
Bác sĩ ơi, tôi đang bị bệnh phổi tắc nghẽn; bỏ thuốc lá và tập thở có làm đỡ hụt hơi hơn không?	healthcare_consultant
Cho em hỏi nếu bị bệnh phổi tắc nghẽn thì bỏ thuốc lá và tập thở có làm đỡ hụt hơi hơn không, hay phải dùng thuốc mới ổn ạ?	healthcare_consultant
Cứ để bệnh bệnh phổi tắc nghẽn hành hạ mãi chắc không ổn, tôi nên bỏ thuốc lá và tập thở có làm đỡ hụt hơi hơn không?	healthcare_consultant
Nhà em có người lớn tuổi bị bệnh phổi tắc nghẽn, muốn đổi thói quen sinh hoạt thì bỏ thuốc lá và tập thở có làm đỡ hụt hơi hơn không?	healthcare_consultant
Tui bị bệnh phổi tắc nghẽn nên hơi lo, bỏ thuốc lá và tập thở có làm đỡ hụt hơi hơn không hông bác sĩ?	healthcare_consultant
Bác sĩ ơi, tôi đang bị suy giãn tĩnh mạch; đứng lâu, đi bộ và kê chân khi ngủ có ảnh hưởng thế nào?	healthcare_consultant
Cho em hỏi nếu bị suy giãn tĩnh mạch thì đứng lâu, đi bộ và kê chân khi ngủ có ảnh hưởng thế nào, hay phải dùng thuốc mới ổn ạ?	healthcare_consultant
Cứ để bệnh suy giãn tĩnh mạch hành hạ mãi chắc không ổn, tôi nên đứng lâu, đi bộ và kê chân khi ngủ có ảnh hưởng thế nào?	healthcare_consultant
Nhà em có người lớn tuổi bị suy giãn tĩnh mạch, muốn đổi thói quen sinh hoạt thì đứng lâu, đi bộ và kê chân khi ngủ có ảnh hưởng thế nào?	healthcare_consultant
Tui bị suy giãn tĩnh mạch nên hơi lo, đứng lâu, đi bộ và kê chân khi ngủ có ảnh hưởng thế nào hông bác sĩ?	healthcare_consultant
Bác sĩ ơi, tôi đang bị mụn trứng cá; ăn đồ ngọt, thức khuya và rửa mặt nhiều lần có làm mụn nặng hơn không?	healthcare_consultant
Cho em hỏi nếu bị mụn trứng cá thì ăn đồ ngọt, thức khuya và rửa mặt nhiều lần có làm mụn nặng hơn không, hay phải dùng thuốc mới ổn ạ?	healthcare_consultant
Cứ để bệnh mụn trứng cá hành hạ mãi chắc không ổn, tôi nên ăn đồ ngọt, thức khuya và rửa mặt nhiều lần có làm mụn nặng hơn không?	healthcare_consultant
Nhà em có người lớn tuổi bị mụn trứng cá, muốn đổi thói quen sinh hoạt thì ăn đồ ngọt, thức khuya và rửa mặt nhiều lần có làm mụn nặng hơn không?	healthcare_consultant
Tui bị mụn trứng cá nên hơi lo, ăn đồ ngọt, thức khuya và rửa mặt nhiều lần có làm mụn nặng hơn không hông bác sĩ?	healthcare_consultant
Bác sĩ ơi, tôi đang bị rụng tóc; ăn uống, ngủ nghỉ và stress có liên quan tới tóc rụng nhiều không?	healthcare_consultant
Cho em hỏi nếu bị rụng tóc thì ăn uống, ngủ nghỉ và stress có liên quan tới tóc rụng nhiều không, hay phải dùng thuốc mới ổn ạ?	healthcare_consultant
Cứ để bệnh rụng tóc hành hạ mãi chắc không ổn, tôi nên ăn uống, ngủ nghỉ và stress có liên quan tới tóc rụng nhiều không?	healthcare_consultant
Nhà em có người lớn tuổi bị rụng tóc, muốn đổi thói quen sinh hoạt thì ăn uống, ngủ nghỉ và stress có liên quan tới tóc rụng nhiều không?	healthcare_consultant
Tui bị rụng tóc nên hơi lo, ăn uống, ngủ nghỉ và stress có liên quan tới tóc rụng nhiều không hông bác sĩ?	healthcare_consultant
Bác sĩ ơi, tôi đang bị béo phì; giảm nước ngọt, ăn khuya và đi bộ mỗi ngày nên bắt đầu thế nào?	healthcare_consultant
Cho em hỏi nếu bị béo phì thì giảm nước ngọt, ăn khuya và đi bộ mỗi ngày nên bắt đầu thế nào, hay phải dùng thuốc mới ổn ạ?	healthcare_consultant
Cứ để bệnh béo phì hành hạ mãi chắc không ổn, tôi nên giảm nước ngọt, ăn khuya và đi bộ mỗi ngày nên bắt đầu thế nào?	healthcare_consultant
Nhà em có người lớn tuổi bị béo phì, muốn đổi thói quen sinh hoạt thì giảm nước ngọt, ăn khuya và đi bộ mỗi ngày nên bắt đầu thế nào?	healthcare_consultant
Tui bị béo phì nên hơi lo, giảm nước ngọt, ăn khuya và đi bộ mỗi ngày nên bắt đầu thế nào hông bác sĩ?	healthcare_consultant
Bác sĩ ơi, tôi đang bị loãng xương; tắm nắng, uống sữa và tập chịu lực có giúp xương khỏe hơn không?	healthcare_consultant
Cho em hỏi nếu bị loãng xương thì tắm nắng, uống sữa và tập chịu lực có giúp xương khỏe hơn không, hay phải dùng thuốc mới ổn ạ?	healthcare_consultant
Cứ để bệnh loãng xương hành hạ mãi chắc không ổn, tôi nên tắm nắng, uống sữa và tập chịu lực có giúp xương khỏe hơn không?	healthcare_consultant
Nhà em có người lớn tuổi bị loãng xương, muốn đổi thói quen sinh hoạt thì tắm nắng, uống sữa và tập chịu lực có giúp xương khỏe hơn không?	healthcare_consultant
Tui bị loãng xương nên hơi lo, tắm nắng, uống sữa và tập chịu lực có giúp xương khỏe hơn không hông bác sĩ?	healthcare_consultant
Bác sĩ ơi, tôi đang bị gan men cao; ngưng rượu bia và ăn uống ra sao để lần xét nghiệm sau tốt hơn?	healthcare_consultant
Cho em hỏi nếu bị gan men cao thì ngưng rượu bia và ăn uống ra sao để lần xét nghiệm sau tốt hơn, hay phải dùng thuốc mới ổn ạ?	healthcare_consultant
Cứ để bệnh gan men cao hành hạ mãi chắc không ổn, tôi nên ngưng rượu bia và ăn uống ra sao để lần xét nghiệm sau tốt hơn?	healthcare_consultant
Nhà em có người lớn tuổi bị gan men cao, muốn đổi thói quen sinh hoạt thì ngưng rượu bia và ăn uống ra sao để lần xét nghiệm sau tốt hơn?	healthcare_consultant
Tui bị gan men cao nên hơi lo, ngưng rượu bia và ăn uống ra sao để lần xét nghiệm sau tốt hơn hông bác sĩ?	healthcare_consultant
Bác sĩ ơi, tôi đang bị đường huyết tiền tiểu đường; thay cơm trắng bằng gạo lứt và tập thể dục buổi nào thì hợp?	healthcare_consultant
Cho em hỏi nếu bị đường huyết tiền tiểu đường thì thay cơm trắng bằng gạo lứt và tập thể dục buổi nào thì hợp, hay phải dùng thuốc mới ổn ạ?	healthcare_consultant
Cứ để bệnh đường huyết tiền tiểu đường hành hạ mãi chắc không ổn, tôi nên thay cơm trắng bằng gạo lứt và tập thể dục buổi nào thì hợp?	healthcare_consultant
Nhà em có người lớn tuổi bị đường huyết tiền tiểu đường, muốn đổi thói quen sinh hoạt thì thay cơm trắng bằng gạo lứt và tập thể dục buổi nào thì hợp?	healthcare_consultant
Tui bị đường huyết tiền tiểu đường nên hơi lo, thay cơm trắng bằng gạo lứt và tập thể dục buổi nào thì hợp hông bác sĩ?	healthcare_consultant
Sau khi đi khám tổng quát, tôi có xét nghiệm mỡ máu hơi cao; bao lâu nên kiểm tra lại và trước đó cần ăn uống thế nào?	healthcare_consultant
Bác sĩ cho em hỏi kết quả kiểm tra ghi xét nghiệm mỡ máu hơi cao, vậy bao lâu nên kiểm tra lại và trước đó cần ăn uống thế nào ạ?	healthcare_consultant
Tui mới check-up xong thấy xét nghiệm mỡ máu hơi cao; bao lâu nên kiểm tra lại và trước đó cần ăn uống thế nào hông bác sĩ?	healthcare_consultant
Nếu kết quả khám định kỳ cho thấy xét nghiệm mỡ máu hơi cao, em nên bao lâu nên kiểm tra lại và trước đó cần ăn uống thế nào?	healthcare_consultant
Gia đình tôi có người vừa khám ra xét nghiệm mỡ máu hơi cao; xin hỏi bao lâu nên kiểm tra lại và trước đó cần ăn uống thế nào?	healthcare_consultant
Sau khi đi khám tổng quát, tôi có đường huyết đói sát ngưỡng tiền tiểu đường; nên theo dõi tại nhà ra sao và khi nào tái khám?	healthcare_consultant
Bác sĩ cho em hỏi kết quả kiểm tra ghi đường huyết đói sát ngưỡng tiền tiểu đường, vậy nên theo dõi tại nhà ra sao và khi nào tái khám ạ?	healthcare_consultant
Tui mới check-up xong thấy đường huyết đói sát ngưỡng tiền tiểu đường; nên theo dõi tại nhà ra sao và khi nào tái khám hông bác sĩ?	healthcare_consultant
Nếu kết quả khám định kỳ cho thấy đường huyết đói sát ngưỡng tiền tiểu đường, em nên nên theo dõi tại nhà ra sao và khi nào tái khám?	healthcare_consultant
Gia đình tôi có người vừa khám ra đường huyết đói sát ngưỡng tiền tiểu đường; xin hỏi nên theo dõi tại nhà ra sao và khi nào tái khám?	healthcare_consultant
Sau khi đi khám tổng quát, tôi có men gan ALT AST tăng nhẹ; có cần kiêng rượu bia hoàn toàn và xét nghiệm lại sau mấy tuần?	healthcare_consultant
Bác sĩ cho em hỏi kết quả kiểm tra ghi men gan ALT AST tăng nhẹ, vậy có cần kiêng rượu bia hoàn toàn và xét nghiệm lại sau mấy tuần ạ?	healthcare_consultant
Tui mới check-up xong thấy men gan ALT AST tăng nhẹ; có cần kiêng rượu bia hoàn toàn và xét nghiệm lại sau mấy tuần hông bác sĩ?	healthcare_consultant
Nếu kết quả khám định kỳ cho thấy men gan ALT AST tăng nhẹ, em nên có cần kiêng rượu bia hoàn toàn và xét nghiệm lại sau mấy tuần?	healthcare_consultant
Gia đình tôi có người vừa khám ra men gan ALT AST tăng nhẹ; xin hỏi có cần kiêng rượu bia hoàn toàn và xét nghiệm lại sau mấy tuần?	healthcare_consultant
Sau khi đi khám tổng quát, tôi có siêu âm thấy gan nhiễm mỡ độ 1; nên thay đổi sinh hoạt thế nào trước lần tái khám?	healthcare_consultant
Bác sĩ cho em hỏi kết quả kiểm tra ghi siêu âm thấy gan nhiễm mỡ độ 1, vậy nên thay đổi sinh hoạt thế nào trước lần tái khám ạ?	healthcare_consultant
Tui mới check-up xong thấy siêu âm thấy gan nhiễm mỡ độ 1; nên thay đổi sinh hoạt thế nào trước lần tái khám hông bác sĩ?	healthcare_consultant
Nếu kết quả khám định kỳ cho thấy siêu âm thấy gan nhiễm mỡ độ 1, em nên nên thay đổi sinh hoạt thế nào trước lần tái khám?	healthcare_consultant
Gia đình tôi có người vừa khám ra siêu âm thấy gan nhiễm mỡ độ 1; xin hỏi nên thay đổi sinh hoạt thế nào trước lần tái khám?	healthcare_consultant
Sau khi đi khám tổng quát, tôi có huyết áp đo tại phòng khám hơi cao; có cần mua máy đo ở nhà và ghi chỉ số mỗi ngày không?	healthcare_consultant
Bác sĩ cho em hỏi kết quả kiểm tra ghi huyết áp đo tại phòng khám hơi cao, vậy có cần mua máy đo ở nhà và ghi chỉ số mỗi ngày không ạ?	healthcare_consultant
Tui mới check-up xong thấy huyết áp đo tại phòng khám hơi cao; có cần mua máy đo ở nhà và ghi chỉ số mỗi ngày không hông bác sĩ?	healthcare_consultant
Nếu kết quả khám định kỳ cho thấy huyết áp đo tại phòng khám hơi cao, em nên có cần mua máy đo ở nhà và ghi chỉ số mỗi ngày không?	healthcare_consultant
Gia đình tôi có người vừa khám ra huyết áp đo tại phòng khám hơi cao; xin hỏi có cần mua máy đo ở nhà và ghi chỉ số mỗi ngày không?	healthcare_consultant
Sau khi đi khám tổng quát, tôi có nội soi có viêm dạ dày nhẹ; sau điều trị cần tái khám khi nào nếu hết đau?	healthcare_consultant
Bác sĩ cho em hỏi kết quả kiểm tra ghi nội soi có viêm dạ dày nhẹ, vậy sau điều trị cần tái khám khi nào nếu hết đau ạ?	healthcare_consultant
Tui mới check-up xong thấy nội soi có viêm dạ dày nhẹ; sau điều trị cần tái khám khi nào nếu hết đau hông bác sĩ?	healthcare_consultant
Nếu kết quả khám định kỳ cho thấy nội soi có viêm dạ dày nhẹ, em nên sau điều trị cần tái khám khi nào nếu hết đau?	healthcare_consultant
Gia đình tôi có người vừa khám ra nội soi có viêm dạ dày nhẹ; xin hỏi sau điều trị cần tái khám khi nào nếu hết đau?	healthcare_consultant
Sau khi đi khám tổng quát, tôi có xét nghiệm thiếu vitamin D; nên tắm nắng và bổ sung thế nào cho an toàn?	healthcare_consultant
Bác sĩ cho em hỏi kết quả kiểm tra ghi xét nghiệm thiếu vitamin D, vậy nên tắm nắng và bổ sung thế nào cho an toàn ạ?	healthcare_consultant
Tui mới check-up xong thấy xét nghiệm thiếu vitamin D; nên tắm nắng và bổ sung thế nào cho an toàn hông bác sĩ?	healthcare_consultant
Nếu kết quả khám định kỳ cho thấy xét nghiệm thiếu vitamin D, em nên nên tắm nắng và bổ sung thế nào cho an toàn?	healthcare_consultant
Gia đình tôi có người vừa khám ra xét nghiệm thiếu vitamin D; xin hỏi nên tắm nắng và bổ sung thế nào cho an toàn?	healthcare_consultant
Sau khi đi khám tổng quát, tôi có khám tổng quát thấy acid uric cao; nên phòng gout bằng ăn uống và theo dõi ra sao?	healthcare_consultant
Bác sĩ cho em hỏi kết quả kiểm tra ghi khám tổng quát thấy acid uric cao, vậy nên phòng gout bằng ăn uống và theo dõi ra sao ạ?	healthcare_consultant
Tui mới check-up xong thấy khám tổng quát thấy acid uric cao; nên phòng gout bằng ăn uống và theo dõi ra sao hông bác sĩ?	healthcare_consultant
Nếu kết quả khám định kỳ cho thấy khám tổng quát thấy acid uric cao, em nên nên phòng gout bằng ăn uống và theo dõi ra sao?	healthcare_consultant
Gia đình tôi có người vừa khám ra khám tổng quát thấy acid uric cao; xin hỏi nên phòng gout bằng ăn uống và theo dõi ra sao?	healthcare_consultant
Sau khi đi khám tổng quát, tôi có kết quả nước tiểu có đạm vết; có đáng lo không và cần xét nghiệm lại thế nào?	healthcare_consultant
Bác sĩ cho em hỏi kết quả kiểm tra ghi kết quả nước tiểu có đạm vết, vậy có đáng lo không và cần xét nghiệm lại thế nào ạ?	healthcare_consultant
Tui mới check-up xong thấy kết quả nước tiểu có đạm vết; có đáng lo không và cần xét nghiệm lại thế nào hông bác sĩ?	healthcare_consultant
Nếu kết quả khám định kỳ cho thấy kết quả nước tiểu có đạm vết, em nên có đáng lo không và cần xét nghiệm lại thế nào?	healthcare_consultant
Gia đình tôi có người vừa khám ra kết quả nước tiểu có đạm vết; xin hỏi có đáng lo không và cần xét nghiệm lại thế nào?	healthcare_consultant
Sau khi đi khám tổng quát, tôi có siêu âm tuyến giáp có nhân nhỏ; bao lâu nên siêu âm lại và có dấu hiệu nào cần đi sớm?	healthcare_consultant
Bác sĩ cho em hỏi kết quả kiểm tra ghi siêu âm tuyến giáp có nhân nhỏ, vậy bao lâu nên siêu âm lại và có dấu hiệu nào cần đi sớm ạ?	healthcare_consultant
Tui mới check-up xong thấy siêu âm tuyến giáp có nhân nhỏ; bao lâu nên siêu âm lại và có dấu hiệu nào cần đi sớm hông bác sĩ?	healthcare_consultant
Nếu kết quả khám định kỳ cho thấy siêu âm tuyến giáp có nhân nhỏ, em nên bao lâu nên siêu âm lại và có dấu hiệu nào cần đi sớm?	healthcare_consultant
Gia đình tôi có người vừa khám ra siêu âm tuyến giáp có nhân nhỏ; xin hỏi bao lâu nên siêu âm lại và có dấu hiệu nào cần đi sớm?	healthcare_consultant
Sau khi đi khám tổng quát, tôi có điện tim ghi nhịp nhanh xoang; nên theo dõi mạch, cà phê và giấc ngủ thế nào?	healthcare_consultant
Bác sĩ cho em hỏi kết quả kiểm tra ghi điện tim ghi nhịp nhanh xoang, vậy nên theo dõi mạch, cà phê và giấc ngủ thế nào ạ?	healthcare_consultant
Tui mới check-up xong thấy điện tim ghi nhịp nhanh xoang; nên theo dõi mạch, cà phê và giấc ngủ thế nào hông bác sĩ?	healthcare_consultant
Nếu kết quả khám định kỳ cho thấy điện tim ghi nhịp nhanh xoang, em nên nên theo dõi mạch, cà phê và giấc ngủ thế nào?	healthcare_consultant
Gia đình tôi có người vừa khám ra điện tim ghi nhịp nhanh xoang; xin hỏi nên theo dõi mạch, cà phê và giấc ngủ thế nào?	healthcare_consultant
Sau khi đi khám tổng quát, tôi có khám răng phát hiện viêm nướu; chăm sóc răng miệng sao để khỏi tái phát?	healthcare_consultant
Bác sĩ cho em hỏi kết quả kiểm tra ghi khám răng phát hiện viêm nướu, vậy chăm sóc răng miệng sao để khỏi tái phát ạ?	healthcare_consultant
Tui mới check-up xong thấy khám răng phát hiện viêm nướu; chăm sóc răng miệng sao để khỏi tái phát hông bác sĩ?	healthcare_consultant
Nếu kết quả khám định kỳ cho thấy khám răng phát hiện viêm nướu, em nên chăm sóc răng miệng sao để khỏi tái phát?	healthcare_consultant
Gia đình tôi có người vừa khám ra khám răng phát hiện viêm nướu; xin hỏi chăm sóc răng miệng sao để khỏi tái phát?	healthcare_consultant
Sau khi đi khám tổng quát, tôi có đo loãng xương thấy mật độ xương giảm; cần tập luyện và ăn uống thế nào trước lần kiểm tra sau?	healthcare_consultant
Bác sĩ cho em hỏi kết quả kiểm tra ghi đo loãng xương thấy mật độ xương giảm, vậy cần tập luyện và ăn uống thế nào trước lần kiểm tra sau ạ?	healthcare_consultant
Tui mới check-up xong thấy đo loãng xương thấy mật độ xương giảm; cần tập luyện và ăn uống thế nào trước lần kiểm tra sau hông bác sĩ?	healthcare_consultant
Nếu kết quả khám định kỳ cho thấy đo loãng xương thấy mật độ xương giảm, em nên cần tập luyện và ăn uống thế nào trước lần kiểm tra sau?	healthcare_consultant
Gia đình tôi có người vừa khám ra đo loãng xương thấy mật độ xương giảm; xin hỏi cần tập luyện và ăn uống thế nào trước lần kiểm tra sau?	healthcare_consultant
Sau khi đi khám tổng quát, tôi có khám mắt thấy khô mắt; dùng màn hình và nhỏ mắt thế nào cho đúng?	healthcare_consultant
Bác sĩ cho em hỏi kết quả kiểm tra ghi khám mắt thấy khô mắt, vậy dùng màn hình và nhỏ mắt thế nào cho đúng ạ?	healthcare_consultant
Tui mới check-up xong thấy khám mắt thấy khô mắt; dùng màn hình và nhỏ mắt thế nào cho đúng hông bác sĩ?	healthcare_consultant
Nếu kết quả khám định kỳ cho thấy khám mắt thấy khô mắt, em nên dùng màn hình và nhỏ mắt thế nào cho đúng?	healthcare_consultant
Gia đình tôi có người vừa khám ra khám mắt thấy khô mắt; xin hỏi dùng màn hình và nhỏ mắt thế nào cho đúng?	healthcare_consultant
Sau khi đi khám tổng quát, tôi có xét nghiệm thiếu máu nhẹ; cần ăn uống, uống sắt hay kiểm tra nguyên nhân trước?	healthcare_consultant
Bác sĩ cho em hỏi kết quả kiểm tra ghi xét nghiệm thiếu máu nhẹ, vậy cần ăn uống, uống sắt hay kiểm tra nguyên nhân trước ạ?	healthcare_consultant
Tui mới check-up xong thấy xét nghiệm thiếu máu nhẹ; cần ăn uống, uống sắt hay kiểm tra nguyên nhân trước hông bác sĩ?	healthcare_consultant
Nếu kết quả khám định kỳ cho thấy xét nghiệm thiếu máu nhẹ, em nên cần ăn uống, uống sắt hay kiểm tra nguyên nhân trước?	healthcare_consultant
Gia đình tôi có người vừa khám ra xét nghiệm thiếu máu nhẹ; xin hỏi cần ăn uống, uống sắt hay kiểm tra nguyên nhân trước?	healthcare_consultant
Sau khi đi khám tổng quát, tôi có chụp X-quang phổi bình thường nhưng vẫn ho dai dẳng; nên theo dõi thêm mấy ngày rồi tái khám?	healthcare_consultant
Bác sĩ cho em hỏi kết quả kiểm tra ghi chụp X-quang phổi bình thường nhưng vẫn ho dai dẳng, vậy nên theo dõi thêm mấy ngày rồi tái khám ạ?	healthcare_consultant
Tui mới check-up xong thấy chụp X-quang phổi bình thường nhưng vẫn ho dai dẳng; nên theo dõi thêm mấy ngày rồi tái khám hông bác sĩ?	healthcare_consultant
Nếu kết quả khám định kỳ cho thấy chụp X-quang phổi bình thường nhưng vẫn ho dai dẳng, em nên nên theo dõi thêm mấy ngày rồi tái khám?	healthcare_consultant
Gia đình tôi có người vừa khám ra chụp X-quang phổi bình thường nhưng vẫn ho dai dẳng; xin hỏi nên theo dõi thêm mấy ngày rồi tái khám?	healthcare_consultant
Sau khi đi khám tổng quát, tôi có khám sức khỏe công ty thấy BMI cao; đặt mục tiêu giảm cân thế nào cho không quá sức?	healthcare_consultant
Bác sĩ cho em hỏi kết quả kiểm tra ghi khám sức khỏe công ty thấy BMI cao, vậy đặt mục tiêu giảm cân thế nào cho không quá sức ạ?	healthcare_consultant
Tui mới check-up xong thấy khám sức khỏe công ty thấy BMI cao; đặt mục tiêu giảm cân thế nào cho không quá sức hông bác sĩ?	healthcare_consultant
Nếu kết quả khám định kỳ cho thấy khám sức khỏe công ty thấy BMI cao, em nên đặt mục tiêu giảm cân thế nào cho không quá sức?	healthcare_consultant
Gia đình tôi có người vừa khám ra khám sức khỏe công ty thấy BMI cao; xin hỏi đặt mục tiêu giảm cân thế nào cho không quá sức?	healthcare_consultant
Sau khi đi khám tổng quát, tôi có khám phụ khoa xong bác sĩ dặn theo dõi khí hư; dấu hiệu nào cần quay lại sớm?	healthcare_consultant
Bác sĩ cho em hỏi kết quả kiểm tra ghi khám phụ khoa xong bác sĩ dặn theo dõi khí hư, vậy dấu hiệu nào cần quay lại sớm ạ?	healthcare_consultant
Tui mới check-up xong thấy khám phụ khoa xong bác sĩ dặn theo dõi khí hư; dấu hiệu nào cần quay lại sớm hông bác sĩ?	healthcare_consultant
Nếu kết quả khám định kỳ cho thấy khám phụ khoa xong bác sĩ dặn theo dõi khí hư, em nên dấu hiệu nào cần quay lại sớm?	healthcare_consultant
Gia đình tôi có người vừa khám ra khám phụ khoa xong bác sĩ dặn theo dõi khí hư; xin hỏi dấu hiệu nào cần quay lại sớm?	healthcare_consultant
Sau khi đi khám tổng quát, tôi có xét nghiệm H. pylori âm tính nhưng vẫn đầy bụng; nên ăn uống và tái khám ra sao?	healthcare_consultant
Bác sĩ cho em hỏi kết quả kiểm tra ghi xét nghiệm H. pylori âm tính nhưng vẫn đầy bụng, vậy nên ăn uống và tái khám ra sao ạ?	healthcare_consultant
Tui mới check-up xong thấy xét nghiệm H. pylori âm tính nhưng vẫn đầy bụng; nên ăn uống và tái khám ra sao hông bác sĩ?	healthcare_consultant
Nếu kết quả khám định kỳ cho thấy xét nghiệm H. pylori âm tính nhưng vẫn đầy bụng, em nên nên ăn uống và tái khám ra sao?	healthcare_consultant
Gia đình tôi có người vừa khám ra xét nghiệm H. pylori âm tính nhưng vẫn đầy bụng; xin hỏi nên ăn uống và tái khám ra sao?	healthcare_consultant
Sau khi đi khám tổng quát, tôi có tầm soát ung thư đại trực tràng chưa phát hiện gì; bao lâu nên kiểm tra lại nếu gia đình có người từng mắc?	healthcare_consultant
Bác sĩ cho em hỏi kết quả kiểm tra ghi tầm soát ung thư đại trực tràng chưa phát hiện gì, vậy bao lâu nên kiểm tra lại nếu gia đình có người từng mắc ạ?	healthcare_consultant
Tui mới check-up xong thấy tầm soát ung thư đại trực tràng chưa phát hiện gì; bao lâu nên kiểm tra lại nếu gia đình có người từng mắc hông bác sĩ?	healthcare_consultant
Nếu kết quả khám định kỳ cho thấy tầm soát ung thư đại trực tràng chưa phát hiện gì, em nên bao lâu nên kiểm tra lại nếu gia đình có người từng mắc?	healthcare_consultant
Gia đình tôi có người vừa khám ra tầm soát ung thư đại trực tràng chưa phát hiện gì; xin hỏi bao lâu nên kiểm tra lại nếu gia đình có người từng mắc?	healthcare_consultant
Sau khi đi khám tổng quát, tôi có khám da thấy nốt ruồi lành tính; nên tự theo dõi thay đổi màu sắc kích thước thế nào?	healthcare_consultant
Bác sĩ cho em hỏi kết quả kiểm tra ghi khám da thấy nốt ruồi lành tính, vậy nên tự theo dõi thay đổi màu sắc kích thước thế nào ạ?	healthcare_consultant
Tui mới check-up xong thấy khám da thấy nốt ruồi lành tính; nên tự theo dõi thay đổi màu sắc kích thước thế nào hông bác sĩ?	healthcare_consultant
Nếu kết quả khám định kỳ cho thấy khám da thấy nốt ruồi lành tính, em nên nên tự theo dõi thay đổi màu sắc kích thước thế nào?	healthcare_consultant
Gia đình tôi có người vừa khám ra khám da thấy nốt ruồi lành tính; xin hỏi nên tự theo dõi thay đổi màu sắc kích thước thế nào?	healthcare_consultant
Sau khi đi khám tổng quát, tôi có khám sau Covid thấy nhanh mệt; nên tập thở, vận động và tái khám ra sao?	healthcare_consultant
Bác sĩ cho em hỏi kết quả kiểm tra ghi khám sau Covid thấy nhanh mệt, vậy nên tập thở, vận động và tái khám ra sao ạ?	healthcare_consultant
Tui mới check-up xong thấy khám sau Covid thấy nhanh mệt; nên tập thở, vận động và tái khám ra sao hông bác sĩ?	healthcare_consultant
Nếu kết quả khám định kỳ cho thấy khám sau Covid thấy nhanh mệt, em nên nên tập thở, vận động và tái khám ra sao?	healthcare_consultant
Gia đình tôi có người vừa khám ra khám sau Covid thấy nhanh mệt; xin hỏi nên tập thở, vận động và tái khám ra sao?	healthcare_consultant
Sau khi đi khám tổng quát, tôi có xét nghiệm chức năng thận bình thường; làm sao phòng bệnh thận nếu gia đình có người bị tiểu đường?	healthcare_consultant
Bác sĩ cho em hỏi kết quả kiểm tra ghi xét nghiệm chức năng thận bình thường, vậy làm sao phòng bệnh thận nếu gia đình có người bị tiểu đường ạ?	healthcare_consultant
Tui mới check-up xong thấy xét nghiệm chức năng thận bình thường; làm sao phòng bệnh thận nếu gia đình có người bị tiểu đường hông bác sĩ?	healthcare_consultant
Nếu kết quả khám định kỳ cho thấy xét nghiệm chức năng thận bình thường, em nên làm sao phòng bệnh thận nếu gia đình có người bị tiểu đường?	healthcare_consultant
Gia đình tôi có người vừa khám ra xét nghiệm chức năng thận bình thường; xin hỏi làm sao phòng bệnh thận nếu gia đình có người bị tiểu đường?	healthcare_consultant
Sau khi đi khám tổng quát, tôi có khám định kỳ thấy triglyceride cao; có cần giảm bia, nước ngọt và xét nghiệm lại khi nào?	healthcare_consultant
Bác sĩ cho em hỏi kết quả kiểm tra ghi khám định kỳ thấy triglyceride cao, vậy có cần giảm bia, nước ngọt và xét nghiệm lại khi nào ạ?	healthcare_consultant
Tui mới check-up xong thấy khám định kỳ thấy triglyceride cao; có cần giảm bia, nước ngọt và xét nghiệm lại khi nào hông bác sĩ?	healthcare_consultant
Nếu kết quả khám định kỳ cho thấy khám định kỳ thấy triglyceride cao, em nên có cần giảm bia, nước ngọt và xét nghiệm lại khi nào?	healthcare_consultant
Gia đình tôi có người vừa khám ra khám định kỳ thấy triglyceride cao; xin hỏi có cần giảm bia, nước ngọt và xét nghiệm lại khi nào?	healthcare_consultant
Sau khi đi khám tổng quát, tôi có đo huyết áp buổi sáng khác buổi tối khá nhiều; nên ghi nhật ký huyết áp thế nào để đưa bác sĩ xem?	healthcare_consultant
Bác sĩ cho em hỏi kết quả kiểm tra ghi đo huyết áp buổi sáng khác buổi tối khá nhiều, vậy nên ghi nhật ký huyết áp thế nào để đưa bác sĩ xem ạ?	healthcare_consultant
Tui mới check-up xong thấy đo huyết áp buổi sáng khác buổi tối khá nhiều; nên ghi nhật ký huyết áp thế nào để đưa bác sĩ xem hông bác sĩ?	healthcare_consultant
Nếu kết quả khám định kỳ cho thấy đo huyết áp buổi sáng khác buổi tối khá nhiều, em nên nên ghi nhật ký huyết áp thế nào để đưa bác sĩ xem?	healthcare_consultant
Gia đình tôi có người vừa khám ra đo huyết áp buổi sáng khác buổi tối khá nhiều; xin hỏi nên ghi nhật ký huyết áp thế nào để đưa bác sĩ xem?	healthcare_consultant
Bác sĩ ơi, tôi đang uống thuốc huyết áp; lỡ quên một liều buổi sáng thì có nên uống bù gấp đôi buổi tối không?	healthcare_consultant
Cho em hỏi khi đang uống thuốc huyết áp, lỡ quên một liều buổi sáng thì có nên uống bù gấp đôi buổi tối không ạ?	healthcare_consultant
Tui đang đang uống thuốc huyết áp; lỡ quên một liều buổi sáng thì có nên uống bù gấp đôi buổi tối không hông bác sĩ?	healthcare_consultant
Nhà em có người đang uống thuốc huyết áp, vậy lỡ quên một liều buổi sáng thì có nên uống bù gấp đôi buổi tối không?	healthcare_consultant
Em muốn tự theo dõi sức khỏe vì đang uống thuốc huyết áp; lỡ quên một liều buổi sáng thì có nên uống bù gấp đôi buổi tối không?	healthcare_consultant
Bác sĩ ơi, tôi đang dùng thuốc tiểu đường; đường huyết thấp run tay thì nên xử trí và ghi lại chỉ số thế nào?	healthcare_consultant
Cho em hỏi khi đang dùng thuốc tiểu đường, đường huyết thấp run tay thì nên xử trí và ghi lại chỉ số thế nào ạ?	healthcare_consultant
Tui đang đang dùng thuốc tiểu đường; đường huyết thấp run tay thì nên xử trí và ghi lại chỉ số thế nào hông bác sĩ?	healthcare_consultant
Nhà em có người đang dùng thuốc tiểu đường, vậy đường huyết thấp run tay thì nên xử trí và ghi lại chỉ số thế nào?	healthcare_consultant
Em muốn tự theo dõi sức khỏe vì đang dùng thuốc tiểu đường; đường huyết thấp run tay thì nên xử trí và ghi lại chỉ số thế nào?	healthcare_consultant
Bác sĩ ơi, tôi đang uống thuốc mỡ máu; thấy đau cơ nhẹ thì có nên tự ngưng thuốc không?	healthcare_consultant
Cho em hỏi khi đang uống thuốc mỡ máu, thấy đau cơ nhẹ thì có nên tự ngưng thuốc không ạ?	healthcare_consultant
Tui đang đang uống thuốc mỡ máu; thấy đau cơ nhẹ thì có nên tự ngưng thuốc không hông bác sĩ?	healthcare_consultant
Nhà em có người đang uống thuốc mỡ máu, vậy thấy đau cơ nhẹ thì có nên tự ngưng thuốc không?	healthcare_consultant
Em muốn tự theo dõi sức khỏe vì đang uống thuốc mỡ máu; thấy đau cơ nhẹ thì có nên tự ngưng thuốc không?	healthcare_consultant
Bác sĩ ơi, tôi đang dùng thuốc chống đông; bị chảy máu chân răng thì có cần báo bác sĩ ngay không?	healthcare_consultant
Cho em hỏi khi đang dùng thuốc chống đông, bị chảy máu chân răng thì có cần báo bác sĩ ngay không ạ?	healthcare_consultant
Tui đang đang dùng thuốc chống đông; bị chảy máu chân răng thì có cần báo bác sĩ ngay không hông bác sĩ?	healthcare_consultant
Nhà em có người đang dùng thuốc chống đông, vậy bị chảy máu chân răng thì có cần báo bác sĩ ngay không?	healthcare_consultant
Em muốn tự theo dõi sức khỏe vì đang dùng thuốc chống đông; bị chảy máu chân răng thì có cần báo bác sĩ ngay không?	healthcare_consultant
Bác sĩ ơi, tôi đang uống thuốc dạ dày; đỡ đau rồi có được tự dừng thuốc giữa chừng không?	healthcare_consultant
Cho em hỏi khi đang uống thuốc dạ dày, đỡ đau rồi có được tự dừng thuốc giữa chừng không ạ?	healthcare_consultant
Tui đang đang uống thuốc dạ dày; đỡ đau rồi có được tự dừng thuốc giữa chừng không hông bác sĩ?	healthcare_consultant
Nhà em có người đang uống thuốc dạ dày, vậy đỡ đau rồi có được tự dừng thuốc giữa chừng không?	healthcare_consultant
Em muốn tự theo dõi sức khỏe vì đang uống thuốc dạ dày; đỡ đau rồi có được tự dừng thuốc giữa chừng không?	healthcare_consultant
Bác sĩ ơi, tôi đang điều trị viêm xoang; quên xịt mũi vài ngày thì có làm bệnh kéo dài không?	healthcare_consultant
Cho em hỏi khi đang điều trị viêm xoang, quên xịt mũi vài ngày thì có làm bệnh kéo dài không ạ?	healthcare_consultant
Tui đang đang điều trị viêm xoang; quên xịt mũi vài ngày thì có làm bệnh kéo dài không hông bác sĩ?	healthcare_consultant
Nhà em có người đang điều trị viêm xoang, vậy quên xịt mũi vài ngày thì có làm bệnh kéo dài không?	healthcare_consultant
Em muốn tự theo dõi sức khỏe vì đang điều trị viêm xoang; quên xịt mũi vài ngày thì có làm bệnh kéo dài không?	healthcare_consultant
Bác sĩ ơi, tôi đang dùng kháng sinh; hết sốt sau 2 ngày thì có nên uống đủ toa không?	healthcare_consultant
Cho em hỏi khi đang dùng kháng sinh, hết sốt sau 2 ngày thì có nên uống đủ toa không ạ?	healthcare_consultant
Tui đang đang dùng kháng sinh; hết sốt sau 2 ngày thì có nên uống đủ toa không hông bác sĩ?	healthcare_consultant
Nhà em có người đang dùng kháng sinh, vậy hết sốt sau 2 ngày thì có nên uống đủ toa không?	healthcare_consultant
Em muốn tự theo dõi sức khỏe vì đang dùng kháng sinh; hết sốt sau 2 ngày thì có nên uống đủ toa không?	healthcare_consultant
Bác sĩ ơi, tôi đang dùng thuốc tuyến giáp; nên uống trước ăn bao lâu và có được uống chung cà phê không?	healthcare_consultant
Cho em hỏi khi đang dùng thuốc tuyến giáp, nên uống trước ăn bao lâu và có được uống chung cà phê không ạ?	healthcare_consultant
Tui đang đang dùng thuốc tuyến giáp; nên uống trước ăn bao lâu và có được uống chung cà phê không hông bác sĩ?	healthcare_consultant
Nhà em có người đang dùng thuốc tuyến giáp, vậy nên uống trước ăn bao lâu và có được uống chung cà phê không?	healthcare_consultant
Em muốn tự theo dõi sức khỏe vì đang dùng thuốc tuyến giáp; nên uống trước ăn bao lâu và có được uống chung cà phê không?	healthcare_consultant
Bác sĩ ơi, tôi đang dùng thuốc ngủ ngắn ngày; sợ lệ thuộc thuốc thì nên theo dõi dấu hiệu gì?	healthcare_consultant
Cho em hỏi khi đang dùng thuốc ngủ ngắn ngày, sợ lệ thuộc thuốc thì nên theo dõi dấu hiệu gì ạ?	healthcare_consultant
Tui đang đang dùng thuốc ngủ ngắn ngày; sợ lệ thuộc thuốc thì nên theo dõi dấu hiệu gì hông bác sĩ?	healthcare_consultant
Nhà em có người đang dùng thuốc ngủ ngắn ngày, vậy sợ lệ thuộc thuốc thì nên theo dõi dấu hiệu gì?	healthcare_consultant
Em muốn tự theo dõi sức khỏe vì đang dùng thuốc ngủ ngắn ngày; sợ lệ thuộc thuốc thì nên theo dõi dấu hiệu gì?	healthcare_consultant
Bác sĩ ơi, tôi đang dùng thuốc giảm đau khớp; đau bao tử thì có cần đổi thuốc hay uống kèm gì không?	healthcare_consultant
Cho em hỏi khi đang dùng thuốc giảm đau khớp, đau bao tử thì có cần đổi thuốc hay uống kèm gì không ạ?	healthcare_consultant
Tui đang đang dùng thuốc giảm đau khớp; đau bao tử thì có cần đổi thuốc hay uống kèm gì không hông bác sĩ?	healthcare_consultant
Nhà em có người đang dùng thuốc giảm đau khớp, vậy đau bao tử thì có cần đổi thuốc hay uống kèm gì không?	healthcare_consultant
Em muốn tự theo dõi sức khỏe vì đang dùng thuốc giảm đau khớp; đau bao tử thì có cần đổi thuốc hay uống kèm gì không?	healthcare_consultant
Bác sĩ ơi, tôi đang theo dõi huyết áp tại nhà; đo lúc vừa leo cầu thang có chính xác không?	healthcare_consultant
Cho em hỏi khi đang theo dõi huyết áp tại nhà, đo lúc vừa leo cầu thang có chính xác không ạ?	healthcare_consultant
Tui đang đang theo dõi huyết áp tại nhà; đo lúc vừa leo cầu thang có chính xác không hông bác sĩ?	healthcare_consultant
Nhà em có người đang theo dõi huyết áp tại nhà, vậy đo lúc vừa leo cầu thang có chính xác không?	healthcare_consultant
Em muốn tự theo dõi sức khỏe vì đang theo dõi huyết áp tại nhà; đo lúc vừa leo cầu thang có chính xác không?	healthcare_consultant
Bác sĩ ơi, tôi đang theo dõi đường huyết; nên đo trước ăn hay sau ăn để biết bữa ăn có phù hợp không?	healthcare_consultant
Cho em hỏi khi đang theo dõi đường huyết, nên đo trước ăn hay sau ăn để biết bữa ăn có phù hợp không ạ?	healthcare_consultant
Tui đang đang theo dõi đường huyết; nên đo trước ăn hay sau ăn để biết bữa ăn có phù hợp không hông bác sĩ?	healthcare_consultant
Nhà em có người đang theo dõi đường huyết, vậy nên đo trước ăn hay sau ăn để biết bữa ăn có phù hợp không?	healthcare_consultant
Em muốn tự theo dõi sức khỏe vì đang theo dõi đường huyết; nên đo trước ăn hay sau ăn để biết bữa ăn có phù hợp không?	healthcare_consultant
Bác sĩ ơi, tôi đang dùng máy đo SpO2; chỉ số lúc lạnh tay có bị sai không và nên đo lại thế nào?	healthcare_consultant
Cho em hỏi khi đang dùng máy đo SpO2, chỉ số lúc lạnh tay có bị sai không và nên đo lại thế nào ạ?	healthcare_consultant
Tui đang đang dùng máy đo SpO2; chỉ số lúc lạnh tay có bị sai không và nên đo lại thế nào hông bác sĩ?	healthcare_consultant
Nhà em có người đang dùng máy đo SpO2, vậy chỉ số lúc lạnh tay có bị sai không và nên đo lại thế nào?	healthcare_consultant
Em muốn tự theo dõi sức khỏe vì đang dùng máy đo SpO2; chỉ số lúc lạnh tay có bị sai không và nên đo lại thế nào?	healthcare_consultant
Bác sĩ ơi, tôi đang tự cân mỗi ngày để giảm cân; cân nặng lên xuống thất thường có cần lo không?	healthcare_consultant
Cho em hỏi khi đang tự cân mỗi ngày để giảm cân, cân nặng lên xuống thất thường có cần lo không ạ?	healthcare_consultant
Tui đang đang tự cân mỗi ngày để giảm cân; cân nặng lên xuống thất thường có cần lo không hông bác sĩ?	healthcare_consultant
Nhà em có người đang tự cân mỗi ngày để giảm cân, vậy cân nặng lên xuống thất thường có cần lo không?	healthcare_consultant
Em muốn tự theo dõi sức khỏe vì đang tự cân mỗi ngày để giảm cân; cân nặng lên xuống thất thường có cần lo không?	healthcare_consultant
Bác sĩ ơi, tôi đang tập phục hồi sau đau lưng; đau tăng khi tập thì nên dừng hay giảm cường độ?	healthcare_consultant
Cho em hỏi khi đang tập phục hồi sau đau lưng, đau tăng khi tập thì nên dừng hay giảm cường độ ạ?	healthcare_consultant
Tui đang đang tập phục hồi sau đau lưng; đau tăng khi tập thì nên dừng hay giảm cường độ hông bác sĩ?	healthcare_consultant
Nhà em có người đang tập phục hồi sau đau lưng, vậy đau tăng khi tập thì nên dừng hay giảm cường độ?	healthcare_consultant
Em muốn tự theo dõi sức khỏe vì đang tập phục hồi sau đau lưng; đau tăng khi tập thì nên dừng hay giảm cường độ?	healthcare_consultant
Bác sĩ ơi, tôi đang chăm sóc người bị tai biến nhẹ; nên theo dõi nuốt sặc, huyết áp và vận động ra sao?	healthcare_consultant
Cho em hỏi khi đang chăm sóc người bị tai biến nhẹ, nên theo dõi nuốt sặc, huyết áp và vận động ra sao ạ?	healthcare_consultant
Tui đang đang chăm sóc người bị tai biến nhẹ; nên theo dõi nuốt sặc, huyết áp và vận động ra sao hông bác sĩ?	healthcare_consultant
Nhà em có người đang chăm sóc người bị tai biến nhẹ, vậy nên theo dõi nuốt sặc, huyết áp và vận động ra sao?	healthcare_consultant
Em muốn tự theo dõi sức khỏe vì đang chăm sóc người bị tai biến nhẹ; nên theo dõi nuốt sặc, huyết áp và vận động ra sao?	healthcare_consultant
Bác sĩ ơi, tôi đang uống canxi và vitamin D; uống cùng sữa hoặc trà có ảnh hưởng hấp thu không?	healthcare_consultant
Cho em hỏi khi đang uống canxi và vitamin D, uống cùng sữa hoặc trà có ảnh hưởng hấp thu không ạ?	healthcare_consultant
Tui đang đang uống canxi và vitamin D; uống cùng sữa hoặc trà có ảnh hưởng hấp thu không hông bác sĩ?	healthcare_consultant
Nhà em có người đang uống canxi và vitamin D, vậy uống cùng sữa hoặc trà có ảnh hưởng hấp thu không?	healthcare_consultant
Em muốn tự theo dõi sức khỏe vì đang uống canxi và vitamin D; uống cùng sữa hoặc trà có ảnh hưởng hấp thu không?	healthcare_consultant
Bác sĩ ơi, tôi đang dùng thuốc dị ứng; buồn ngủ nhiều thì có nên đổi thời điểm uống không?	healthcare_consultant
Cho em hỏi khi đang dùng thuốc dị ứng, buồn ngủ nhiều thì có nên đổi thời điểm uống không ạ?	healthcare_consultant
Tui đang đang dùng thuốc dị ứng; buồn ngủ nhiều thì có nên đổi thời điểm uống không hông bác sĩ?	healthcare_consultant
Nhà em có người đang dùng thuốc dị ứng, vậy buồn ngủ nhiều thì có nên đổi thời điểm uống không?	healthcare_consultant
Em muốn tự theo dõi sức khỏe vì đang dùng thuốc dị ứng; buồn ngủ nhiều thì có nên đổi thời điểm uống không?	healthcare_consultant
Bác sĩ ơi, tôi đang bôi thuốc trị nấm da; hết ngứa rồi có cần bôi thêm vài ngày không?	healthcare_consultant
Cho em hỏi khi đang bôi thuốc trị nấm da, hết ngứa rồi có cần bôi thêm vài ngày không ạ?	healthcare_consultant
Tui đang đang bôi thuốc trị nấm da; hết ngứa rồi có cần bôi thêm vài ngày không hông bác sĩ?	healthcare_consultant
Nhà em có người đang bôi thuốc trị nấm da, vậy hết ngứa rồi có cần bôi thêm vài ngày không?	healthcare_consultant
Em muốn tự theo dõi sức khỏe vì đang bôi thuốc trị nấm da; hết ngứa rồi có cần bôi thêm vài ngày không?	healthcare_consultant
Bác sĩ ơi, tôi đang nhỏ thuốc mắt; nhỏ hai loại thuốc cách nhau bao lâu thì hợp lý?	healthcare_consultant
Cho em hỏi khi đang nhỏ thuốc mắt, nhỏ hai loại thuốc cách nhau bao lâu thì hợp lý ạ?	healthcare_consultant
Tui đang đang nhỏ thuốc mắt; nhỏ hai loại thuốc cách nhau bao lâu thì hợp lý hông bác sĩ?	healthcare_consultant
Nhà em có người đang nhỏ thuốc mắt, vậy nhỏ hai loại thuốc cách nhau bao lâu thì hợp lý?	healthcare_consultant
Em muốn tự theo dõi sức khỏe vì đang nhỏ thuốc mắt; nhỏ hai loại thuốc cách nhau bao lâu thì hợp lý?	healthcare_consultant
Bác sĩ ơi, tôi đang chăm bé bị sốt; nên ghi nhiệt độ và giờ uống thuốc thế nào cho khỏi nhầm?	healthcare_consultant
Cho em hỏi khi đang chăm bé bị sốt, nên ghi nhiệt độ và giờ uống thuốc thế nào cho khỏi nhầm ạ?	healthcare_consultant
Tui đang đang chăm bé bị sốt; nên ghi nhiệt độ và giờ uống thuốc thế nào cho khỏi nhầm hông bác sĩ?	healthcare_consultant
Nhà em có người đang chăm bé bị sốt, vậy nên ghi nhiệt độ và giờ uống thuốc thế nào cho khỏi nhầm?	healthcare_consultant
Em muốn tự theo dõi sức khỏe vì đang chăm bé bị sốt; nên ghi nhiệt độ và giờ uống thuốc thế nào cho khỏi nhầm?	healthcare_consultant
Bác sĩ ơi, tôi đang chăm người già hay té ngã; nên kiểm tra thuốc, huyết áp và đường huyết tại nhà ra sao?	healthcare_consultant
Cho em hỏi khi đang chăm người già hay té ngã, nên kiểm tra thuốc, huyết áp và đường huyết tại nhà ra sao ạ?	healthcare_consultant
Tui đang đang chăm người già hay té ngã; nên kiểm tra thuốc, huyết áp và đường huyết tại nhà ra sao hông bác sĩ?	healthcare_consultant
Nhà em có người đang chăm người già hay té ngã, vậy nên kiểm tra thuốc, huyết áp và đường huyết tại nhà ra sao?	healthcare_consultant
Em muốn tự theo dõi sức khỏe vì đang chăm người già hay té ngã; nên kiểm tra thuốc, huyết áp và đường huyết tại nhà ra sao?	healthcare_consultant
Bác sĩ ơi, tôi đang uống thuốc bổ gan; có cần xét nghiệm lại men gan để biết thuốc có hiệu quả không?	healthcare_consultant
Cho em hỏi khi đang uống thuốc bổ gan, có cần xét nghiệm lại men gan để biết thuốc có hiệu quả không ạ?	healthcare_consultant
Tui đang đang uống thuốc bổ gan; có cần xét nghiệm lại men gan để biết thuốc có hiệu quả không hông bác sĩ?	healthcare_consultant
Nhà em có người đang uống thuốc bổ gan, vậy có cần xét nghiệm lại men gan để biết thuốc có hiệu quả không?	healthcare_consultant
Em muốn tự theo dõi sức khỏe vì đang uống thuốc bổ gan; có cần xét nghiệm lại men gan để biết thuốc có hiệu quả không?	healthcare_consultant
Bác sĩ ơi, tôi đang dùng thuốc trị mụn; da khô rát thì nên giảm tần suất hay đi khám lại?	healthcare_consultant
Cho em hỏi khi đang dùng thuốc trị mụn, da khô rát thì nên giảm tần suất hay đi khám lại ạ?	healthcare_consultant
Tui đang đang dùng thuốc trị mụn; da khô rát thì nên giảm tần suất hay đi khám lại hông bác sĩ?	healthcare_consultant
Nhà em có người đang dùng thuốc trị mụn, vậy da khô rát thì nên giảm tần suất hay đi khám lại?	healthcare_consultant
Em muốn tự theo dõi sức khỏe vì đang dùng thuốc trị mụn; da khô rát thì nên giảm tần suất hay đi khám lại?	healthcare_consultant
Bác sĩ ơi, tôi đang dùng men vi sinh; uống cùng kháng sinh có bị mất tác dụng không?	healthcare_consultant
Cho em hỏi khi đang dùng men vi sinh, uống cùng kháng sinh có bị mất tác dụng không ạ?	healthcare_consultant
Tui đang đang dùng men vi sinh; uống cùng kháng sinh có bị mất tác dụng không hông bác sĩ?	healthcare_consultant
Nhà em có người đang dùng men vi sinh, vậy uống cùng kháng sinh có bị mất tác dụng không?	healthcare_consultant
Em muốn tự theo dõi sức khỏe vì đang dùng men vi sinh; uống cùng kháng sinh có bị mất tác dụng không?	healthcare_consultant
Bác sĩ cho em hỏi, nếu em ngồi máy tính 8 tiếng mỗi ngày thì làm sao nghỉ mắt, giãn cổ vai gáy và tránh đau lưng?	healthcare_consultant
Dạo này tôi ngồi máy tính 8 tiếng mỗi ngày; làm sao nghỉ mắt, giãn cổ vai gáy và tránh đau lưng bác sĩ?	healthcare_consultant
Tui có thói quen ngồi máy tính 8 tiếng mỗi ngày, làm sao nghỉ mắt, giãn cổ vai gáy và tránh đau lưng hông ạ?	healthcare_consultant
Cho hỏi người trẻ mà ngồi máy tính 8 tiếng mỗi ngày thì làm sao nghỉ mắt, giãn cổ vai gáy và tránh đau lưng?	healthcare_consultant
Em muốn đổi lối sống vì đang ngồi máy tính 8 tiếng mỗi ngày; làm sao nghỉ mắt, giãn cổ vai gáy và tránh đau lưng?	healthcare_consultant
Bác sĩ cho em hỏi, nếu em hay thức khuya học bài thì có ảnh hưởng trí nhớ, miễn dịch và da mặt không?	healthcare_consultant
Dạo này tôi hay thức khuya học bài; có ảnh hưởng trí nhớ, miễn dịch và da mặt không bác sĩ?	healthcare_consultant
Tui có thói quen hay thức khuya học bài, có ảnh hưởng trí nhớ, miễn dịch và da mặt không hông ạ?	healthcare_consultant
Cho hỏi người trẻ mà hay thức khuya học bài thì có ảnh hưởng trí nhớ, miễn dịch và da mặt không?	healthcare_consultant
Em muốn đổi lối sống vì đang hay thức khuya học bài; có ảnh hưởng trí nhớ, miễn dịch và da mặt không?	healthcare_consultant
Bác sĩ cho em hỏi, nếu em stress công việc kéo dài thì nên thở, vận động hay đi tư vấn tâm lý khi nào?	healthcare_consultant
Dạo này tôi stress công việc kéo dài; nên thở, vận động hay đi tư vấn tâm lý khi nào bác sĩ?	healthcare_consultant
Tui có thói quen stress công việc kéo dài, nên thở, vận động hay đi tư vấn tâm lý khi nào hông ạ?	healthcare_consultant
Cho hỏi người trẻ mà stress công việc kéo dài thì nên thở, vận động hay đi tư vấn tâm lý khi nào?	healthcare_consultant
Em muốn đổi lối sống vì đang stress công việc kéo dài; nên thở, vận động hay đi tư vấn tâm lý khi nào?	healthcare_consultant
Bác sĩ cho em hỏi, nếu em uống cà phê lúc chiều tối thì vì sao đêm lại khó ngủ và nên đổi thói quen thế nào?	healthcare_consultant
Dạo này tôi uống cà phê lúc chiều tối; vì sao đêm lại khó ngủ và nên đổi thói quen thế nào bác sĩ?	healthcare_consultant
Tui có thói quen uống cà phê lúc chiều tối, vì sao đêm lại khó ngủ và nên đổi thói quen thế nào hông ạ?	healthcare_consultant
Cho hỏi người trẻ mà uống cà phê lúc chiều tối thì vì sao đêm lại khó ngủ và nên đổi thói quen thế nào?	healthcare_consultant
Em muốn đổi lối sống vì đang uống cà phê lúc chiều tối; vì sao đêm lại khó ngủ và nên đổi thói quen thế nào?	healthcare_consultant
Bác sĩ cho em hỏi, nếu em lướt điện thoại trước khi ngủ thì có làm mất ngủ và đau đầu sáng hôm sau không?	healthcare_consultant
Dạo này tôi lướt điện thoại trước khi ngủ; có làm mất ngủ và đau đầu sáng hôm sau không bác sĩ?	healthcare_consultant
Tui có thói quen lướt điện thoại trước khi ngủ, có làm mất ngủ và đau đầu sáng hôm sau không hông ạ?	healthcare_consultant
Cho hỏi người trẻ mà lướt điện thoại trước khi ngủ thì có làm mất ngủ và đau đầu sáng hôm sau không?	healthcare_consultant
Em muốn đổi lối sống vì đang lướt điện thoại trước khi ngủ; có làm mất ngủ và đau đầu sáng hôm sau không?	healthcare_consultant
Bác sĩ cho em hỏi, nếu em ăn khuya thường xuyên thì có làm trào ngược, tăng cân và khó ngủ không?	healthcare_consultant
Dạo này tôi ăn khuya thường xuyên; có làm trào ngược, tăng cân và khó ngủ không bác sĩ?	healthcare_consultant
Tui có thói quen ăn khuya thường xuyên, có làm trào ngược, tăng cân và khó ngủ không hông ạ?	healthcare_consultant
Cho hỏi người trẻ mà ăn khuya thường xuyên thì có làm trào ngược, tăng cân và khó ngủ không?	healthcare_consultant
Em muốn đổi lối sống vì đang ăn khuya thường xuyên; có làm trào ngược, tăng cân và khó ngủ không?	healthcare_consultant
Bác sĩ cho em hỏi, nếu em bỏ bữa sáng rồi làm việc tới trưa thì có làm chóng mặt, tụt đường huyết hay đau dạ dày không?	healthcare_consultant
Dạo này tôi bỏ bữa sáng rồi làm việc tới trưa; có làm chóng mặt, tụt đường huyết hay đau dạ dày không bác sĩ?	healthcare_consultant
Tui có thói quen bỏ bữa sáng rồi làm việc tới trưa, có làm chóng mặt, tụt đường huyết hay đau dạ dày không hông ạ?	healthcare_consultant
Cho hỏi người trẻ mà bỏ bữa sáng rồi làm việc tới trưa thì có làm chóng mặt, tụt đường huyết hay đau dạ dày không?	healthcare_consultant
Em muốn đổi lối sống vì đang bỏ bữa sáng rồi làm việc tới trưa; có làm chóng mặt, tụt đường huyết hay đau dạ dày không?	healthcare_consultant
Bác sĩ cho em hỏi, nếu em tập gym quá sức sau thời gian nghỉ lâu thì đau cơ thế nào là bình thường, thế nào cần đi khám?	healthcare_consultant
Dạo này tôi tập gym quá sức sau thời gian nghỉ lâu; đau cơ thế nào là bình thường, thế nào cần đi khám bác sĩ?	healthcare_consultant
Tui có thói quen tập gym quá sức sau thời gian nghỉ lâu, đau cơ thế nào là bình thường, thế nào cần đi khám hông ạ?	healthcare_consultant
Cho hỏi người trẻ mà tập gym quá sức sau thời gian nghỉ lâu thì đau cơ thế nào là bình thường, thế nào cần đi khám?	healthcare_consultant
Em muốn đổi lối sống vì đang tập gym quá sức sau thời gian nghỉ lâu; đau cơ thế nào là bình thường, thế nào cần đi khám?	healthcare_consultant
Bác sĩ cho em hỏi, nếu em chạy bộ khi trời nắng nóng thì nên uống nước và nhận biết say nắng ra sao?	healthcare_consultant
Dạo này tôi chạy bộ khi trời nắng nóng; nên uống nước và nhận biết say nắng ra sao bác sĩ?	healthcare_consultant
Tui có thói quen chạy bộ khi trời nắng nóng, nên uống nước và nhận biết say nắng ra sao hông ạ?	healthcare_consultant
Cho hỏi người trẻ mà chạy bộ khi trời nắng nóng thì nên uống nước và nhận biết say nắng ra sao?	healthcare_consultant
Em muốn đổi lối sống vì đang chạy bộ khi trời nắng nóng; nên uống nước và nhận biết say nắng ra sao?	healthcare_consultant
Bác sĩ cho em hỏi, nếu em uống nước ngọt mỗi ngày thì có ảnh hưởng cân nặng, gan nhiễm mỡ và đường huyết không?	healthcare_consultant
Dạo này tôi uống nước ngọt mỗi ngày; có ảnh hưởng cân nặng, gan nhiễm mỡ và đường huyết không bác sĩ?	healthcare_consultant
Tui có thói quen uống nước ngọt mỗi ngày, có ảnh hưởng cân nặng, gan nhiễm mỡ và đường huyết không hông ạ?	healthcare_consultant
Cho hỏi người trẻ mà uống nước ngọt mỗi ngày thì có ảnh hưởng cân nặng, gan nhiễm mỡ và đường huyết không?	healthcare_consultant
Em muốn đổi lối sống vì đang uống nước ngọt mỗi ngày; có ảnh hưởng cân nặng, gan nhiễm mỡ và đường huyết không?	healthcare_consultant
Bác sĩ cho em hỏi, nếu em ăn mặn từ nhỏ thì có tăng nguy cơ cao huyết áp sau này không?	healthcare_consultant
Dạo này tôi ăn mặn từ nhỏ; có tăng nguy cơ cao huyết áp sau này không bác sĩ?	healthcare_consultant
Tui có thói quen ăn mặn từ nhỏ, có tăng nguy cơ cao huyết áp sau này không hông ạ?	healthcare_consultant
Cho hỏi người trẻ mà ăn mặn từ nhỏ thì có tăng nguy cơ cao huyết áp sau này không?	healthcare_consultant
Em muốn đổi lối sống vì đang ăn mặn từ nhỏ; có tăng nguy cơ cao huyết áp sau này không?	healthcare_consultant
Bác sĩ cho em hỏi, nếu em hay nhịn tiểu vì bận học thì có hại bàng quang hoặc dễ nhiễm trùng tiểu không?	healthcare_consultant
Dạo này tôi hay nhịn tiểu vì bận học; có hại bàng quang hoặc dễ nhiễm trùng tiểu không bác sĩ?	healthcare_consultant
Tui có thói quen hay nhịn tiểu vì bận học, có hại bàng quang hoặc dễ nhiễm trùng tiểu không hông ạ?	healthcare_consultant
Cho hỏi người trẻ mà hay nhịn tiểu vì bận học thì có hại bàng quang hoặc dễ nhiễm trùng tiểu không?	healthcare_consultant
Em muốn đổi lối sống vì đang hay nhịn tiểu vì bận học; có hại bàng quang hoặc dễ nhiễm trùng tiểu không?	healthcare_consultant
Bác sĩ cho em hỏi, nếu em đeo tai nghe âm lượng lớn thì có gây ù tai và giảm thính lực không?	healthcare_consultant
Dạo này tôi đeo tai nghe âm lượng lớn; có gây ù tai và giảm thính lực không bác sĩ?	healthcare_consultant
Tui có thói quen đeo tai nghe âm lượng lớn, có gây ù tai và giảm thính lực không hông ạ?	healthcare_consultant
Cho hỏi người trẻ mà đeo tai nghe âm lượng lớn thì có gây ù tai và giảm thính lực không?	healthcare_consultant
Em muốn đổi lối sống vì đang đeo tai nghe âm lượng lớn; có gây ù tai và giảm thính lực không?	healthcare_consultant
Bác sĩ cho em hỏi, nếu em làm ca đêm thường xuyên thì nên sắp xếp ngủ, ăn và tập luyện thế nào để đỡ kiệt sức?	healthcare_consultant
Dạo này tôi làm ca đêm thường xuyên; nên sắp xếp ngủ, ăn và tập luyện thế nào để đỡ kiệt sức bác sĩ?	healthcare_consultant
Tui có thói quen làm ca đêm thường xuyên, nên sắp xếp ngủ, ăn và tập luyện thế nào để đỡ kiệt sức hông ạ?	healthcare_consultant
Cho hỏi người trẻ mà làm ca đêm thường xuyên thì nên sắp xếp ngủ, ăn và tập luyện thế nào để đỡ kiệt sức?	healthcare_consultant
Em muốn đổi lối sống vì đang làm ca đêm thường xuyên; nên sắp xếp ngủ, ăn và tập luyện thế nào để đỡ kiệt sức?	healthcare_consultant
Bác sĩ cho em hỏi, nếu em thường xuyên căng thẳng trước kỳ thi thì đau bụng, tim đập nhanh có phải do lo âu không?	healthcare_consultant
Dạo này tôi thường xuyên căng thẳng trước kỳ thi; đau bụng, tim đập nhanh có phải do lo âu không bác sĩ?	healthcare_consultant
Tui có thói quen thường xuyên căng thẳng trước kỳ thi, đau bụng, tim đập nhanh có phải do lo âu không hông ạ?	healthcare_consultant
Cho hỏi người trẻ mà thường xuyên căng thẳng trước kỳ thi thì đau bụng, tim đập nhanh có phải do lo âu không?	healthcare_consultant
Em muốn đổi lối sống vì đang thường xuyên căng thẳng trước kỳ thi; đau bụng, tim đập nhanh có phải do lo âu không?	healthcare_consultant
Bác sĩ cho em hỏi, nếu em ở phòng máy lạnh cả ngày thì khô họng, khô mắt thì nên điều chỉnh thế nào?	healthcare_consultant
Dạo này tôi ở phòng máy lạnh cả ngày; khô họng, khô mắt thì nên điều chỉnh thế nào bác sĩ?	healthcare_consultant
Tui có thói quen ở phòng máy lạnh cả ngày, khô họng, khô mắt thì nên điều chỉnh thế nào hông ạ?	healthcare_consultant
Cho hỏi người trẻ mà ở phòng máy lạnh cả ngày thì khô họng, khô mắt thì nên điều chỉnh thế nào?	healthcare_consultant
Em muốn đổi lối sống vì đang ở phòng máy lạnh cả ngày; khô họng, khô mắt thì nên điều chỉnh thế nào?	healthcare_consultant
Bác sĩ cho em hỏi, nếu em ít ra nắng thì có nguy cơ thiếu vitamin D và đau mỏi xương không?	healthcare_consultant
Dạo này tôi ít ra nắng; có nguy cơ thiếu vitamin D và đau mỏi xương không bác sĩ?	healthcare_consultant
Tui có thói quen ít ra nắng, có nguy cơ thiếu vitamin D và đau mỏi xương không hông ạ?	healthcare_consultant
Cho hỏi người trẻ mà ít ra nắng thì có nguy cơ thiếu vitamin D và đau mỏi xương không?	healthcare_consultant
Em muốn đổi lối sống vì đang ít ra nắng; có nguy cơ thiếu vitamin D và đau mỏi xương không?	healthcare_consultant
Bác sĩ cho em hỏi, nếu em hay ăn đồ chiên rán thì nên giảm tần suất thế nào để tốt cho tim mạch?	healthcare_consultant
Dạo này tôi hay ăn đồ chiên rán; nên giảm tần suất thế nào để tốt cho tim mạch bác sĩ?	healthcare_consultant
Tui có thói quen hay ăn đồ chiên rán, nên giảm tần suất thế nào để tốt cho tim mạch hông ạ?	healthcare_consultant
Cho hỏi người trẻ mà hay ăn đồ chiên rán thì nên giảm tần suất thế nào để tốt cho tim mạch?	healthcare_consultant
Em muốn đổi lối sống vì đang hay ăn đồ chiên rán; nên giảm tần suất thế nào để tốt cho tim mạch?	healthcare_consultant
Bác sĩ cho em hỏi, nếu em uống rượu bia cuối tuần thì bao nhiêu là nhiều và cần kiểm tra gan khi nào?	healthcare_consultant
Dạo này tôi uống rượu bia cuối tuần; bao nhiêu là nhiều và cần kiểm tra gan khi nào bác sĩ?	healthcare_consultant
Tui có thói quen uống rượu bia cuối tuần, bao nhiêu là nhiều và cần kiểm tra gan khi nào hông ạ?	healthcare_consultant
Cho hỏi người trẻ mà uống rượu bia cuối tuần thì bao nhiêu là nhiều và cần kiểm tra gan khi nào?	healthcare_consultant
Em muốn đổi lối sống vì đang uống rượu bia cuối tuần; bao nhiêu là nhiều và cần kiểm tra gan khi nào?	healthcare_consultant
Bác sĩ cho em hỏi, nếu em hút thuốc lá thụ động trong nhà thì trẻ nhỏ và người già có bị ảnh hưởng hô hấp không?	healthcare_consultant
Dạo này tôi hút thuốc lá thụ động trong nhà; trẻ nhỏ và người già có bị ảnh hưởng hô hấp không bác sĩ?	healthcare_consultant
Tui có thói quen hút thuốc lá thụ động trong nhà, trẻ nhỏ và người già có bị ảnh hưởng hô hấp không hông ạ?	healthcare_consultant
Cho hỏi người trẻ mà hút thuốc lá thụ động trong nhà thì trẻ nhỏ và người già có bị ảnh hưởng hô hấp không?	healthcare_consultant
Em muốn đổi lối sống vì đang hút thuốc lá thụ động trong nhà; trẻ nhỏ và người già có bị ảnh hưởng hô hấp không?	healthcare_consultant
Bác sĩ cho em hỏi, nếu em ngủ ngáy to và ban ngày buồn ngủ thì có liên quan ngưng thở khi ngủ không?	healthcare_consultant
Dạo này tôi ngủ ngáy to và ban ngày buồn ngủ; có liên quan ngưng thở khi ngủ không bác sĩ?	healthcare_consultant
Tui có thói quen ngủ ngáy to và ban ngày buồn ngủ, có liên quan ngưng thở khi ngủ không hông ạ?	healthcare_consultant
Cho hỏi người trẻ mà ngủ ngáy to và ban ngày buồn ngủ thì có liên quan ngưng thở khi ngủ không?	healthcare_consultant
Em muốn đổi lối sống vì đang ngủ ngáy to và ban ngày buồn ngủ; có liên quan ngưng thở khi ngủ không?	healthcare_consultant
Bác sĩ cho em hỏi, nếu em hay dùng nước tăng lực để thức làm việc thì có hại tim mạch và giấc ngủ không?	healthcare_consultant
Dạo này tôi hay dùng nước tăng lực để thức làm việc; có hại tim mạch và giấc ngủ không bác sĩ?	healthcare_consultant
Tui có thói quen hay dùng nước tăng lực để thức làm việc, có hại tim mạch và giấc ngủ không hông ạ?	healthcare_consultant
Cho hỏi người trẻ mà hay dùng nước tăng lực để thức làm việc thì có hại tim mạch và giấc ngủ không?	healthcare_consultant
Em muốn đổi lối sống vì đang hay dùng nước tăng lực để thức làm việc; có hại tim mạch và giấc ngủ không?	healthcare_consultant
Bác sĩ cho em hỏi, nếu em ăn chay nhưng hay mệt thì cần chú ý đạm, sắt và vitamin B12 thế nào?	healthcare_consultant
Dạo này tôi ăn chay nhưng hay mệt; cần chú ý đạm, sắt và vitamin B12 thế nào bác sĩ?	healthcare_consultant
Tui có thói quen ăn chay nhưng hay mệt, cần chú ý đạm, sắt và vitamin B12 thế nào hông ạ?	healthcare_consultant
Cho hỏi người trẻ mà ăn chay nhưng hay mệt thì cần chú ý đạm, sắt và vitamin B12 thế nào?	healthcare_consultant
Em muốn đổi lối sống vì đang ăn chay nhưng hay mệt; cần chú ý đạm, sắt và vitamin B12 thế nào?	healthcare_consultant
Bác sĩ cho em hỏi, nếu em tập yoga buổi tối thì có giúp giảm stress và ngủ tốt hơn không?	healthcare_consultant
Dạo này tôi tập yoga buổi tối; có giúp giảm stress và ngủ tốt hơn không bác sĩ?	healthcare_consultant
Tui có thói quen tập yoga buổi tối, có giúp giảm stress và ngủ tốt hơn không hông ạ?	healthcare_consultant
Cho hỏi người trẻ mà tập yoga buổi tối thì có giúp giảm stress và ngủ tốt hơn không?	healthcare_consultant
Em muốn đổi lối sống vì đang tập yoga buổi tối; có giúp giảm stress và ngủ tốt hơn không?	healthcare_consultant
Bác sĩ cho em hỏi, nếu em ngồi học sai tư thế thì làm sao chỉnh bàn ghế để tránh gù lưng và mỏi cổ?	healthcare_consultant
Dạo này tôi ngồi học sai tư thế; làm sao chỉnh bàn ghế để tránh gù lưng và mỏi cổ bác sĩ?	healthcare_consultant
Tui có thói quen ngồi học sai tư thế, làm sao chỉnh bàn ghế để tránh gù lưng và mỏi cổ hông ạ?	healthcare_consultant
Cho hỏi người trẻ mà ngồi học sai tư thế thì làm sao chỉnh bàn ghế để tránh gù lưng và mỏi cổ?	healthcare_consultant
Em muốn đổi lối sống vì đang ngồi học sai tư thế; làm sao chỉnh bàn ghế để tránh gù lưng và mỏi cổ?	healthcare_consultant
Cho tôi hỏi Bệnh viện Chợ Rẫy có khám tim mạch vào sáng mai không?	healthcare_center_search
Từ chợ Bến Thành đi đến Bệnh viện Bạch Mai thì nên đi đường nào cho nhanh?	healthcare_center_search
Ở gần quận 1 có phòng khám tim mạch nào uy tín không?	healthcare_center_search
Bệnh viện Nhân dân Gia Định có nhận khám bảo hiểm y tế cho chuyên khoa da liễu không?	healthcare_center_search
Tôi muốn đặt lịch khám da liễu ở Bệnh viện Nhi Đồng 1, có cần gọi trước không?	healthcare_center_search
Chi phí khám da liễu ở Bệnh viện Nhi Đồng 2 khoảng bao nhiêu vậy?	healthcare_center_search
Tôi ở quận 3, muốn tìm bệnh viện khám hô hấp gần nhất thì nên đi đâu?	healthcare_center_search
Bệnh viện Hùng Vương có làm xét nghiệm và trả kết quả trong ngày không?	healthcare_center_search
Khám tổng quát ở Bệnh viện Phụ Sản Trung Ương có cần nhịn ăn trước không hay chỉ cần đặt lịch?	healthcare_center_search
Bệnh viện nào gần bến xe Miền Đông có khoa tiêu hóa làm việc cuối tuần?	healthcare_center_search
Phòng khám tiêu hóa quanh quận 5 chỗ nào có bác sĩ tốt?	healthcare_center_search
Từ quận 5 đến Bệnh viện Da liễu đi taxi mất khoảng bao lâu?	healthcare_center_search
Bệnh viện Mắt có khu khám dịch vụ không, tôi muốn đi nhanh đỡ phải chờ lâu.	healthcare_center_search
Tôi cần tìm trung tâm y tế gần bến xe Miền Đông để khám nhi khoa, có gợi ý nào không?	healthcare_center_search
Viện Tim có khám cho người lớn tuổi vào chiều nay không?	healthcare_center_search
Muốn khám sản phụ khoa ở Bệnh viện Tim Tâm Đức thì vào cổng nào và lấy số ở đâu?	healthcare_center_search
Ở khu quận 7 có bệnh viện nào khám sản phụ khoa buổi tối không?	healthcare_center_search
Tôi muốn đưa mẹ đi Bệnh viện Quân y 175, nơi đó có hỗ trợ xe lăn cho người già không?	healthcare_center_search
Bệnh viện 108 có tổng đài đặt lịch khám không, tôi cần hỏi lịch khoa mắt.	healthcare_center_search
Từ bến xe Miền Tây tới phòng khám mắt gần nhất nên đi xe buýt tuyến nào?	healthcare_center_search
Cho tôi hỏi Bệnh viện Đa khoa Tâm Anh có khám mắt vào chiều nay không?	healthcare_center_search
Từ sân bay Tân Sơn Nhất đi đến Bệnh viện FV thì nên đi đường nào cho nhanh?	healthcare_center_search
Ở gần quận 10 có phòng khám tai mũi họng nào uy tín không?	healthcare_center_search
Bệnh viện Hoàn Mỹ có nhận khám bảo hiểm y tế cho chuyên khoa tai mũi họng không?	healthcare_center_search
Tôi muốn đặt lịch khám cơ xương khớp ở Trung tâm Y tế quận 1, có cần gọi trước không?	healthcare_center_search
Chi phí khám cơ xương khớp ở Trung tâm Y tế quận 7 khoảng bao nhiêu vậy?	healthcare_center_search
Tôi ở quận 12, muốn tìm bệnh viện khám cơ xương khớp gần nhất thì nên đi đâu?	healthcare_center_search
Trung tâm Y tế Bình Thạnh có làm xét nghiệm và trả kết quả trong ngày không?	healthcare_center_search
Khám tổng quát ở Phòng khám Đa khoa Quốc tế có cần nhịn ăn trước không hay chỉ cần đặt lịch?	healthcare_center_search
Bệnh viện nào gần đường Nguyễn Trãi có khoa nội tiết làm việc cuối tuần?	healthcare_center_search
Phòng khám thần kinh quanh Gò Vấp chỗ nào có bác sĩ tốt?	healthcare_center_search
Từ Gò Vấp đến Phòng khám da liễu đi taxi mất khoảng bao lâu?	healthcare_center_search
Phòng khám tiêu hóa có khu khám dịch vụ không, tôi muốn đi nhanh đỡ phải chờ lâu.	healthcare_center_search
Tôi cần tìm trung tâm y tế gần đường Nguyễn Trãi để khám răng hàm mặt, có gợi ý nào không?	healthcare_center_search
Phòng khám sản phụ khoa có khám cho người lớn tuổi vào sau 6 giờ tối không?	healthcare_center_search
Muốn khám răng hàm mặt ở Bệnh viện Chợ Rẫy thì vào cổng nào và lấy số ở đâu?	healthcare_center_search
Ở khu Bình Thạnh có bệnh viện nào khám ung bướu buổi tối không?	healthcare_center_search
Tôi muốn đưa mẹ đi Bệnh viện Đại học Y Dược, nơi đó có hỗ trợ xe lăn cho người già không?	healthcare_center_search
Bệnh viện Nhân dân Gia Định có tổng đài đặt lịch khám không, tôi cần hỏi lịch khoa ung bướu.	healthcare_center_search
Từ đường Trần Hưng Đạo tới phòng khám vật lý trị liệu gần nhất nên đi xe buýt tuyến nào?	healthcare_center_search
Cho tôi hỏi Bệnh viện Nhi Đồng 2 có khám vật lý trị liệu vào sau 6 giờ tối không?	healthcare_center_search
Từ đường Trần Hưng Đạo đi đến Bệnh viện Từ Dũ thì nên đi đường nào cho nhanh?	healthcare_center_search
Ở gần Tân Bình có phòng khám xét nghiệm máu nào uy tín không?	healthcare_center_search
Bệnh viện Phụ Sản Trung Ương có nhận khám bảo hiểm y tế cho chuyên khoa xét nghiệm máu không?	healthcare_center_search
Tôi muốn đặt lịch khám xét nghiệm máu ở Bệnh viện Ung Bướu, có cần gọi trước không?	healthcare_center_search
Chi phí khám siêu âm bụng ở Bệnh viện K khoảng bao nhiêu vậy?	healthcare_center_search
Tôi ở Tân Phú, muốn tìm bệnh viện khám siêu âm bụng gần nhất thì nên đi đâu?	healthcare_center_search
Bệnh viện Mắt có làm xét nghiệm và trả kết quả trong ngày không?	healthcare_center_search
Khám tổng quát ở Bệnh viện Tai Mũi Họng có cần nhịn ăn trước không hay chỉ cần đặt lịch?	healthcare_center_search
Bệnh viện nào gần đường Phạm Văn Đồng có khoa tổng quát làm việc cuối tuần?	healthcare_center_search
Phòng khám tổng quát quanh Bình Chánh chỗ nào có bác sĩ tốt?	healthcare_center_search
Từ Bình Chánh đến Bệnh viện Chấn thương Chỉnh hình đi taxi mất khoảng bao lâu?	healthcare_center_search
Bệnh viện Quân y 175 có khu khám dịch vụ không, tôi muốn đi nhanh đỡ phải chờ lâu.	healthcare_center_search
Tôi cần tìm trung tâm y tế gần đường Phạm Văn Đồng để khám dinh dưỡng, có gợi ý nào không?	healthcare_center_search
Bệnh viện Việt Đức có khám cho người lớn tuổi vào ngày mai không?	healthcare_center_search
Muốn khám tâm lý ở Bệnh viện Đa khoa Tâm Anh thì vào cổng nào và lấy số ở đâu?	healthcare_center_search
Ở khu Thủ Đức có bệnh viện nào khám tâm lý buổi tối không?	healthcare_center_search
Tôi muốn đưa mẹ đi Bệnh viện Vinmec, nơi đó có hỗ trợ xe lăn cho người già không?	healthcare_center_search
Bệnh viện Hoàn Mỹ có tổng đài đặt lịch khám không, tôi cần hỏi lịch khoa phục hồi chức năng.	healthcare_center_search
Từ khu công nghiệp Tân Bình tới phòng khám phục hồi chức năng gần nhất nên đi xe buýt tuyến nào?	healthcare_center_search
Cho tôi hỏi Trung tâm Y tế quận 7 có khám tim mạch vào thứ bảy không?	healthcare_center_search
Từ khu công nghiệp Tân Bình đi đến Trung tâm Y tế Gò Vấp thì nên đi đường nào cho nhanh?	healthcare_center_search
Ở gần Nhà Bè có phòng khám tim mạch nào uy tín không?	healthcare_center_search
Phòng khám Đa khoa Quốc tế có nhận khám bảo hiểm y tế cho chuyên khoa da liễu không?	healthcare_center_search
Tôi muốn đặt lịch khám da liễu ở Phòng khám tim mạch, có cần gọi trước không?	healthcare_center_search
Chi phí khám da liễu ở Phòng khám nhi khoảng bao nhiêu vậy?	healthcare_center_search
Tôi ở Hóc Môn, muốn tìm bệnh viện khám hô hấp gần nhất thì nên đi đâu?	healthcare_center_search
Phòng khám tiêu hóa có làm xét nghiệm và trả kết quả trong ngày không?	healthcare_center_search
Khám tổng quát ở Phòng khám cơ xương khớp có cần nhịn ăn trước không hay chỉ cần đặt lịch?	healthcare_center_search
Bệnh viện nào gần khu công nghiệp Sóng Thần có khoa tiêu hóa làm việc cuối tuần?	healthcare_center_search
Phòng khám tiêu hóa quanh Cầu Giấy chỗ nào có bác sĩ tốt?	healthcare_center_search
Từ Cầu Giấy đến Bệnh viện Bạch Mai đi taxi mất khoảng bao lâu?	healthcare_center_search
Bệnh viện Đại học Y Dược có khu khám dịch vụ không, tôi muốn đi nhanh đỡ phải chờ lâu.	healthcare_center_search
Tôi cần tìm trung tâm y tế gần ngã tư Hàng Xanh để khám nhi khoa, có gợi ý nào không?	healthcare_center_search
Bệnh viện Nhi Đồng 1 có khám cho người lớn tuổi vào chủ nhật không?	healthcare_center_search
Muốn khám sản phụ khoa ở Bệnh viện Nhi Đồng 2 thì vào cổng nào và lấy số ở đâu?	healthcare_center_search
Ở khu Hoàn Kiếm có bệnh viện nào khám sản phụ khoa buổi tối không?	healthcare_center_search
Tôi muốn đưa mẹ đi Bệnh viện Hùng Vương, nơi đó có hỗ trợ xe lăn cho người già không?	healthcare_center_search
Bệnh viện Phụ Sản Trung Ương có tổng đài đặt lịch khám không, tôi cần hỏi lịch khoa mắt.	healthcare_center_search
Từ cầu Sài Gòn tới phòng khám mắt gần nhất nên đi xe buýt tuyến nào?	healthcare_center_search
Cho tôi hỏi Bệnh viện K có khám mắt vào giờ hành chính không?	healthcare_center_search
Từ cầu Sài Gòn đi đến Bệnh viện Da liễu thì nên đi đường nào cho nhanh?	healthcare_center_search
Ở gần Đống Đa có phòng khám tai mũi họng nào uy tín không?	healthcare_center_search
Bệnh viện Tai Mũi Họng có nhận khám bảo hiểm y tế cho chuyên khoa tai mũi họng không?	healthcare_center_search
Tôi muốn đặt lịch khám cơ xương khớp ở Viện Tim, có cần gọi trước không?	healthcare_center_search
Chi phí khám cơ xương khớp ở Bệnh viện Tim Tâm Đức khoảng bao nhiêu vậy?	healthcare_center_search
Tôi ở Hai Bà Trưng, muốn tìm bệnh viện khám cơ xương khớp gần nhất thì nên đi đâu?	healthcare_center_search
Bệnh viện Quân y 175 có làm xét nghiệm và trả kết quả trong ngày không?	healthcare_center_search
Khám tổng quát ở Bệnh viện 108 có cần nhịn ăn trước không hay chỉ cần đặt lịch?	healthcare_center_search
Bệnh viện nào gần khu đô thị Phú Mỹ Hưng có khoa nội tiết làm việc cuối tuần?	healthcare_center_search
Phòng khám thần kinh quanh Long Biên chỗ nào có bác sĩ tốt?	healthcare_center_search
Từ Long Biên đến Bệnh viện FV đi taxi mất khoảng bao lâu?	healthcare_center_search
Bệnh viện Vinmec có khu khám dịch vụ không, tôi muốn đi nhanh đỡ phải chờ lâu.	healthcare_center_search
Tôi cần tìm trung tâm y tế gần hồ Gươm để khám răng hàm mặt, có gợi ý nào không?	healthcare_center_search
Trung tâm Y tế quận 1 có khám cho người lớn tuổi vào ngoài giờ không?	healthcare_center_search
Muốn khám răng hàm mặt ở Trung tâm Y tế quận 7 thì vào cổng nào và lấy số ở đâu?	healthcare_center_search
Ở khu Hà Đông có bệnh viện nào khám ung bướu buổi tối không?	healthcare_center_search
Tôi muốn đưa mẹ đi Trung tâm Y tế Bình Thạnh, nơi đó có hỗ trợ xe lăn cho người già không?	healthcare_center_search
Phòng khám Đa khoa Quốc tế có tổng đài đặt lịch khám không, tôi cần hỏi lịch khoa ung bướu.	healthcare_center_search
Từ bến xe Giáp Bát tới phòng khám vật lý trị liệu gần nhất nên đi xe buýt tuyến nào?	healthcare_center_search
Cho tôi hỏi Phòng khám nhi có khám vật lý trị liệu vào trong tuần này không?	healthcare_center_search
Từ bến xe Giáp Bát đi đến Phòng khám da liễu thì nên đi đường nào cho nhanh?	healthcare_center_search
Ở gần quận 1 có phòng khám xét nghiệm máu nào uy tín không?	healthcare_center_search
Phòng khám cơ xương khớp có nhận khám bảo hiểm y tế cho chuyên khoa xét nghiệm máu không?	healthcare_center_search
Tôi muốn đặt lịch khám xét nghiệm máu ở Phòng khám sản phụ khoa, có cần gọi trước không?	healthcare_center_search
Chi phí khám siêu âm bụng ở Bệnh viện Chợ Rẫy khoảng bao nhiêu vậy?	healthcare_center_search
Tôi ở quận 3, muốn tìm bệnh viện khám siêu âm bụng gần nhất thì nên đi đâu?	healthcare_center_search
Bệnh viện Đại học Y Dược có làm xét nghiệm và trả kết quả trong ngày không?	healthcare_center_search
Khám tổng quát ở Bệnh viện Nhân dân Gia Định có cần nhịn ăn trước không hay chỉ cần đặt lịch?	healthcare_center_search
Bệnh viện nào gần đường Láng có khoa tổng quát làm việc cuối tuần?	healthcare_center_search
Phòng khám tổng quát quanh quận 5 chỗ nào có bác sĩ tốt?	healthcare_center_search
Từ quận 5 đến Bệnh viện Từ Dũ đi taxi mất khoảng bao lâu?	healthcare_center_search
Bệnh viện Hùng Vương có khu khám dịch vụ không, tôi muốn đi nhanh đỡ phải chờ lâu.	healthcare_center_search
Tôi cần tìm trung tâm y tế gần đường Võ Văn Kiệt để khám dinh dưỡng, có gợi ý nào không?	healthcare_center_search
Bệnh viện Ung Bướu có khám cho người lớn tuổi vào sáng mai không?	healthcare_center_search
Muốn khám tâm lý ở Bệnh viện K thì vào cổng nào và lấy số ở đâu?	healthcare_center_search
Ở khu quận 7 có bệnh viện nào khám tâm lý buổi tối không?	healthcare_center_search
Tôi muốn đưa mẹ đi Bệnh viện Mắt, nơi đó có hỗ trợ xe lăn cho người già không?	healthcare_center_search
Bệnh viện Tai Mũi Họng có tổng đài đặt lịch khám không, tôi cần hỏi lịch khoa phục hồi chức năng.	healthcare_center_search
Từ quốc lộ 1A tới phòng khám phục hồi chức năng gần nhất nên đi xe buýt tuyến nào?	healthcare_center_search
Cho tôi hỏi Bệnh viện Tim Tâm Đức có khám tim mạch vào sáng mai không?	healthcare_center_search
Từ quốc lộ 1A đi đến Bệnh viện Chấn thương Chỉnh hình thì nên đi đường nào cho nhanh?	healthcare_center_search
Ở gần quận 10 có phòng khám tim mạch nào uy tín không?	healthcare_center_search
Bệnh viện 108 có nhận khám bảo hiểm y tế cho chuyên khoa da liễu không?	healthcare_center_search
Tôi muốn đặt lịch khám da liễu ở Bệnh viện Việt Đức, có cần gọi trước không?	healthcare_center_search
Chi phí khám da liễu ở Bệnh viện Đa khoa Tâm Anh khoảng bao nhiêu vậy?	healthcare_center_search
Tôi ở quận 12, muốn tìm bệnh viện khám hô hấp gần nhất thì nên đi đâu?	healthcare_center_search
Bệnh viện Vinmec có làm xét nghiệm và trả kết quả trong ngày không?	healthcare_center_search
Khám tổng quát ở Bệnh viện Hoàn Mỹ có cần nhịn ăn trước không hay chỉ cần đặt lịch?	healthcare_center_search
Bệnh viện nào gần chợ Bến Thành có khoa tiêu hóa làm việc cuối tuần?	healthcare_center_search
Phòng khám tiêu hóa quanh Gò Vấp chỗ nào có bác sĩ tốt?	healthcare_center_search
Từ Gò Vấp đến Trung tâm Y tế Gò Vấp đi taxi mất khoảng bao lâu?	healthcare_center_search
Trung tâm Y tế Bình Thạnh có khu khám dịch vụ không, tôi muốn đi nhanh đỡ phải chờ lâu.	healthcare_center_search
Phòng khám tim mạch có khám cho người lớn tuổi vào cuối tuần không?	healthcare_center_search
Muốn khám sản phụ khoa ở Phòng khám nhi thì vào cổng nào và lấy số ở đâu?	healthcare_center_search
Ở khu Bình Thạnh có bệnh viện nào khám sản phụ khoa buổi tối không?	healthcare_center_search
Tôi muốn đưa mẹ đi Phòng khám tiêu hóa, nơi đó có hỗ trợ xe lăn cho người già không?	healthcare_center_search
Phòng khám cơ xương khớp có tổng đài đặt lịch khám không, tôi cần hỏi lịch khoa mắt.	healthcare_center_search
Từ bến xe Miền Đông tới phòng khám mắt gần nhất nên đi xe buýt tuyến nào?	healthcare_center_search
Cho tôi hỏi Bệnh viện Chợ Rẫy có khám mắt vào cuối tuần không?	healthcare_center_search
Từ bến xe Miền Tây đi đến Bệnh viện Bạch Mai thì nên đi đường nào cho nhanh?	healthcare_center_search
Ở gần Tân Bình có phòng khám tai mũi họng nào uy tín không?	healthcare_center_search
Bệnh viện Nhân dân Gia Định có nhận khám bảo hiểm y tế cho chuyên khoa tai mũi họng không?	healthcare_center_search
Tôi muốn đặt lịch khám cơ xương khớp ở Bệnh viện Nhi Đồng 1, có cần gọi trước không?	healthcare_center_search
Chi phí khám cơ xương khớp ở Bệnh viện Nhi Đồng 2 khoảng bao nhiêu vậy?	healthcare_center_search
Tôi ở Tân Phú, muốn tìm bệnh viện khám cơ xương khớp gần nhất thì nên đi đâu?	healthcare_center_search
Bệnh viện nào gần sân bay Tân Sơn Nhất có khoa nội tiết làm việc cuối tuần?	healthcare_center_search
Phòng khám thần kinh quanh Bình Chánh chỗ nào có bác sĩ tốt?	healthcare_center_search
Từ Bình Chánh đến Bệnh viện Da liễu đi taxi mất khoảng bao lâu?	healthcare_center_search
Tôi cần tìm trung tâm y tế gần sân bay Tân Sơn Nhất để khám răng hàm mặt, có gợi ý nào không?	healthcare_center_search
Viện Tim có khám cho người lớn tuổi vào ngày mai không?	healthcare_center_search
Muốn khám răng hàm mặt ở Bệnh viện Tim Tâm Đức thì vào cổng nào và lấy số ở đâu?	healthcare_center_search
Ở khu Thủ Đức có bệnh viện nào khám ung bướu buổi tối không?	healthcare_center_search
Bệnh viện 108 có tổng đài đặt lịch khám không, tôi cần hỏi lịch khoa ung bướu.	healthcare_center_search
Từ đường Nguyễn Trãi tới phòng khám vật lý trị liệu gần nhất nên đi xe buýt tuyến nào?	healthcare_center_search
Cho tôi hỏi Bệnh viện Đa khoa Tâm Anh có khám vật lý trị liệu vào ngày mai không?	healthcare_center_search
Từ đường Trần Hưng Đạo đi đến Bệnh viện FV thì nên đi đường nào cho nhanh?	healthcare_center_search
Ở gần Nhà Bè có phòng khám xét nghiệm máu nào uy tín không?	healthcare_center_search
Bệnh viện Hoàn Mỹ có nhận khám bảo hiểm y tế cho chuyên khoa xét nghiệm máu không?	healthcare_center_search
Tôi muốn đặt lịch khám xét nghiệm máu ở Trung tâm Y tế quận 1, có cần gọi trước không?	healthcare_center_search
Chi phí khám siêu âm bụng ở Trung tâm Y tế quận 7 khoảng bao nhiêu vậy?	healthcare_center_search
Tôi ở Hóc Môn, muốn tìm bệnh viện khám siêu âm bụng gần nhất thì nên đi đâu?	healthcare_center_search
Bệnh viện nào gần đường Cộng Hòa có khoa tổng quát làm việc cuối tuần?	healthcare_center_search
Phòng khám tổng quát quanh Cầu Giấy chỗ nào có bác sĩ tốt?	healthcare_center_search
Từ Cầu Giấy đến Phòng khám da liễu đi taxi mất khoảng bao lâu?	healthcare_center_search
Tôi cần tìm trung tâm y tế gần đường Cộng Hòa để khám dinh dưỡng, có gợi ý nào không?	healthcare_center_search
Phòng khám sản phụ khoa có khám cho người lớn tuổi vào thứ bảy không?	healthcare_center_search
Muốn khám tâm lý ở Bệnh viện Chợ Rẫy thì vào cổng nào và lấy số ở đâu?	healthcare_center_search
Ở khu Hoàn Kiếm có bệnh viện nào khám tâm lý buổi tối không?	healthcare_center_search
Bệnh viện Nhân dân Gia Định có tổng đài đặt lịch khám không, tôi cần hỏi lịch khoa phục hồi chức năng.	healthcare_center_search
Từ đường Phạm Văn Đồng tới phòng khám phục hồi chức năng gần nhất nên đi xe buýt tuyến nào?	healthcare_center_search
Cho tôi hỏi Bệnh viện Nhi Đồng 2 có khám tim mạch vào chủ nhật không?	healthcare_center_search
Từ đường Phạm Văn Đồng đi đến Bệnh viện Từ Dũ thì nên đi đường nào cho nhanh?	healthcare_center_search
Ở gần Đống Đa có phòng khám tim mạch nào uy tín không?	healthcare_center_search
Bệnh viện Phụ Sản Trung Ương có nhận khám bảo hiểm y tế cho chuyên khoa da liễu không?	healthcare_center_search
Tôi muốn đặt lịch khám da liễu ở Bệnh viện Ung Bướu, có cần gọi trước không?	healthcare_center_search
Chi phí khám da liễu ở Bệnh viện K khoảng bao nhiêu vậy?	healthcare_center_search
Tôi ở Hai Bà Trưng, muốn tìm bệnh viện khám hô hấp gần nhất thì nên đi đâu?	healthcare_center_search
Phòng khám tiêu hóa quanh Long Biên chỗ nào có bác sĩ tốt?	healthcare_center_search
Từ Long Biên đến Bệnh viện Chấn thương Chỉnh hình đi taxi mất khoảng bao lâu?	healthcare_center_search
Tôi cần tìm trung tâm y tế gần khu công nghiệp Sóng Thần để khám nhi khoa, có gợi ý nào không?	healthcare_center_search
Bệnh viện Việt Đức có khám cho người lớn tuổi vào giờ hành chính không?	healthcare_center_search
Muốn khám sản phụ khoa ở Bệnh viện Đa khoa Tâm Anh thì vào cổng nào và lấy số ở đâu?	healthcare_center_search
Ở khu Hà Đông có bệnh viện nào khám sản phụ khoa buổi tối không?	healthcare_center_search
Bệnh viện Hoàn Mỹ có tổng đài đặt lịch khám không, tôi cần hỏi lịch khoa mắt.	healthcare_center_search
Từ ngã tư Hàng Xanh tới phòng khám mắt gần nhất nên đi xe buýt tuyến nào?	healthcare_center_search
Cho tôi hỏi Trung tâm Y tế quận 7 có khám mắt vào ngoài giờ không?	healthcare_center_search
Từ ngã tư Hàng Xanh đi đến Trung tâm Y tế Gò Vấp thì nên đi đường nào cho nhanh?	healthcare_center_search
Ở gần quận 1 có phòng khám tai mũi họng nào uy tín không?	healthcare_center_search
Phòng khám Đa khoa Quốc tế có nhận khám bảo hiểm y tế cho chuyên khoa tai mũi họng không?	healthcare_center_search
Tôi muốn đặt lịch khám cơ xương khớp ở Phòng khám tim mạch, có cần gọi trước không?	healthcare_center_search
Chi phí khám cơ xương khớp ở Phòng khám nhi khoảng bao nhiêu vậy?	healthcare_center_search
Tôi ở quận 3, muốn tìm bệnh viện khám cơ xương khớp gần nhất thì nên đi đâu?	healthcare_center_search
Bệnh viện nào gần cầu Sài Gòn có khoa nội tiết làm việc cuối tuần?	healthcare_center_search
Phòng khám thần kinh quanh quận 5 chỗ nào có bác sĩ tốt?	healthcare_center_search
Từ quận 5 đến Bệnh viện Bạch Mai đi taxi mất khoảng bao lâu?	healthcare_center_search
Tôi cần tìm trung tâm y tế gần khu đô thị Phú Mỹ Hưng để khám răng hàm mặt, có gợi ý nào không?	healthcare_center_search
Bệnh viện Nhi Đồng 1 có khám cho người lớn tuổi vào trong tuần này không?	healthcare_center_search
Muốn khám răng hàm mặt ở Bệnh viện Nhi Đồng 2 thì vào cổng nào và lấy số ở đâu?	healthcare_center_search
Ở khu quận 7 có bệnh viện nào khám ung bướu buổi tối không?	healthcare_center_search
Bệnh viện Phụ Sản Trung Ương có tổng đài đặt lịch khám không, tôi cần hỏi lịch khoa ung bướu.	healthcare_center_search
Từ hồ Gươm tới phòng khám vật lý trị liệu gần nhất nên đi xe buýt tuyến nào?	healthcare_center_search
Cho tôi hỏi Bệnh viện K có khám vật lý trị liệu vào sáng mai không?	healthcare_center_search
Từ hồ Gươm đi đến Bệnh viện Da liễu thì nên đi đường nào cho nhanh?	healthcare_center_search
Ở gần quận 10 có phòng khám xét nghiệm máu nào uy tín không?	healthcare_center_search
Bệnh viện Tai Mũi Họng có nhận khám bảo hiểm y tế cho chuyên khoa xét nghiệm máu không?	healthcare_center_search
Tôi muốn đặt lịch khám xét nghiệm máu ở Viện Tim, có cần gọi trước không?	healthcare_center_search
Chi phí khám siêu âm bụng ở Bệnh viện Tim Tâm Đức khoảng bao nhiêu vậy?	healthcare_center_search
Tôi ở quận 12, muốn tìm bệnh viện khám siêu âm bụng gần nhất thì nên đi đâu?	healthcare_center_search
Bệnh viện nào gần bến xe Giáp Bát có khoa tổng quát làm việc cuối tuần?	healthcare_center_search
Phòng khám tổng quát quanh Gò Vấp chỗ nào có bác sĩ tốt?	healthcare_center_search
Từ Gò Vấp đến Bệnh viện FV đi taxi mất khoảng bao lâu?	healthcare_center_search
Tôi cần tìm trung tâm y tế gần đường Láng để khám dinh dưỡng, có gợi ý nào không?	healthcare_center_search
Trung tâm Y tế quận 1 có khám cho người lớn tuổi vào chiều nay không?	healthcare_center_search
Muốn khám tâm lý ở Trung tâm Y tế quận 7 thì vào cổng nào và lấy số ở đâu?	healthcare_center_search
Ở khu Bình Thạnh có bệnh viện nào khám tâm lý buổi tối không?	healthcare_center_search
Phòng khám Đa khoa Quốc tế có tổng đài đặt lịch khám không, tôi cần hỏi lịch khoa phục hồi chức năng.	healthcare_center_search
Từ đường Võ Văn Kiệt tới phòng khám phục hồi chức năng gần nhất nên đi xe buýt tuyến nào?	healthcare_center_search
Cho tôi hỏi Phòng khám nhi có khám tim mạch vào chiều nay không?	healthcare_center_search
Từ đường Võ Văn Kiệt đi đến Phòng khám da liễu thì nên đi đường nào cho nhanh?	healthcare_center_search
Ở gần Tân Bình có phòng khám tim mạch nào uy tín không?	healthcare_center_search
Phòng khám cơ xương khớp có nhận khám bảo hiểm y tế cho chuyên khoa da liễu không?	healthcare_center_search
Tôi muốn đặt lịch khám da liễu ở Phòng khám sản phụ khoa, có cần gọi trước không?	healthcare_center_search
Chi phí khám da liễu ở Bệnh viện Chợ Rẫy khoảng bao nhiêu vậy?	healthcare_center_search
Tôi ở Tân Phú, muốn tìm bệnh viện khám hô hấp gần nhất thì nên đi đâu?	healthcare_center_search
Bệnh viện nào gần quốc lộ 1A có khoa tiêu hóa làm việc cuối tuần?	healthcare_center_search
Phòng khám tiêu hóa quanh Bình Chánh chỗ nào có bác sĩ tốt?	healthcare_center_search
Từ Bình Chánh đến Bệnh viện Từ Dũ đi taxi mất khoảng bao lâu?	healthcare_center_search
Tôi cần tìm trung tâm y tế gần chợ Bến Thành để khám nhi khoa, có gợi ý nào không?	healthcare_center_search
Bệnh viện Ung Bướu có khám cho người lớn tuổi vào sau 6 giờ tối không?	healthcare_center_search
Muốn khám sản phụ khoa ở Bệnh viện K thì vào cổng nào và lấy số ở đâu?	healthcare_center_search
Ở khu Thủ Đức có bệnh viện nào khám sản phụ khoa buổi tối không?	healthcare_center_search
Bệnh viện Tai Mũi Họng có tổng đài đặt lịch khám không, tôi cần hỏi lịch khoa mắt.	healthcare_center_search
Cho tôi hỏi Bệnh viện Tim Tâm Đức có khám mắt vào sau 6 giờ tối không?	healthcare_center_search
Từ bến xe Miền Đông đi đến Bệnh viện Chấn thương Chỉnh hình thì nên đi đường nào cho nhanh?	healthcare_center_search
Ở gần Nhà Bè có phòng khám tai mũi họng nào uy tín không?	healthcare_center_search
Bệnh viện 108 có nhận khám bảo hiểm y tế cho chuyên khoa tai mũi họng không?	healthcare_center_search
Tôi muốn đặt lịch khám cơ xương khớp ở Bệnh viện Việt Đức, có cần gọi trước không?	healthcare_center_search
Chi phí khám cơ xương khớp ở Bệnh viện Đa khoa Tâm Anh khoảng bao nhiêu vậy?	healthcare_center_search
Tôi ở Hóc Môn, muốn tìm bệnh viện khám cơ xương khớp gần nhất thì nên đi đâu?	healthcare_center_search
Bệnh viện nào gần bến xe Miền Tây có khoa nội tiết làm việc cuối tuần?	healthcare_center_search
Phòng khám thần kinh quanh Cầu Giấy chỗ nào có bác sĩ tốt?	healthcare_center_search
Từ Cầu Giấy đến Trung tâm Y tế Gò Vấp đi taxi mất khoảng bao lâu?	healthcare_center_search
Phòng khám tim mạch có khám cho người lớn tuổi vào ngày mai không?	healthcare_center_search
Muốn khám răng hàm mặt ở Phòng khám nhi thì vào cổng nào và lấy số ở đâu?	healthcare_center_search
Ở khu Hoàn Kiếm có bệnh viện nào khám ung bướu buổi tối không?	healthcare_center_search
Phòng khám cơ xương khớp có tổng đài đặt lịch khám không, tôi cần hỏi lịch khoa ung bướu.	healthcare_center_search
Từ sân bay Tân Sơn Nhất tới phòng khám vật lý trị liệu gần nhất nên đi xe buýt tuyến nào?	healthcare_center_search
Cho tôi hỏi Bệnh viện Chợ Rẫy có khám vật lý trị liệu vào thứ bảy không?	healthcare_center_search
Từ đường Nguyễn Trãi đi đến Bệnh viện Bạch Mai thì nên đi đường nào cho nhanh?	healthcare_center_search
Ở gần Đống Đa có phòng khám xét nghiệm máu nào uy tín không?	healthcare_center_search
Bệnh viện Nhân dân Gia Định có nhận khám bảo hiểm y tế cho chuyên khoa xét nghiệm máu không?	healthcare_center_search
Tôi muốn đặt lịch khám xét nghiệm máu ở Bệnh viện Nhi Đồng 1, có cần gọi trước không?	healthcare_center_search
Chi phí khám siêu âm bụng ở Bệnh viện Nhi Đồng 2 khoảng bao nhiêu vậy?	healthcare_center_search
Tôi ở Hai Bà Trưng, muốn tìm bệnh viện khám siêu âm bụng gần nhất thì nên đi đâu?	healthcare_center_search
Bệnh viện nào gần đường Trần Hưng Đạo có khoa tổng quát làm việc cuối tuần?	healthcare_center_search
Phòng khám tổng quát quanh Long Biên chỗ nào có bác sĩ tốt?	healthcare_center_search
Từ Long Biên đến Bệnh viện Da liễu đi taxi mất khoảng bao lâu?	healthcare_center_search
Tôi cần tìm trung tâm y tế gần đường Trần Hưng Đạo để khám dinh dưỡng, có gợi ý nào không?	healthcare_center_search
Viện Tim có khám cho người lớn tuổi vào chủ nhật không?	healthcare_center_search
Muốn khám tâm lý ở Bệnh viện Tim Tâm Đức thì vào cổng nào và lấy số ở đâu?	healthcare_center_search
Ở khu Hà Đông có bệnh viện nào khám tâm lý buổi tối không?	healthcare_center_search
Bệnh viện 108 có tổng đài đặt lịch khám không, tôi cần hỏi lịch khoa phục hồi chức năng.	healthcare_center_search
Từ đường Cộng Hòa tới phòng khám phục hồi chức năng gần nhất nên đi xe buýt tuyến nào?	healthcare_center_search
Cho tôi hỏi Bệnh viện Đa khoa Tâm Anh có khám tim mạch vào giờ hành chính không?	healthcare_center_search
Từ đường Phạm Văn Đồng đi đến Bệnh viện FV thì nên đi đường nào cho nhanh?	healthcare_center_search
Bệnh viện Hoàn Mỹ có nhận khám bảo hiểm y tế cho chuyên khoa da liễu không?	healthcare_center_search
Tôi muốn đặt lịch khám da liễu ở Trung tâm Y tế quận 1, có cần gọi trước không?	healthcare_center_search
Chi phí khám da liễu ở Trung tâm Y tế quận 7 khoảng bao nhiêu vậy?	healthcare_center_search
Bệnh viện nào gần khu công nghiệp Tân Bình có khoa tiêu hóa làm việc cuối tuần?	healthcare_center_search
Từ quận 5 đến Phòng khám da liễu đi taxi mất khoảng bao lâu?	healthcare_center_search
Tôi cần tìm trung tâm y tế gần khu công nghiệp Tân Bình để khám nhi khoa, có gợi ý nào không?	healthcare_center_search
Phòng khám sản phụ khoa có khám cho người lớn tuổi vào ngoài giờ không?	healthcare_center_search
Muốn khám sản phụ khoa ở Bệnh viện Chợ Rẫy thì vào cổng nào và lấy số ở đâu?	healthcare_center_search
Bệnh viện Nhân dân Gia Định có tổng đài đặt lịch khám không, tôi cần hỏi lịch khoa mắt.	healthcare_center_search
Từ khu công nghiệp Sóng Thần tới phòng khám mắt gần nhất nên đi xe buýt tuyến nào?	healthcare_center_search
Cho tôi hỏi Bệnh viện Nhi Đồng 2 có khám mắt vào trong tuần này không?	healthcare_center_search
Từ khu công nghiệp Sóng Thần đi đến Bệnh viện Từ Dũ thì nên đi đường nào cho nhanh?	healthcare_center_search
Bệnh viện Phụ Sản Trung Ương có nhận khám bảo hiểm y tế cho chuyên khoa tai mũi họng không?	healthcare_center_search
Tôi muốn đặt lịch khám cơ xương khớp ở Bệnh viện Ung Bướu, có cần gọi trước không?	healthcare_center_search
Chi phí khám cơ xương khớp ở Bệnh viện K khoảng bao nhiêu vậy?	healthcare_center_search
Từ Gò Vấp đến Bệnh viện Chấn thương Chỉnh hình đi taxi mất khoảng bao lâu?	healthcare_center_search
Tôi cần tìm trung tâm y tế gần cầu Sài Gòn để khám răng hàm mặt, có gợi ý nào không?	healthcare_center_search
Bệnh viện Việt Đức có khám cho người lớn tuổi vào sáng mai không?	healthcare_center_search
Muốn khám răng hàm mặt ở Bệnh viện Đa khoa Tâm Anh thì vào cổng nào và lấy số ở đâu?	healthcare_center_search
Bệnh viện Hoàn Mỹ có tổng đài đặt lịch khám không, tôi cần hỏi lịch khoa ung bướu.	healthcare_center_search
Từ khu đô thị Phú Mỹ Hưng tới phòng khám vật lý trị liệu gần nhất nên đi xe buýt tuyến nào?	healthcare_center_search
Cho tôi hỏi Trung tâm Y tế quận 7 có khám vật lý trị liệu vào sáng mai không?	healthcare_center_search
Từ khu đô thị Phú Mỹ Hưng đi đến Trung tâm Y tế Gò Vấp thì nên đi đường nào cho nhanh?	healthcare_center_search
Phòng khám Đa khoa Quốc tế có nhận khám bảo hiểm y tế cho chuyên khoa xét nghiệm máu không?	healthcare_center_search
Tôi muốn đặt lịch khám xét nghiệm máu ở Phòng khám tim mạch, có cần gọi trước không?	healthcare_center_search
Chi phí khám siêu âm bụng ở Phòng khám nhi khoảng bao nhiêu vậy?	healthcare_center_search
Bệnh viện nào gần hồ Gươm có khoa tổng quát làm việc cuối tuần?	healthcare_center_search
Từ Bình Chánh đến Bệnh viện Bạch Mai đi taxi mất khoảng bao lâu?	healthcare_center_search
Tôi cần tìm trung tâm y tế gần bến xe Giáp Bát để khám dinh dưỡng, có gợi ý nào không?	healthcare_center_search
Bệnh viện Nhi Đồng 1 có khám cho người lớn tuổi vào cuối tuần không?	healthcare_center_search
Muốn khám tâm lý ở Bệnh viện Nhi Đồng 2 thì vào cổng nào và lấy số ở đâu?	healthcare_center_search
Bệnh viện Phụ Sản Trung Ương có tổng đài đặt lịch khám không, tôi cần hỏi lịch khoa phục hồi chức năng.	healthcare_center_search
Từ đường Láng tới phòng khám phục hồi chức năng gần nhất nên đi xe buýt tuyến nào?	healthcare_center_search
Cho tôi hỏi Bệnh viện K có khám tim mạch vào cuối tuần không?	healthcare_center_search
Từ đường Láng đi đến Bệnh viện Da liễu thì nên đi đường nào cho nhanh?	healthcare_center_search
Bệnh viện Tai Mũi Họng có nhận khám bảo hiểm y tế cho chuyên khoa da liễu không?	healthcare_center_search
Tôi muốn đặt lịch khám da liễu ở Viện Tim, có cần gọi trước không?	healthcare_center_search
Chi phí khám da liễu ở Bệnh viện Tim Tâm Đức khoảng bao nhiêu vậy?	healthcare_center_search
Bệnh viện nào gần đường Võ Văn Kiệt có khoa tiêu hóa làm việc cuối tuần?	healthcare_center_search
Từ Cầu Giấy đến Bệnh viện FV đi taxi mất khoảng bao lâu?	healthcare_center_search
Tôi cần tìm trung tâm y tế gần quốc lộ 1A để khám nhi khoa, có gợi ý nào không?	healthcare_center_search
Trung tâm Y tế quận 1 có khám cho người lớn tuổi vào ngày mai không?	healthcare_center_search
Muốn khám sản phụ khoa ở Trung tâm Y tế quận 7 thì vào cổng nào và lấy số ở đâu?	healthcare_center_search
Phòng khám Đa khoa Quốc tế có tổng đài đặt lịch khám không, tôi cần hỏi lịch khoa mắt.	healthcare_center_search
Từ chợ Bến Thành tới phòng khám mắt gần nhất nên đi xe buýt tuyến nào?	healthcare_center_search
Cho tôi hỏi Phòng khám nhi có khám mắt vào ngày mai không?	healthcare_center_search
Từ chợ Bến Thành đi đến Phòng khám da liễu thì nên đi đường nào cho nhanh?	healthcare_center_search
Phòng khám cơ xương khớp có nhận khám bảo hiểm y tế cho chuyên khoa tai mũi họng không?	healthcare_center_search
Tôi muốn đặt lịch khám cơ xương khớp ở Phòng khám sản phụ khoa, có cần gọi trước không?	healthcare_center_search
Chi phí khám cơ xương khớp ở Bệnh viện Chợ Rẫy khoảng bao nhiêu vậy?	healthcare_center_search
Bệnh viện nào gần bến xe Miền Đông có khoa nội tiết làm việc cuối tuần?	healthcare_center_search
Từ Long Biên đến Bệnh viện Từ Dũ đi taxi mất khoảng bao lâu?	healthcare_center_search
Tôi cần tìm trung tâm y tế gần bến xe Miền Tây để khám răng hàm mặt, có gợi ý nào không?	healthcare_center_search
Bệnh viện Ung Bướu có khám cho người lớn tuổi vào thứ bảy không?	healthcare_center_search
Muốn khám răng hàm mặt ở Bệnh viện K thì vào cổng nào và lấy số ở đâu?	healthcare_center_search
Bệnh viện Tai Mũi Họng có tổng đài đặt lịch khám không, tôi cần hỏi lịch khoa ung bướu.	healthcare_center_search
Cho tôi hỏi Bệnh viện Tim Tâm Đức có khám vật lý trị liệu vào chủ nhật không?	healthcare_center_search
Từ sân bay Tân Sơn Nhất đi đến Bệnh viện Chấn thương Chỉnh hình thì nên đi đường nào cho nhanh?	healthcare_center_search
Bệnh viện 108 có nhận khám bảo hiểm y tế cho chuyên khoa xét nghiệm máu không?	healthcare_center_search
Tôi muốn đặt lịch khám xét nghiệm máu ở Bệnh viện Việt Đức, có cần gọi trước không?	healthcare_center_search
Chi phí khám siêu âm bụng ở Bệnh viện Đa khoa Tâm Anh khoảng bao nhiêu vậy?	healthcare_center_search
Bệnh viện nào gần đường Nguyễn Trãi có khoa tổng quát làm việc cuối tuần?	healthcare_center_search
Từ quận 5 đến Trung tâm Y tế Gò Vấp đi taxi mất khoảng bao lâu?	healthcare_center_search
Phòng khám tim mạch có khám cho người lớn tuổi vào giờ hành chính không?	healthcare_center_search
Muốn khám tâm lý ở Phòng khám nhi thì vào cổng nào và lấy số ở đâu?	healthcare_center_search
Phòng khám cơ xương khớp có tổng đài đặt lịch khám không, tôi cần hỏi lịch khoa phục hồi chức năng.	healthcare_center_search
Từ đường Trần Hưng Đạo tới phòng khám phục hồi chức năng gần nhất nên đi xe buýt tuyến nào?	healthcare_center_search
Cho tôi hỏi Bệnh viện Chợ Rẫy có khám tim mạch vào ngoài giờ không?	healthcare_center_search
Từ đường Cộng Hòa đi đến Bệnh viện Bạch Mai thì nên đi đường nào cho nhanh?	healthcare_center_search
Bệnh viện nào gần đường Phạm Văn Đồng có khoa tiêu hóa làm việc cuối tuần?	healthcare_center_search
Từ Gò Vấp đến Bệnh viện Da liễu đi taxi mất khoảng bao lâu?	healthcare_center_search
Tôi cần tìm trung tâm y tế gần đường Phạm Văn Đồng để khám nhi khoa, có gợi ý nào không?	healthcare_center_search
Viện Tim có khám cho người lớn tuổi vào trong tuần này không?	healthcare_center_search
Từ khu công nghiệp Tân Bình tới phòng khám mắt gần nhất nên đi xe buýt tuyến nào?	healthcare_center_search
Cho tôi hỏi Bệnh viện Đa khoa Tâm Anh có khám mắt vào sáng mai không?	healthcare_center_search
Từ khu công nghiệp Sóng Thần đi đến Bệnh viện FV thì nên đi đường nào cho nhanh?	healthcare_center_search
Bệnh viện nào gần ngã tư Hàng Xanh có khoa nội tiết làm việc cuối tuần?	healthcare_center_search
Từ Bình Chánh đến Phòng khám da liễu đi taxi mất khoảng bao lâu?	healthcare_center_search
Tôi cần tìm trung tâm y tế gần ngã tư Hàng Xanh để khám răng hàm mặt, có gợi ý nào không?	healthcare_center_search
Phòng khám sản phụ khoa có khám cho người lớn tuổi vào chiều nay không?	healthcare_center_search
Từ cầu Sài Gòn tới phòng khám vật lý trị liệu gần nhất nên đi xe buýt tuyến nào?	healthcare_center_search
Cho tôi hỏi Bệnh viện Nhi Đồng 2 có khám vật lý trị liệu vào chiều nay không?	healthcare_center_search
Từ cầu Sài Gòn đi đến Bệnh viện Từ Dũ thì nên đi đường nào cho nhanh?	healthcare_center_search
Từ Cầu Giấy đến Bệnh viện Chấn thương Chỉnh hình đi taxi mất khoảng bao lâu?	healthcare_center_search
Tôi cần tìm trung tâm y tế gần hồ Gươm để khám dinh dưỡng, có gợi ý nào không?	healthcare_center_search
Bệnh viện Việt Đức có khám cho người lớn tuổi vào sau 6 giờ tối không?	healthcare_center_search
Từ bến xe Giáp Bát tới phòng khám phục hồi chức năng gần nhất nên đi xe buýt tuyến nào?	healthcare_center_search
Cho tôi hỏi Trung tâm Y tế quận 7 có khám tim mạch vào sau 6 giờ tối không?	healthcare_center_search
Từ bến xe Giáp Bát đi đến Trung tâm Y tế Gò Vấp thì nên đi đường nào cho nhanh?	healthcare_center_search
Bệnh viện nào gần đường Láng có khoa tiêu hóa làm việc cuối tuần?	healthcare_center_search
Từ Long Biên đến Bệnh viện Bạch Mai đi taxi mất khoảng bao lâu?	healthcare_center_search
Tôi cần tìm trung tâm y tế gần đường Võ Văn Kiệt để khám nhi khoa, có gợi ý nào không?	healthcare_center_search
Bệnh viện Nhi Đồng 1 có khám cho người lớn tuổi vào ngày mai không?	healthcare_center_search
Từ quốc lộ 1A tới phòng khám mắt gần nhất nên đi xe buýt tuyến nào?	healthcare_center_search
Cho tôi hỏi Bệnh viện K có khám mắt vào thứ bảy không?	healthcare_center_search
Từ quốc lộ 1A đi đến Bệnh viện Da liễu thì nên đi đường nào cho nhanh?	healthcare_center_search
Bệnh viện nào gần chợ Bến Thành có khoa nội tiết làm việc cuối tuần?	healthcare_center_search
Từ quận 5 đến Bệnh viện FV đi taxi mất khoảng bao lâu?	healthcare_center_search
Tôi cần tìm trung tâm y tế gần bến xe Miền Đông để khám răng hàm mặt, có gợi ý nào không?	healthcare_center_search
Trung tâm Y tế quận 1 có khám cho người lớn tuổi vào chủ nhật không?	healthcare_center_search
Từ bến xe Miền Tây tới phòng khám vật lý trị liệu gần nhất nên đi xe buýt tuyến nào?	healthcare_center_search
Cho tôi hỏi Phòng khám nhi có khám vật lý trị liệu vào giờ hành chính không?	healthcare_center_search
Từ bến xe Miền Tây đi đến Phòng khám da liễu thì nên đi đường nào cho nhanh?	healthcare_center_search
Bệnh viện nào gần sân bay Tân Sơn Nhất có khoa tổng quát làm việc cuối tuần?	healthcare_center_search
Từ Gò Vấp đến Bệnh viện Từ Dũ đi taxi mất khoảng bao lâu?	healthcare_center_search
Tôi cần tìm trung tâm y tế gần đường Nguyễn Trãi để khám dinh dưỡng, có gợi ý nào không?	healthcare_center_search
Bệnh viện Ung Bướu có khám cho người lớn tuổi vào ngoài giờ không?	healthcare_center_search
Cho tôi hỏi Bệnh viện Tim Tâm Đức có khám tim mạch vào trong tuần này không?	healthcare_center_search
Từ đường Trần Hưng Đạo đi đến Bệnh viện Chấn thương Chỉnh hình thì nên đi đường nào cho nhanh?	healthcare_center_search
Bệnh viện nào gần đường Cộng Hòa có khoa tiêu hóa làm việc cuối tuần?	healthcare_center_search
Từ Bình Chánh đến Trung tâm Y tế Gò Vấp đi taxi mất khoảng bao lâu?	healthcare_center_search
Phòng khám tim mạch có khám cho người lớn tuổi vào sáng mai không?	healthcare_center_search
Từ đường Phạm Văn Đồng tới phòng khám mắt gần nhất nên đi xe buýt tuyến nào?	healthcare_center_search
Cho tôi hỏi Bệnh viện Chợ Rẫy có khám mắt vào sáng mai không?	healthcare_center_search
Từ khu công nghiệp Tân Bình đi đến Bệnh viện Bạch Mai thì nên đi đường nào cho nhanh?	healthcare_center_search
Bệnh viện nào gần khu công nghiệp Sóng Thần có khoa nội tiết làm việc cuối tuần?	healthcare_center_search
Từ Cầu Giấy đến Bệnh viện Da liễu đi taxi mất khoảng bao lâu?	healthcare_center_search
Tôi cần tìm trung tâm y tế gần khu công nghiệp Sóng Thần để khám răng hàm mặt, có gợi ý nào không?	healthcare_center_search
Viện Tim có khám cho người lớn tuổi vào cuối tuần không?	healthcare_center_search
Từ ngã tư Hàng Xanh tới phòng khám vật lý trị liệu gần nhất nên đi xe buýt tuyến nào?	healthcare_center_search
Cho tôi hỏi Bệnh viện Đa khoa Tâm Anh có khám vật lý trị liệu vào cuối tuần không?	healthcare_center_search
Từ cầu Sài Gòn đi đến Bệnh viện FV thì nên đi đường nào cho nhanh?	healthcare_center_search
Bệnh viện nào gần khu đô thị Phú Mỹ Hưng có khoa tổng quát làm việc cuối tuần?	healthcare_center_search
Từ Long Biên đến Phòng khám da liễu đi taxi mất khoảng bao lâu?	healthcare_center_search
Tôi cần tìm trung tâm y tế gần khu đô thị Phú Mỹ Hưng để khám dinh dưỡng, có gợi ý nào không?	healthcare_center_search
Phòng khám sản phụ khoa có khám cho người lớn tuổi vào ngày mai không?	healthcare_center_search
Từ hồ Gươm tới phòng khám phục hồi chức năng gần nhất nên đi xe buýt tuyến nào?	healthcare_center_search
Cho tôi hỏi Bệnh viện Nhi Đồng 2 có khám tim mạch vào ngày mai không?	healthcare_center_search
Từ hồ Gươm đi đến Bệnh viện Từ Dũ thì nên đi đường nào cho nhanh?	healthcare_center_search
Từ quận 5 đến Bệnh viện Chấn thương Chỉnh hình đi taxi mất khoảng bao lâu?	healthcare_center_search
Tôi cần tìm trung tâm y tế gần đường Láng để khám nhi khoa, có gợi ý nào không?	healthcare_center_search
Bệnh viện Việt Đức có khám cho người lớn tuổi vào thứ bảy không?	healthcare_center_search
Từ đường Võ Văn Kiệt tới phòng khám mắt gần nhất nên đi xe buýt tuyến nào?	healthcare_center_search
Cho tôi hỏi Trung tâm Y tế quận 7 có khám mắt vào chủ nhật không?	healthcare_center_search
Từ đường Võ Văn Kiệt đi đến Trung tâm Y tế Gò Vấp thì nên đi đường nào cho nhanh?	healthcare_center_search
Bệnh viện nào gần quốc lộ 1A có khoa nội tiết làm việc cuối tuần?	healthcare_center_search
Từ Gò Vấp đến Bệnh viện Bạch Mai đi taxi mất khoảng bao lâu?	healthcare_center_search
Tôi cần tìm trung tâm y tế gần chợ Bến Thành để khám răng hàm mặt, có gợi ý nào không?	healthcare_center_search
Bệnh viện Nhi Đồng 1 có khám cho người lớn tuổi vào giờ hành chính không?	healthcare_center_search
Từ bến xe Miền Đông tới phòng khám vật lý trị liệu gần nhất nên đi xe buýt tuyến nào?	healthcare_center_search
Cho tôi hỏi Bệnh viện K có khám vật lý trị liệu vào ngoài giờ không?	healthcare_center_search
Từ bến xe Miền Đông đi đến Bệnh viện Da liễu thì nên đi đường nào cho nhanh?	healthcare_center_search
Bệnh viện nào gần bến xe Miền Tây có khoa tổng quát làm việc cuối tuần?	healthcare_center_search
Từ Bình Chánh đến Bệnh viện FV đi taxi mất khoảng bao lâu?	healthcare_center_search
Tôi cần tìm trung tâm y tế gần sân bay Tân Sơn Nhất để khám dinh dưỡng, có gợi ý nào không?	healthcare_center_search
Trung tâm Y tế quận 1 có khám cho người lớn tuổi vào trong tuần này không?	healthcare_center_search
Từ đường Nguyễn Trãi tới phòng khám phục hồi chức năng gần nhất nên đi xe buýt tuyến nào?	healthcare_center_search
Cho tôi hỏi Phòng khám nhi có khám tim mạch vào sáng mai không?	healthcare_center_search
Từ đường Nguyễn Trãi đi đến Phòng khám da liễu thì nên đi đường nào cho nhanh?	healthcare_center_search
Bệnh viện nào gần đường Trần Hưng Đạo có khoa tiêu hóa làm việc cuối tuần?	healthcare_center_search
Từ Cầu Giấy đến Bệnh viện Từ Dũ đi taxi mất khoảng bao lâu?	healthcare_center_search
Tôi cần tìm trung tâm y tế gần đường Cộng Hòa để khám nhi khoa, có gợi ý nào không?	healthcare_center_search
Bệnh viện Ung Bướu có khám cho người lớn tuổi vào chiều nay không?	healthcare_center_search
Cho tôi hỏi Bệnh viện Tim Tâm Đức có khám mắt vào chiều nay không?	healthcare_center_search
Từ đường Phạm Văn Đồng đi đến Bệnh viện Chấn thương Chỉnh hình thì nên đi đường nào cho nhanh?	healthcare_center_search
Bệnh viện nào gần khu công nghiệp Tân Bình có khoa nội tiết làm việc cuối tuần?	healthcare_center_search
Từ Long Biên đến Trung tâm Y tế Gò Vấp đi taxi mất khoảng bao lâu?	healthcare_center_search
Phòng khám tim mạch có khám cho người lớn tuổi vào sau 6 giờ tối không?	healthcare_center_search
Từ khu công nghiệp Sóng Thần tới phòng khám vật lý trị liệu gần nhất nên đi xe buýt tuyến nào?	healthcare_center_search
Cho tôi hỏi Bệnh viện Chợ Rẫy có khám vật lý trị liệu vào sau 6 giờ tối không?	healthcare_center_search
Từ ngã tư Hàng Xanh đi đến Bệnh viện Bạch Mai thì nên đi đường nào cho nhanh?	healthcare_center_search
Bệnh viện nào gần cầu Sài Gòn có khoa tổng quát làm việc cuối tuần?	healthcare_center_search
Tôi cần tìm trung tâm y tế gần cầu Sài Gòn để khám dinh dưỡng, có gợi ý nào không?	healthcare_center_search
Từ khu đô thị Phú Mỹ Hưng tới phòng khám phục hồi chức năng gần nhất nên đi xe buýt tuyến nào?	healthcare_center_search
Cho tôi hỏi Bệnh viện Đa khoa Tâm Anh có khám tim mạch vào thứ bảy không?	healthcare_center_search
Từ hồ Gươm đi đến Bệnh viện FV thì nên đi đường nào cho nhanh?	healthcare_center_search
Bệnh viện nào gần bến xe Giáp Bát có khoa tiêu hóa làm việc cuối tuần?	healthcare_center_search
Tôi cần tìm trung tâm y tế gần bến xe Giáp Bát để khám nhi khoa, có gợi ý nào không?	healthcare_center_search
Phòng khám sản phụ khoa có khám cho người lớn tuổi vào chủ nhật không?	healthcare_center_search
Từ đường Láng tới phòng khám mắt gần nhất nên đi xe buýt tuyến nào?	healthcare_center_search
Cho tôi hỏi Bệnh viện Nhi Đồng 2 có khám mắt vào giờ hành chính không?	healthcare_center_search
Từ đường Láng đi đến Bệnh viện Từ Dũ thì nên đi đường nào cho nhanh?	healthcare_center_search
Tôi cần tìm trung tâm y tế gần quốc lộ 1A để khám răng hàm mặt, có gợi ý nào không?	healthcare_center_search
Bệnh viện Việt Đức có khám cho người lớn tuổi vào ngoài giờ không?	healthcare_center_search
Từ chợ Bến Thành tới phòng khám vật lý trị liệu gần nhất nên đi xe buýt tuyến nào?	healthcare_center_search
Cho tôi hỏi Trung tâm Y tế quận 7 có khám vật lý trị liệu vào trong tuần này không?	healthcare_center_search
Từ chợ Bến Thành đi đến Trung tâm Y tế Gò Vấp thì nên đi đường nào cho nhanh?	healthcare_center_search
Bệnh viện nào gần bến xe Miền Đông có khoa tổng quát làm việc cuối tuần?	healthcare_center_search
Tôi cần tìm trung tâm y tế gần bến xe Miền Tây để khám dinh dưỡng, có gợi ý nào không?	healthcare_center_search
Bệnh viện Nhi Đồng 1 có khám cho người lớn tuổi vào sáng mai không?	healthcare_center_search
Từ sân bay Tân Sơn Nhất tới phòng khám phục hồi chức năng gần nhất nên đi xe buýt tuyến nào?	healthcare_center_search
Cho tôi hỏi Bệnh viện K có khám tim mạch vào sáng mai không?	healthcare_center_search
Từ sân bay Tân Sơn Nhất đi đến Bệnh viện Da liễu thì nên đi đường nào cho nhanh?	healthcare_center_search
Bệnh viện nào gần đường Nguyễn Trãi có khoa tiêu hóa làm việc cuối tuần?	healthcare_center_search
Tôi cần tìm trung tâm y tế gần đường Trần Hưng Đạo để khám nhi khoa, có gợi ý nào không?	healthcare_center_search
Trung tâm Y tế quận 1 có khám cho người lớn tuổi vào cuối tuần không?	healthcare_center_search
Từ đường Cộng Hòa tới phòng khám mắt gần nhất nên đi xe buýt tuyến nào?	healthcare_center_search
Cho tôi hỏi Phòng khám nhi có khám mắt vào cuối tuần không?	healthcare_center_search
Từ đường Cộng Hòa đi đến Phòng khám da liễu thì nên đi đường nào cho nhanh?	healthcare_center_search
Bệnh viện nào gần đường Phạm Văn Đồng có khoa nội tiết làm việc cuối tuần?	healthcare_center_search
Tôi cần tìm trung tâm y tế gần khu công nghiệp Tân Bình để khám răng hàm mặt, có gợi ý nào không?	healthcare_center_search
Bệnh viện Ung Bướu có khám cho người lớn tuổi vào ngày mai không?	healthcare_center_search
Cho tôi hỏi Bệnh viện Tim Tâm Đức có khám vật lý trị liệu vào ngày mai không?	healthcare_center_search
Từ khu công nghiệp Sóng Thần đi đến Bệnh viện Chấn thương Chỉnh hình thì nên đi đường nào cho nhanh?	healthcare_center_search
Bệnh viện nào gần ngã tư Hàng Xanh có khoa tổng quát làm việc cuối tuần?	healthcare_center_search
Phòng khám tim mạch có khám cho người lớn tuổi vào thứ bảy không?	healthcare_center_search
Từ cầu Sài Gòn tới phòng khám phục hồi chức năng gần nhất nên đi xe buýt tuyến nào?	healthcare_center_search
Cho tôi hỏi Bệnh viện Chợ Rẫy có khám tim mạch vào chủ nhật không?	healthcare_center_search
Từ khu đô thị Phú Mỹ Hưng đi đến Bệnh viện Bạch Mai thì nên đi đường nào cho nhanh?	healthcare_center_search
Bệnh viện nào gần hồ Gươm có khoa tiêu hóa làm việc cuối tuần?	healthcare_center_search
Tôi cần tìm trung tâm y tế gần hồ Gươm để khám nhi khoa, có gợi ý nào không?	healthcare_center_search
Viện Tim có khám cho người lớn tuổi vào giờ hành chính không?	healthcare_center_search
Từ bến xe Giáp Bát tới phòng khám mắt gần nhất nên đi xe buýt tuyến nào?	healthcare_center_search
Cho tôi hỏi Bệnh viện Đa khoa Tâm Anh có khám mắt vào ngoài giờ không?	healthcare_center_search
Từ đường Láng đi đến Bệnh viện FV thì nên đi đường nào cho nhanh?	healthcare_center_search
Bệnh viện nào gần đường Võ Văn Kiệt có khoa nội tiết làm việc cuối tuần?	healthcare_center_search
Tôi cần tìm trung tâm y tế gần đường Võ Văn Kiệt để khám răng hàm mặt, có gợi ý nào không?	healthcare_center_search
Phòng khám sản phụ khoa có khám cho người lớn tuổi vào trong tuần này không?	healthcare_center_search
Từ quốc lộ 1A tới phòng khám vật lý trị liệu gần nhất nên đi xe buýt tuyến nào?	healthcare_center_search
Cho tôi hỏi Bệnh viện Nhi Đồng 2 có khám vật lý trị liệu vào sáng mai không?	healthcare_center_search
Từ quốc lộ 1A đi đến Bệnh viện Từ Dũ thì nên đi đường nào cho nhanh?	healthcare_center_search
Tôi cần tìm trung tâm y tế gần bến xe Miền Đông để khám dinh dưỡng, có gợi ý nào không?	healthcare_center_search
Bệnh viện Việt Đức có khám cho người lớn tuổi vào chiều nay không?	healthcare_center_search
Từ bến xe Miền Tây tới phòng khám phục hồi chức năng gần nhất nên đi xe buýt tuyến nào?	healthcare_center_search
Cho tôi hỏi Trung tâm Y tế quận 7 có khám tim mạch vào chiều nay không?	healthcare_center_search
Từ bến xe Miền Tây đi đến Trung tâm Y tế Gò Vấp thì nên đi đường nào cho nhanh?	healthcare_center_search
Bệnh viện nào gần sân bay Tân Sơn Nhất có khoa tiêu hóa làm việc cuối tuần?	healthcare_center_search
Tôi cần tìm trung tâm y tế gần đường Nguyễn Trãi để khám nhi khoa, có gợi ý nào không?	healthcare_center_search
Bệnh viện Nhi Đồng 1 có khám cho người lớn tuổi vào sau 6 giờ tối không?	healthcare_center_search
Từ đường Trần Hưng Đạo tới phòng khám mắt gần nhất nên đi xe buýt tuyến nào?	healthcare_center_search
Cho tôi hỏi Bệnh viện K có khám mắt vào sau 6 giờ tối không?	healthcare_center_search
Từ đường Trần Hưng Đạo đi đến Bệnh viện Da liễu thì nên đi đường nào cho nhanh?	healthcare_center_search
Bệnh viện nào gần đường Cộng Hòa có khoa nội tiết làm việc cuối tuần?	healthcare_center_search
Tôi cần tìm trung tâm y tế gần đường Phạm Văn Đồng để khám răng hàm mặt, có gợi ý nào không?	healthcare_center_search
Từ khu công nghiệp Tân Bình tới phòng khám vật lý trị liệu gần nhất nên đi xe buýt tuyến nào?	healthcare_center_search
Cho tôi hỏi Phòng khám nhi có khám vật lý trị liệu vào thứ bảy không?	healthcare_center_search
Từ khu công nghiệp Tân Bình đi đến Phòng khám da liễu thì nên đi đường nào cho nhanh?	healthcare_center_search
Bệnh viện nào gần khu công nghiệp Sóng Thần có khoa tổng quát làm việc cuối tuần?	healthcare_center_search
Tôi cần tìm trung tâm y tế gần ngã tư Hàng Xanh để khám dinh dưỡng, có gợi ý nào không?	healthcare_center_search
Bệnh viện Ung Bướu có khám cho người lớn tuổi vào chủ nhật không?	healthcare_center_search
Cho tôi hỏi Bệnh viện Tim Tâm Đức có khám tim mạch vào giờ hành chính không?	healthcare_center_search
Từ cầu Sài Gòn đi đến Bệnh viện Chấn thương Chỉnh hình thì nên đi đường nào cho nhanh?	healthcare_center_search
Bệnh viện nào gần khu đô thị Phú Mỹ Hưng có khoa tiêu hóa làm việc cuối tuần?	healthcare_center_search
Phòng khám tim mạch có khám cho người lớn tuổi vào ngoài giờ không?	healthcare_center_search
Từ hồ Gươm tới phòng khám mắt gần nhất nên đi xe buýt tuyến nào?	healthcare_center_search
Cho tôi hỏi Bệnh viện Chợ Rẫy có khám mắt vào trong tuần này không?	healthcare_center_search
Từ bến xe Giáp Bát đi đến Bệnh viện Bạch Mai thì nên đi đường nào cho nhanh?	healthcare_center_search
Bệnh viện nào gần đường Láng có khoa nội tiết làm việc cuối tuần?	healthcare_center_search
Tôi cần tìm trung tâm y tế gần đường Láng để khám răng hàm mặt, có gợi ý nào không?	healthcare_center_search
Viện Tim có khám cho người lớn tuổi vào sáng mai không?	healthcare_center_search
Từ đường Võ Văn Kiệt tới phòng khám vật lý trị liệu gần nhất nên đi xe buýt tuyến nào?	healthcare_center_search
Cho tôi hỏi Bệnh viện Đa khoa Tâm Anh có khám vật lý trị liệu vào sáng mai không?	healthcare_center_search
Từ quốc lộ 1A đi đến Bệnh viện FV thì nên đi đường nào cho nhanh?	healthcare_center_search
Bệnh viện nào gần chợ Bến Thành có khoa tổng quát làm việc cuối tuần?	healthcare_center_search
Tôi cần tìm trung tâm y tế gần chợ Bến Thành để khám dinh dưỡng, có gợi ý nào không?	healthcare_center_search
Phòng khám sản phụ khoa có khám cho người lớn tuổi vào cuối tuần không?	healthcare_center_search
Từ bến xe Miền Đông tới phòng khám phục hồi chức năng gần nhất nên đi xe buýt tuyến nào?	healthcare_center_search
Cho tôi hỏi Bệnh viện Nhi Đồng 2 có khám tim mạch vào cuối tuần không?	healthcare_center_search
Từ bến xe Miền Đông đi đến Bệnh viện Từ Dũ thì nên đi đường nào cho nhanh?	healthcare_center_search
Tôi cần tìm trung tâm y tế gần sân bay Tân Sơn Nhất để khám nhi khoa, có gợi ý nào không?	healthcare_center_search
Từ đường Nguyễn Trãi tới phòng khám mắt gần nhất nên đi xe buýt tuyến nào?	healthcare_center_search
Cho tôi hỏi Trung tâm Y tế quận 7 có khám mắt vào ngày mai không?	healthcare_center_search
Từ đường Nguyễn Trãi đi đến Trung tâm Y tế Gò Vấp thì nên đi đường nào cho nhanh?	healthcare_center_search
Bệnh viện nào gần đường Trần Hưng Đạo có khoa nội tiết làm việc cuối tuần?	healthcare_center_search
Tôi cần tìm trung tâm y tế gần đường Cộng Hòa để khám răng hàm mặt, có gợi ý nào không?	healthcare_center_search
Bệnh viện Nhi Đồng 1 có khám cho người lớn tuổi vào thứ bảy không?	healthcare_center_search
Từ đường Phạm Văn Đồng tới phòng khám vật lý trị liệu gần nhất nên đi xe buýt tuyến nào?	healthcare_center_search
Cho tôi hỏi Bệnh viện K có khám vật lý trị liệu vào chủ nhật không?	healthcare_center_search
Từ đường Phạm Văn Đồng đi đến Bệnh viện Da liễu thì nên đi đường nào cho nhanh?	healthcare_center_search
Bệnh viện nào gần khu công nghiệp Tân Bình có khoa tổng quát làm việc cuối tuần?	healthcare_center_search
Tôi cần tìm trung tâm y tế gần khu công nghiệp Sóng Thần để khám dinh dưỡng, có gợi ý nào không?	healthcare_center_search
Trung tâm Y tế quận 1 có khám cho người lớn tuổi vào giờ hành chính không?	healthcare_center_search
Từ ngã tư Hàng Xanh tới phòng khám phục hồi chức năng gần nhất nên đi xe buýt tuyến nào?	healthcare_center_search
Cho tôi hỏi Phòng khám nhi có khám tim mạch vào ngoài giờ không?	healthcare_center_search
Từ ngã tư Hàng Xanh đi đến Phòng khám da liễu thì nên đi đường nào cho nhanh?	healthcare_center_search
Bệnh viện nào gần cầu Sài Gòn có khoa tiêu hóa làm việc cuối tuần?	healthcare_center_search
Tôi cần tìm trung tâm y tế gần khu đô thị Phú Mỹ Hưng để khám nhi khoa, có gợi ý nào không?	healthcare_center_search
Bệnh viện Ung Bướu có khám cho người lớn tuổi vào trong tuần này không?	healthcare_center_search
Cho tôi hỏi Bệnh viện Tim Tâm Đức có khám mắt vào sáng mai không?	healthcare_center_search
Từ hồ Gươm đi đến Bệnh viện Chấn thương Chỉnh hình thì nên đi đường nào cho nhanh?	healthcare_center_search
Bệnh viện nào gần bến xe Giáp Bát có khoa nội tiết làm việc cuối tuần?	healthcare_center_search
Phòng khám tim mạch có khám cho người lớn tuổi vào chiều nay không?	healthcare_center_search
Từ đường Láng tới phòng khám vật lý trị liệu gần nhất nên đi xe buýt tuyến nào?	healthcare_center_search
Cho tôi hỏi Bệnh viện Chợ Rẫy có khám vật lý trị liệu vào chiều nay không?	healthcare_center_search
Từ đường Võ Văn Kiệt đi đến Bệnh viện Bạch Mai thì nên đi đường nào cho nhanh?	healthcare_center_search
Bệnh viện nào gần quốc lộ 1A có khoa tổng quát làm việc cuối tuần?	healthcare_center_search
Tôi cần tìm trung tâm y tế gần quốc lộ 1A để khám dinh dưỡng, có gợi ý nào không?	healthcare_center_search
Viện Tim có khám cho người lớn tuổi vào sau 6 giờ tối không?	healthcare_center_search
Từ chợ Bến Thành tới phòng khám phục hồi chức năng gần nhất nên đi xe buýt tuyến nào?	healthcare_center_search
Cho tôi hỏi Bệnh viện Đa khoa Tâm Anh có khám tim mạch vào sau 6 giờ tối không?	healthcare_center_search
Từ bến xe Miền Đông đi đến Bệnh viện FV thì nên đi đường nào cho nhanh?	healthcare_center_search
Bệnh viện nào gần bến xe Miền Tây có khoa tiêu hóa làm việc cuối tuần?	healthcare_center_search
Tôi cần tìm trung tâm y tế gần bến xe Miền Tây để khám nhi khoa, có gợi ý nào không?	healthcare_center_search
Từ sân bay Tân Sơn Nhất tới phòng khám mắt gần nhất nên đi xe buýt tuyến nào?	healthcare_center_search
Cho tôi hỏi Bệnh viện Nhi Đồng 2 có khám mắt vào thứ bảy không?	healthcare_center_search
Từ sân bay Tân Sơn Nhất đi đến Bệnh viện Từ Dũ thì nên đi đường nào cho nhanh?	healthcare_center_search
Tôi cần tìm trung tâm y tế gần đường Trần Hưng Đạo để khám răng hàm mặt, có gợi ý nào không?	healthcare_center_search
Bệnh viện Việt Đức có khám cho người lớn tuổi vào chủ nhật không?	healthcare_center_search
Từ đường Cộng Hòa tới phòng khám vật lý trị liệu gần nhất nên đi xe buýt tuyến nào?	healthcare_center_search
Cho tôi hỏi Trung tâm Y tế quận 7 có khám vật lý trị liệu vào giờ hành chính không?	healthcare_center_search
Từ đường Cộng Hòa đi đến Trung tâm Y tế Gò Vấp thì nên đi đường nào cho nhanh?	healthcare_center_search
Tôi cần tìm trung tâm y tế gần khu công nghiệp Tân Bình để khám dinh dưỡng, có gợi ý nào không?	healthcare_center_search
Bệnh viện Nhi Đồng 1 có khám cho người lớn tuổi vào ngoài giờ không?	healthcare_center_search
Từ khu công nghiệp Sóng Thần tới phòng khám phục hồi chức năng gần nhất nên đi xe buýt tuyến nào?	healthcare_center_search
Cho tôi hỏi Bệnh viện K có khám tim mạch vào trong tuần này không?	healthcare_center_search
Từ khu công nghiệp Sóng Thần đi đến Bệnh viện Da liễu thì nên đi đường nào cho nhanh?	healthcare_center_search
Bệnh viện nào gần ngã tư Hàng Xanh có khoa tiêu hóa làm việc cuối tuần?	healthcare_center_search
Tôi cần tìm trung tâm y tế gần cầu Sài Gòn để khám nhi khoa, có gợi ý nào không?	healthcare_center_search
Trung tâm Y tế quận 1 có khám cho người lớn tuổi vào sáng mai không?	healthcare_center_search
Từ khu đô thị Phú Mỹ Hưng tới phòng khám mắt gần nhất nên đi xe buýt tuyến nào?	healthcare_center_search
Cho tôi hỏi Phòng khám nhi có khám mắt vào sáng mai không?	healthcare_center_search
Từ khu đô thị Phú Mỹ Hưng đi đến Phòng khám da liễu thì nên đi đường nào cho nhanh?	healthcare_center_search
Bệnh viện nào gần hồ Gươm có khoa nội tiết làm việc cuối tuần?	healthcare_center_search
Tôi cần tìm trung tâm y tế gần bến xe Giáp Bát để khám răng hàm mặt, có gợi ý nào không?	healthcare_center_search
Cách nấu phở bò sao cho ngon và không bị nhạt vậy mọi người, hỏi giúp bạn tôi?	other
Tôi muốn nấu bún chả cuối tuần, nên chuẩn bị nguyên liệu gì, hỏi giúp bạn tôi?	other
Món mì Quảng nên nêm nếm thế nào cho vừa miệng, hỏi giúp bạn tôi?	other
điện thoại của tôi bị rớt mạng, có cách nào tự sửa trước khi đem ra tiệm không, hỏi giúp bạn tôi?	other
Máy máy tính bàn cứ bị rớt mạng, nguyên nhân thường là gì, hỏi giúp bạn tôi?	other
Tôi muốn mua máy tính bàn dùng học tập, nên chọn loại nào vừa tiền, hỏi giúp bạn tôi?	other
Dạo này cổ phiếu biến động mạnh, có nên theo dõi thêm trước khi mua không, hỏi giúp bạn tôi?	other
Cho tôi hỏi cổ phiếu hôm nay tăng hay giảm, nên xem nguồn nào đáng tin, hỏi giúp bạn tôi?	other
Người mới tìm hiểu cổ phiếu thì cần học những khái niệm cơ bản nào, hỏi giúp bạn tôi?	other
Tôi đang muốn học tiếng Anh, nên bắt đầu từ tài liệu nào, hỏi giúp bạn tôi?	other
Có cách nào học học tiếng Anh đều đặn mỗi ngày mà không bị nản không, hỏi giúp bạn tôi?	other
Làm sao để tự học học tiếng Anh hiệu quả hơn trong 1 tháng, hỏi giúp bạn tôi?	other
Đi Nha Trang 3 ngày 2 đêm thì nên lên lịch trình như thế nào, hỏi giúp bạn tôi?	other
Du lịch Nha Trang mùa này có cần đặt phòng trước không, hỏi giúp bạn tôi?	other
Tôi muốn đi Nha Trang cùng gia đình, nên chọn khách sạn khu nào tiện, hỏi giúp bạn tôi?	other
Nên mua giày chạy bộ loại nào bền và đáng tiền, hỏi giúp bạn tôi?	other
Tôi đang phân vân mua giày chạy bộ, cần chú ý thông số gì, hỏi giúp bạn tôi?	other
giày chạy bộ có nên mua online không hay ra cửa hàng xem trực tiếp, hỏi giúp bạn tôi?	other
Giúp tôi lập kế hoạch bán hàng sao cho lịch sự và rõ ràng, hỏi giúp bạn tôi.	other
Tôi cần lập kế hoạch bán hàng, nên trình bày theo bố cục nào, tôi cần xử lý trong hôm nay?	other
Có mẫu nào đơn giản để lập kế hoạch bán hàng không, tôi cần xử lý trong hôm nay?	other
Thời tiết cuối tuần mà mưa thì nên đi chơi trong nhà ở đâu, tôi cần xử lý trong hôm nay?	other
Tôi muốn trồng vài cây cảnh trong phòng làm việc, nên chọn cây gì dễ chăm, tôi cần xử lý trong hôm nay?	other
Làm sao để sắp xếp bàn học gọn hơn mà vẫn dễ lấy đồ, tôi cần xử lý trong hôm nay?	other
Có mẹo nào giúp đọc sách lâu mà không bị mất tập trung không, tôi cần xử lý trong hôm nay?	other
Tôi muốn đổi mật khẩu tài khoản nhưng sợ quên, nên quản lý mật khẩu thế nào, tôi cần xử lý trong hôm nay?	other
Làm sao để chuyển file Word sang PDF mà không bị lỗi font, tôi cần xử lý trong hôm nay?	other
Có cách nào giảm dung lượng ảnh trước khi gửi email không, tôi cần xử lý trong hôm nay?	other
Tôi muốn làm video ngắn đăng mạng xã hội, nên dùng app nào dễ nhất, tôi cần xử lý trong hôm nay?	other
Cách chọn quà sinh nhật cho bạn thân sao cho không quá đắt mà vẫn tinh tế, tôi cần xử lý trong hôm nay?	other
Cách nấu cháo gà sao cho ngon và không bị nhạt vậy mọi người, tôi cần xử lý trong hôm nay?	other
Tôi muốn nấu bánh mì thịt cuối tuần, nên chuẩn bị nguyên liệu gì, tôi cần xử lý trong hôm nay?	other
Món cà phê sữa đá nên nêm nếm thế nào cho vừa miệng, tôi cần xử lý trong hôm nay?	other
máy ảnh của tôi bị camera bị mờ, có cách nào tự sửa trước khi đem ra tiệm không, tôi cần xử lý trong hôm nay?	other
Máy tablet cứ bị camera bị mờ, nguyên nhân thường là gì, tôi cần xử lý trong hôm nay?	other
Tôi muốn mua tablet dùng học tập, nên chọn loại nào vừa tiền, tôi cần xử lý trong hôm nay?	other
Dạo này quỹ ETF biến động mạnh, có nên theo dõi thêm trước khi mua không, tôi cần xử lý trong hôm nay?	other
Cho tôi hỏi quỹ ETF hôm nay tăng hay giảm, nên xem nguồn nào đáng tin, tôi cần xử lý trong hôm nay?	other
Người mới tìm hiểu quỹ ETF thì cần học những khái niệm cơ bản nào, tôi hơi gấp nên muốn biết rõ?	other
Tôi đang muốn ôn thi IELTS, nên bắt đầu từ tài liệu nào, tôi hơi gấp nên muốn biết rõ?	other
Có cách nào học ôn thi IELTS đều đặn mỗi ngày mà không bị nản không, tôi hơi gấp nên muốn biết rõ?	other
Làm sao để tự học ôn thi IELTS hiệu quả hơn trong 1 tháng, tôi hơi gấp nên muốn biết rõ?	other
Đi Phú Quốc 3 ngày 2 đêm thì nên lên lịch trình như thế nào, tôi hơi gấp nên muốn biết rõ?	other
Du lịch Phú Quốc mùa này có cần đặt phòng trước không, tôi hơi gấp nên muốn biết rõ?	other
Tôi muốn đi Hội An cùng gia đình, nên chọn khách sạn khu nào tiện, tôi hơi gấp nên muốn biết rõ?	other
Nên mua nồi chiên không dầu loại nào bền và đáng tiền, tôi hơi gấp nên muốn biết rõ?	other
Tôi đang phân vân mua nồi chiên không dầu, cần chú ý thông số gì, tôi hơi gấp nên muốn biết rõ?	other
nồi chiên không dầu có nên mua online không hay ra cửa hàng xem trực tiếp, tôi hơi gấp nên muốn biết rõ?	other
Giúp tôi sắp xếp lịch họp sao cho lịch sự và rõ ràng, tôi hơi gấp nên muốn biết rõ.	other
Tôi cần sắp xếp lịch họp, nên trình bày theo bố cục nào, tôi hơi gấp nên muốn biết rõ?	other
Có mẫu nào đơn giản để sắp xếp lịch họp không, tôi hơi gấp nên muốn biết rõ?	other
Thời tiết cuối tuần mà mưa thì nên đi chơi trong nhà ở đâu, tôi hơi gấp nên muốn biết rõ?	other
Tôi muốn trồng vài cây cảnh trong phòng làm việc, nên chọn cây gì dễ chăm, tôi hơi gấp nên muốn biết rõ?	other
Làm sao để sắp xếp bàn học gọn hơn mà vẫn dễ lấy đồ, tôi hơi gấp nên muốn biết rõ?	other
Có mẹo nào giúp đọc sách lâu mà không bị mất tập trung không, tôi hơi gấp nên muốn biết rõ?	other
Tôi muốn đổi mật khẩu tài khoản nhưng sợ quên, nên quản lý mật khẩu thế nào, tôi hơi gấp nên muốn biết rõ?	other
Làm sao để chuyển file Word sang PDF mà không bị lỗi font, tôi hơi gấp nên muốn biết rõ?	other
Có cách nào giảm dung lượng ảnh trước khi gửi email không, tôi chưa có kinh nghiệm?	other
Tôi muốn làm video ngắn đăng mạng xã hội, nên dùng app nào dễ nhất, tôi chưa có kinh nghiệm?	other
Cách chọn quà sinh nhật cho bạn thân sao cho không quá đắt mà vẫn tinh tế, tôi chưa có kinh nghiệm?	other
Cách nấu phở bò sao cho ngon và không bị nhạt vậy mọi người, tôi chưa có kinh nghiệm?	other
Tôi muốn nấu bún chả cuối tuần, nên chuẩn bị nguyên liệu gì, tôi chưa có kinh nghiệm?	other
Món mì Quảng nên nêm nếm thế nào cho vừa miệng, tôi chưa có kinh nghiệm?	other
router của tôi bị không gõ được tiếng Việt, có cách nào tự sửa trước khi đem ra tiệm không, tôi chưa có kinh nghiệm?	other
Máy micro cứ bị không gõ được tiếng Việt, nguyên nhân thường là gì, tôi chưa có kinh nghiệm?	other
Tôi muốn mua micro dùng học tập, nên chọn loại nào vừa tiền, tôi chưa có kinh nghiệm?	other
Dạo này giá gạo biến động mạnh, có nên theo dõi thêm trước khi mua không, tôi chưa có kinh nghiệm?	other
Cho tôi hỏi giá gạo hôm nay tăng hay giảm, nên xem nguồn nào đáng tin, tôi chưa có kinh nghiệm?	other
Người mới tìm hiểu giá gạo thì cần học những khái niệm cơ bản nào, tôi chưa có kinh nghiệm?	other
Tôi đang muốn ghi chú bài học, nên bắt đầu từ tài liệu nào, tôi chưa có kinh nghiệm?	other
Có cách nào học luyện phỏng vấn đều đặn mỗi ngày mà không bị nản không, tôi chưa có kinh nghiệm?	other
Làm sao để tự học luyện phỏng vấn hiệu quả hơn trong 1 tháng, tôi chưa có kinh nghiệm?	other
Đi Hà Nội 3 ngày 2 đêm thì nên lên lịch trình như thế nào, tôi chưa có kinh nghiệm?	other
Du lịch Hà Nội mùa này có cần đặt phòng trước không, tôi chưa có kinh nghiệm?	other
Tôi muốn đi Hà Nội cùng gia đình, nên chọn khách sạn khu nào tiện, tôi chưa có kinh nghiệm?	other
Nên mua ghế công thái học loại nào bền và đáng tiền, tôi chưa có kinh nghiệm?	other
Tôi đang phân vân mua ghế công thái học, cần chú ý thông số gì, tôi muốn làm cho tiết kiệm?	other
ghế công thái học có nên mua online không hay ra cửa hàng xem trực tiếp, tôi muốn làm cho tiết kiệm?	other
Giúp tôi tạo bảng theo dõi chi phí sao cho lịch sự và rõ ràng, tôi muốn làm cho tiết kiệm.	other
Tôi cần tạo bảng theo dõi chi phí, nên trình bày theo bố cục nào, tôi muốn làm cho tiết kiệm?	other
Có mẫu nào đơn giản để tạo bảng theo dõi chi phí không, tôi muốn làm cho tiết kiệm?	other
Thời tiết cuối tuần mà mưa thì nên đi chơi trong nhà ở đâu, tôi muốn làm cho tiết kiệm?	other
Tôi muốn trồng vài cây cảnh trong phòng làm việc, nên chọn cây gì dễ chăm, tôi muốn làm cho tiết kiệm?	other
Làm sao để sắp xếp bàn học gọn hơn mà vẫn dễ lấy đồ, tôi muốn làm cho tiết kiệm?	other
Có mẹo nào giúp đọc sách lâu mà không bị mất tập trung không, tôi muốn làm cho tiết kiệm?	other
Tôi muốn đổi mật khẩu tài khoản nhưng sợ quên, nên quản lý mật khẩu thế nào, tôi muốn làm cho tiết kiệm?	other
Làm sao để chuyển file Word sang PDF mà không bị lỗi font, tôi muốn làm cho tiết kiệm?	other
Có cách nào giảm dung lượng ảnh trước khi gửi email không, tôi muốn làm cho tiết kiệm?	other
Tôi muốn làm video ngắn đăng mạng xã hội, nên dùng app nào dễ nhất, tôi muốn làm cho tiết kiệm?	other
Cách chọn quà sinh nhật cho bạn thân sao cho không quá đắt mà vẫn tinh tế, tôi muốn làm cho tiết kiệm?	other
Cách nấu cháo gà sao cho ngon và không bị nhạt vậy mọi người, tôi muốn làm cho tiết kiệm?	other
Tôi muốn nấu bánh mì thịt cuối tuần, nên chuẩn bị nguyên liệu gì, tôi muốn làm cho tiết kiệm?	other
Món cà phê sữa đá nên nêm nếm thế nào cho vừa miệng, tôi muốn làm cho tiết kiệm?	other
máy chiếu của tôi bị pin tụt nhanh, có cách nào tự sửa trước khi đem ra tiệm không, tôi muốn làm cho tiết kiệm?	other
Máy ổ cứng cứ bị pin tụt nhanh, nguyên nhân thường là gì, tôi muốn làm cho tiết kiệm?	other
Tôi muốn mua ổ cứng dùng học tập, nên chọn loại nào vừa tiền, tôi cần cách đơn giản?	other
Dạo này lãi suất tiết kiệm biến động mạnh, có nên theo dõi thêm trước khi mua không, tôi cần cách đơn giản?	other
Cho tôi hỏi lãi suất tiết kiệm hôm nay tăng hay giảm, nên xem nguồn nào đáng tin, tôi cần cách đơn giản?	other
Người mới tìm hiểu lãi suất tiết kiệm thì cần học những khái niệm cơ bản nào, tôi cần cách đơn giản?	other
Tôi đang muốn đọc tài liệu tiếng Anh, nên bắt đầu từ tài liệu nào, tôi cần cách đơn giản?	other
Có cách nào học đọc tài liệu tiếng Anh đều đặn mỗi ngày mà không bị nản không, tôi cần cách đơn giản?	other
Làm sao để tự học đọc tài liệu tiếng Anh hiệu quả hơn trong 1 tháng, tôi cần cách đơn giản?	other
Đi Vũng Tàu 3 ngày 2 đêm thì nên lên lịch trình như thế nào, tôi cần cách đơn giản?	other
Du lịch Vũng Tàu mùa này có cần đặt phòng trước không, tôi cần cách đơn giản?	other
Tôi muốn đi Vũng Tàu cùng gia đình, nên chọn khách sạn khu nào tiện, tôi cần cách đơn giản?	other
Nên mua tủ lạnh mini loại nào bền và đáng tiền, tôi cần cách đơn giản?	other
Tôi đang phân vân mua tủ lạnh mini, cần chú ý thông số gì, tôi cần cách đơn giản?	other
tủ lạnh mini có nên mua online không hay ra cửa hàng xem trực tiếp, tôi cần cách đơn giản?	other
Giúp tôi chuẩn bị nội dung thuyết trình sao cho lịch sự và rõ ràng, tôi cần cách đơn giản.	other
Tôi cần chuẩn bị nội dung thuyết trình, nên trình bày theo bố cục nào, tôi cần cách đơn giản?	other
Có mẫu nào đơn giản để chuẩn bị nội dung thuyết trình không, tôi cần cách đơn giản?	other
Thời tiết cuối tuần mà mưa thì nên đi chơi trong nhà ở đâu, tôi cần cách đơn giản?	other
Tôi muốn trồng vài cây cảnh trong phòng làm việc, nên chọn cây gì dễ chăm, tôi cần cách đơn giản?	other
Làm sao để sắp xếp bàn học gọn hơn mà vẫn dễ lấy đồ, tôi cần cách đơn giản?	other
Có mẹo nào giúp đọc sách lâu mà không bị mất tập trung không, tôi muốn tránh mua sai?	other
Tôi muốn đổi mật khẩu tài khoản nhưng sợ quên, nên quản lý mật khẩu thế nào, tôi muốn tránh mua sai?	other
Làm sao để chuyển file Word sang PDF mà không bị lỗi font, tôi muốn tránh mua sai?	other
Có cách nào giảm dung lượng ảnh trước khi gửi email không, tôi muốn tránh mua sai?	other
Tôi muốn làm video ngắn đăng mạng xã hội, nên dùng app nào dễ nhất, tôi muốn tránh mua sai?	other
Cách chọn quà sinh nhật cho bạn thân sao cho không quá đắt mà vẫn tinh tế, tôi muốn tránh mua sai?	other
Cách nấu phở bò sao cho ngon và không bị nhạt vậy mọi người, tôi muốn tránh mua sai?	other
Tôi muốn nấu bún chả cuối tuần, nên chuẩn bị nguyên liệu gì, tôi muốn tránh mua sai?	other
Món mì Quảng nên nêm nếm thế nào cho vừa miệng, tôi muốn tránh mua sai?	other
chuột máy tính của tôi bị bị chậm bất thường, có cách nào tự sửa trước khi đem ra tiệm không, tôi muốn tránh mua sai?	other
Máy màn hình cứ bị bị chậm bất thường, nguyên nhân thường là gì, tôi muốn tránh mua sai?	other
Tôi muốn mua màn hình dùng học tập, nên chọn loại nào vừa tiền, tôi muốn tránh mua sai?	other
Dạo này VN-Index biến động mạnh, có nên theo dõi thêm trước khi mua không, tôi muốn tránh mua sai?	other
Cho tôi hỏi VN-Index hôm nay tăng hay giảm, nên xem nguồn nào đáng tin, tôi muốn tránh mua sai?	other
Người mới tìm hiểu VN-Index thì cần học những khái niệm cơ bản nào, tôi muốn tránh mua sai?	other
Tôi đang muốn làm bài toán xác suất, nên bắt đầu từ tài liệu nào, tôi muốn tránh mua sai?	other
Có cách nào học làm bài toán xác suất đều đặn mỗi ngày mà không bị nản không, tôi muốn tránh mua sai?	other
Làm sao để tự học làm bài toán xác suất hiệu quả hơn trong 1 tháng, tôi muốn tránh mua sai?	other
Đi Côn Đảo 3 ngày 2 đêm thì nên lên lịch trình như thế nào, tôi muốn tránh mua sai?	other
Du lịch Côn Đảo mùa này có cần đặt phòng trước không, tôi cần chuẩn bị trước?	other
Tôi muốn đi Côn Đảo cùng gia đình, nên chọn khách sạn khu nào tiện, tôi cần chuẩn bị trước?	other
Nên mua vali kéo loại nào bền và đáng tiền, tôi cần chuẩn bị trước?	other
Tôi đang phân vân mua vali kéo, cần chú ý thông số gì, tôi cần chuẩn bị trước?	other
vali kéo có nên mua online không hay ra cửa hàng xem trực tiếp, tôi cần chuẩn bị trước?	other
Giúp tôi lập kế hoạch học tập sao cho lịch sự và rõ ràng, tôi cần chuẩn bị trước.	other
Tôi cần lập kế hoạch học tập, nên trình bày theo bố cục nào, tôi cần chuẩn bị trước?	other
Có mẫu nào đơn giản để lập kế hoạch học tập không, tôi cần chuẩn bị trước?	other
Thời tiết cuối tuần mà mưa thì nên đi chơi trong nhà ở đâu, tôi cần chuẩn bị trước?	other
Tôi muốn trồng vài cây cảnh trong phòng làm việc, nên chọn cây gì dễ chăm, tôi cần chuẩn bị trước?	other
Làm sao để sắp xếp bàn học gọn hơn mà vẫn dễ lấy đồ, tôi cần chuẩn bị trước?	other
Có mẹo nào giúp đọc sách lâu mà không bị mất tập trung không, tôi cần chuẩn bị trước?	other
Tôi muốn đổi mật khẩu tài khoản nhưng sợ quên, nên quản lý mật khẩu thế nào, tôi cần chuẩn bị trước?	other
Làm sao để chuyển file Word sang PDF mà không bị lỗi font, tôi cần chuẩn bị trước?	other
Có cách nào giảm dung lượng ảnh trước khi gửi email không, tôi cần chuẩn bị trước?	other
Tôi muốn làm video ngắn đăng mạng xã hội, nên dùng app nào dễ nhất, tôi cần chuẩn bị trước?	other
Cách chọn quà sinh nhật cho bạn thân sao cho không quá đắt mà vẫn tinh tế, tôi cần chuẩn bị trước?	other
Cách nấu cháo gà sao cho ngon và không bị nhạt vậy mọi người, tôi cần chuẩn bị trước?	other
Tôi muốn nấu bánh mì thịt cuối tuần, nên chuẩn bị nguyên liệu gì, tôi cần chuẩn bị trước?	other
Món cà phê sữa đá nên nêm nếm thế nào cho vừa miệng, tôi muốn tự làm ở nhà?	other
wifi của tôi bị nóng máy, có cách nào tự sửa trước khi đem ra tiệm không, tôi muốn tự làm ở nhà?	other
Máy tai nghe cứ bị nóng máy, nguyên nhân thường là gì, tôi muốn tự làm ở nhà?	other
Tôi muốn mua tai nghe dùng học tập, nên chọn loại nào vừa tiền, tôi muốn tự làm ở nhà?	other
Dạo này đô la biến động mạnh, có nên theo dõi thêm trước khi mua không, tôi muốn tự làm ở nhà?	other
Cho tôi hỏi đô la hôm nay tăng hay giảm, nên xem nguồn nào đáng tin, tôi muốn tự làm ở nhà?	other
Người mới tìm hiểu đô la thì cần học những khái niệm cơ bản nào, tôi muốn tự làm ở nhà?	other
Tôi đang muốn học machine learning, nên bắt đầu từ tài liệu nào, tôi muốn tự làm ở nhà?	other
Có cách nào học học machine learning đều đặn mỗi ngày mà không bị nản không, tôi muốn tự làm ở nhà?	other
Làm sao để tự học viết báo cáo nhóm hiệu quả hơn trong 1 tháng, tôi muốn tự làm ở nhà?	other
Đi Ninh Bình 3 ngày 2 đêm thì nên lên lịch trình như thế nào, tôi muốn tự làm ở nhà?	other
Du lịch Ninh Bình mùa này có cần đặt phòng trước không, tôi muốn tự làm ở nhà?	other
Tôi muốn đi Ninh Bình cùng gia đình, nên chọn khách sạn khu nào tiện, tôi muốn tự làm ở nhà?	other
Nên mua máy pha cà phê loại nào bền và đáng tiền, tôi muốn tự làm ở nhà?	other
Tôi đang phân vân mua máy pha cà phê, cần chú ý thông số gì, tôi muốn tự làm ở nhà?	other
máy pha cà phê có nên mua online không hay ra cửa hàng xem trực tiếp, tôi muốn tự làm ở nhà?	other
Giúp tôi chia việc cho nhóm sao cho lịch sự và rõ ràng, tôi muốn tự làm ở nhà.	other
Tôi cần chia việc cho nhóm, nên trình bày theo bố cục nào, tôi muốn tự làm ở nhà?	other
Có mẫu nào đơn giản để viết báo cáo tiến độ không, tôi muốn tự làm ở nhà?	other
Thời tiết cuối tuần mà mưa thì nên đi chơi trong nhà ở đâu, tôi đang phân vân?	other
Tôi muốn trồng vài cây cảnh trong phòng làm việc, nên chọn cây gì dễ chăm, tôi đang phân vân?	other
Làm sao để sắp xếp bàn học gọn hơn mà vẫn dễ lấy đồ, tôi đang phân vân?	other
Có mẹo nào giúp đọc sách lâu mà không bị mất tập trung không, tôi đang phân vân?	other
Tôi muốn đổi mật khẩu tài khoản nhưng sợ quên, nên quản lý mật khẩu thế nào, tôi đang phân vân?	other
Làm sao để chuyển file Word sang PDF mà không bị lỗi font, tôi đang phân vân?	other
Có cách nào giảm dung lượng ảnh trước khi gửi email không, tôi đang phân vân?	other
Tôi muốn làm video ngắn đăng mạng xã hội, nên dùng app nào dễ nhất, tôi đang phân vân?	other
Cách chọn quà sinh nhật cho bạn thân sao cho không quá đắt mà vẫn tinh tế, tôi đang phân vân?	other
Cách nấu phở bò sao cho ngon và không bị nhạt vậy mọi người, tôi đang phân vân?	other
Tôi muốn nấu bún chả cuối tuần, nên chuẩn bị nguyên liệu gì, tôi đang phân vân?	other
Món mì Quảng nên nêm nếm thế nào cho vừa miệng, tôi đang phân vân?	other
điện thoại của tôi bị ứng dụng bị văng ra ngoài, có cách nào tự sửa trước khi đem ra tiệm không, tôi đang phân vân?	other
Máy máy tính bàn cứ bị ứng dụng bị văng ra ngoài, nguyên nhân thường là gì, tôi đang phân vân?	other
Tôi muốn mua máy tính bàn dùng học tập, nên chọn loại nào vừa tiền, tôi đang phân vân?	other
Dạo này giá xăng biến động mạnh, có nên theo dõi thêm trước khi mua không, tôi đang phân vân?	other
Cho tôi hỏi giá xăng hôm nay tăng hay giảm, nên xem nguồn nào đáng tin, tôi đang phân vân?	other
Người mới tìm hiểu giá xăng thì cần học những khái niệm cơ bản nào, tôi đang phân vân?	other
Tôi đang muốn học Excel, nên bắt đầu từ tài liệu nào, tôi đang phân vân?	other
Có cách nào học học Excel đều đặn mỗi ngày mà không bị nản không, tôi cần gợi ý nhanh?	other
Làm sao để tự học học Excel hiệu quả hơn trong 1 tháng, tôi cần gợi ý nhanh?	other
Đi Đà Nẵng 3 ngày 2 đêm thì nên lên lịch trình như thế nào, tôi cần gợi ý nhanh?	other
Du lịch Đà Nẵng mùa này có cần đặt phòng trước không, tôi cần gợi ý nhanh?	other
Tôi muốn đi Đà Nẵng cùng gia đình, nên chọn khách sạn khu nào tiện, tôi cần gợi ý nhanh?	other
Nên mua balo đi học loại nào bền và đáng tiền, tôi cần gợi ý nhanh?	other
Tôi đang phân vân mua balo đi học, cần chú ý thông số gì, tôi cần gợi ý nhanh?	other
balo đi học có nên mua online không hay ra cửa hàng xem trực tiếp, tôi cần gợi ý nhanh?	other
Giúp tôi làm checklist công việc sao cho lịch sự và rõ ràng, tôi cần gợi ý nhanh.	other
Tôi cần làm checklist công việc, nên trình bày theo bố cục nào, tôi cần gợi ý nhanh?	other
Có mẫu nào đơn giản để làm checklist công việc không, tôi cần gợi ý nhanh?	other
Thời tiết cuối tuần mà mưa thì nên đi chơi trong nhà ở đâu, tôi cần gợi ý nhanh?	other
Tôi muốn trồng vài cây cảnh trong phòng làm việc, nên chọn cây gì dễ chăm, tôi cần gợi ý nhanh?	other
Làm sao để sắp xếp bàn học gọn hơn mà vẫn dễ lấy đồ, tôi cần gợi ý nhanh?	other
Có mẹo nào giúp đọc sách lâu mà không bị mất tập trung không, tôi cần gợi ý nhanh?	other
Tôi muốn đổi mật khẩu tài khoản nhưng sợ quên, nên quản lý mật khẩu thế nào, tôi cần gợi ý nhanh?	other
Làm sao để chuyển file Word sang PDF mà không bị lỗi font, tôi cần gợi ý nhanh?	other
Có cách nào giảm dung lượng ảnh trước khi gửi email không, tôi cần gợi ý nhanh?	other
Tôi muốn làm video ngắn đăng mạng xã hội, nên dùng app nào dễ nhất, tôi cần gợi ý nhanh?	other
Cách chọn quà sinh nhật cho bạn thân sao cho không quá đắt mà vẫn tinh tế, tôi muốn làm cho gia đình?	other
Cách nấu cháo gà sao cho ngon và không bị nhạt vậy mọi người, tôi muốn làm cho gia đình?	other
Tôi muốn nấu bánh mì thịt cuối tuần, nên chuẩn bị nguyên liệu gì, tôi muốn làm cho gia đình?	other
Món cà phê sữa đá nên nêm nếm thế nào cho vừa miệng, tôi muốn làm cho gia đình?	other
máy ảnh của tôi bị không nhận USB, có cách nào tự sửa trước khi đem ra tiệm không, tôi muốn làm cho gia đình?	other
Máy tablet cứ bị không nhận USB, nguyên nhân thường là gì, tôi muốn làm cho gia đình?	other
Tôi muốn mua tablet dùng học tập, nên chọn loại nào vừa tiền, tôi muốn làm cho gia đình?	other
Dạo này cổ phiếu biến động mạnh, có nên theo dõi thêm trước khi mua không, tôi muốn làm cho gia đình?	other
Cho tôi hỏi cổ phiếu hôm nay tăng hay giảm, nên xem nguồn nào đáng tin, tôi muốn làm cho gia đình?	other
Người mới tìm hiểu cổ phiếu thì cần học những khái niệm cơ bản nào, tôi muốn làm cho gia đình?	other
Tôi đang muốn học SQL, nên bắt đầu từ tài liệu nào, tôi muốn làm cho gia đình?	other
Có cách nào học học SQL đều đặn mỗi ngày mà không bị nản không, tôi muốn làm cho gia đình?	other
Làm sao để tự học học SQL hiệu quả hơn trong 1 tháng, tôi muốn làm cho gia đình?	other
Đi Huế 3 ngày 2 đêm thì nên lên lịch trình như thế nào, tôi muốn làm cho gia đình?	other
Du lịch Huế mùa này có cần đặt phòng trước không, tôi muốn làm cho gia đình?	other
Tôi muốn đi Huế cùng gia đình, nên chọn khách sạn khu nào tiện, tôi muốn làm cho gia đình?	other
Nên mua áo khoác chống nắng loại nào bền và đáng tiền, tôi muốn làm cho gia đình?	other
Tôi đang phân vân mua áo khoác chống nắng, cần chú ý thông số gì, tôi muốn làm cho gia đình?	other
áo khoác chống nắng có nên mua online không hay ra cửa hàng xem trực tiếp, tôi muốn làm cho gia đình?	other
Tôi cần lập kế hoạch bán hàng, nên trình bày theo bố cục nào, hỏi giúp bạn tôi?	other
Có mẫu nào đơn giản để lập kế hoạch bán hàng không, hỏi giúp bạn tôi?	other
Thời tiết cuối tuần mà mưa thì nên đi chơi trong nhà ở đâu, hỏi giúp bạn tôi?	other
Tôi muốn trồng vài cây cảnh trong phòng làm việc, nên chọn cây gì dễ chăm, hỏi giúp bạn tôi?	other
Làm sao để sắp xếp bàn học gọn hơn mà vẫn dễ lấy đồ, hỏi giúp bạn tôi?	other
Có mẹo nào giúp đọc sách lâu mà không bị mất tập trung không, hỏi giúp bạn tôi?	other
Tôi muốn đổi mật khẩu tài khoản nhưng sợ quên, nên quản lý mật khẩu thế nào, hỏi giúp bạn tôi?	other
Làm sao để chuyển file Word sang PDF mà không bị lỗi font, hỏi giúp bạn tôi?	other
Có cách nào giảm dung lượng ảnh trước khi gửi email không, hỏi giúp bạn tôi?	other
Tôi muốn làm video ngắn đăng mạng xã hội, nên dùng app nào dễ nhất, hỏi giúp bạn tôi?	other
Cách chọn quà sinh nhật cho bạn thân sao cho không quá đắt mà vẫn tinh tế, hỏi giúp bạn tôi?	other
router của tôi bị rớt mạng, có cách nào tự sửa trước khi đem ra tiệm không, hỏi giúp bạn tôi?	other
Máy micro cứ bị rớt mạng, nguyên nhân thường là gì, hỏi giúp bạn tôi?	other
Tôi muốn mua micro dùng học tập, nên chọn loại nào vừa tiền, hỏi giúp bạn tôi?	other
Dạo này quỹ ETF biến động mạnh, có nên theo dõi thêm trước khi mua không, hỏi giúp bạn tôi?	other
Người mới tìm hiểu quỹ ETF thì cần học những khái niệm cơ bản nào, tôi cần xử lý trong hôm nay?	other
Tôi đang muốn viết CV, nên bắt đầu từ tài liệu nào, tôi cần xử lý trong hôm nay?	other
Có cách nào học viết CV đều đặn mỗi ngày mà không bị nản không, tôi cần xử lý trong hôm nay?	other
Làm sao để tự học viết CV hiệu quả hơn trong 1 tháng, tôi cần xử lý trong hôm nay?	other
Đi Sapa 3 ngày 2 đêm thì nên lên lịch trình như thế nào, tôi cần xử lý trong hôm nay?	other
Du lịch Cần Thơ mùa này có cần đặt phòng trước không, tôi cần xử lý trong hôm nay?	other
Tôi muốn đi Cần Thơ cùng gia đình, nên chọn khách sạn khu nào tiện, tôi cần xử lý trong hôm nay?	other
Nên mua máy lọc không khí loại nào bền và đáng tiền, tôi cần xử lý trong hôm nay?	other
Tôi đang phân vân mua máy lọc không khí, cần chú ý thông số gì, tôi cần xử lý trong hôm nay?	other
máy lọc không khí có nên mua online không hay ra cửa hàng xem trực tiếp, tôi cần xử lý trong hôm nay?	other
Giúp tôi làm biên bản cuộc họp sao cho lịch sự và rõ ràng, tôi cần xử lý trong hôm nay.	other
Tôi cần làm biên bản cuộc họp, nên trình bày theo bố cục nào, tôi cần xử lý trong hôm nay?	other
Có mẫu nào đơn giản để làm biên bản cuộc họp không, tôi cần xử lý trong hôm nay?	other
Có cách nào giảm dung lượng ảnh trước khi gửi email không, tôi hơi gấp nên muốn biết rõ?	other
Tôi muốn làm video ngắn đăng mạng xã hội, nên dùng app nào dễ nhất, tôi hơi gấp nên muốn biết rõ?	other
Cách chọn quà sinh nhật cho bạn thân sao cho không quá đắt mà vẫn tinh tế, tôi hơi gấp nên muốn biết rõ?	other
Cách nấu cháo gà sao cho ngon và không bị nhạt vậy mọi người, tôi hơi gấp nên muốn biết rõ?	other
Tôi muốn nấu bánh mì thịt cuối tuần, nên chuẩn bị nguyên liệu gì, tôi hơi gấp nên muốn biết rõ?	other
Món cà phê sữa đá nên nêm nếm thế nào cho vừa miệng, tôi hơi gấp nên muốn biết rõ?	other
máy chiếu của tôi bị camera bị mờ, có cách nào tự sửa trước khi đem ra tiệm không, tôi hơi gấp nên muốn biết rõ?	other
Máy ổ cứng cứ bị camera bị mờ, nguyên nhân thường là gì, tôi hơi gấp nên muốn biết rõ?	other
Tôi muốn mua ổ cứng dùng học tập, nên chọn loại nào vừa tiền, tôi hơi gấp nên muốn biết rõ?	other
Dạo này giá gạo biến động mạnh, có nên theo dõi thêm trước khi mua không, tôi hơi gấp nên muốn biết rõ?	other
Cho tôi hỏi giá gạo hôm nay tăng hay giảm, nên xem nguồn nào đáng tin, tôi hơi gấp nên muốn biết rõ?	other
Người mới tìm hiểu giá gạo thì cần học những khái niệm cơ bản nào, tôi hơi gấp nên muốn biết rõ?	other
Tôi đang muốn viết báo cáo nhóm, nên bắt đầu từ tài liệu nào, tôi hơi gấp nên muốn biết rõ?	other
Có cách nào học quản lý thời gian đều đặn mỗi ngày mà không bị nản không, tôi hơi gấp nên muốn biết rõ?	other
Làm sao để tự học quản lý thời gian hiệu quả hơn trong 1 tháng, tôi hơi gấp nên muốn biết rõ?	other
Đi Quy Nhơn 3 ngày 2 đêm thì nên lên lịch trình như thế nào, tôi hơi gấp nên muốn biết rõ?	other
Du lịch Quy Nhơn mùa này có cần đặt phòng trước không, tôi hơi gấp nên muốn biết rõ?	other
Tôi muốn đi Quy Nhơn cùng gia đình, nên chọn khách sạn khu nào tiện, tôi hơi gấp nên muốn biết rõ?	other
Nên mua đèn bàn loại nào bền và đáng tiền, tôi chưa có kinh nghiệm?	other
Tôi đang phân vân mua bình giữ nhiệt, cần chú ý thông số gì, tôi chưa có kinh nghiệm?	other
bình giữ nhiệt có nên mua online không hay ra cửa hàng xem trực tiếp, tôi chưa có kinh nghiệm?	other
Giúp tôi tạo bảng theo dõi chi phí sao cho lịch sự và rõ ràng, tôi chưa có kinh nghiệm.	other
Tôi cần viết mô tả công việc, nên trình bày theo bố cục nào, tôi chưa có kinh nghiệm?	other
Có mẫu nào đơn giản để viết mô tả công việc không, tôi chưa có kinh nghiệm?	other
Thời tiết cuối tuần mà mưa thì nên đi chơi trong nhà ở đâu, tôi chưa có kinh nghiệm?	other
Tôi muốn trồng vài cây cảnh trong phòng làm việc, nên chọn cây gì dễ chăm, tôi chưa có kinh nghiệm?	other
Làm sao để sắp xếp bàn học gọn hơn mà vẫn dễ lấy đồ, tôi chưa có kinh nghiệm?	other
Có mẹo nào giúp đọc sách lâu mà không bị mất tập trung không, tôi chưa có kinh nghiệm?	other
Tôi muốn đổi mật khẩu tài khoản nhưng sợ quên, nên quản lý mật khẩu thế nào, tôi chưa có kinh nghiệm?	other
Làm sao để chuyển file Word sang PDF mà không bị lỗi font, tôi chưa có kinh nghiệm?	other
chuột máy tính của tôi bị không gõ được tiếng Việt, có cách nào tự sửa trước khi đem ra tiệm không, tôi chưa có kinh nghiệm?	other
Máy màn hình cứ bị không gõ được tiếng Việt, nguyên nhân thường là gì, tôi muốn làm cho tiết kiệm?	other
Tôi muốn mua màn hình dùng học tập, nên chọn loại nào vừa tiền, tôi muốn làm cho tiết kiệm?	other
Dạo này lãi suất tiết kiệm biến động mạnh, có nên theo dõi thêm trước khi mua không, tôi muốn làm cho tiết kiệm?	other
Cho tôi hỏi lãi suất tiết kiệm hôm nay tăng hay giảm, nên xem nguồn nào đáng tin, tôi muốn làm cho tiết kiệm?	other
Người mới tìm hiểu lãi suất tiết kiệm thì cần học những khái niệm cơ bản nào, tôi muốn làm cho tiết kiệm?	other
Tôi đang muốn học Git, nên bắt đầu từ tài liệu nào, tôi muốn làm cho tiết kiệm?	other
Có cách nào học học Git đều đặn mỗi ngày mà không bị nản không, tôi muốn làm cho tiết kiệm?	other
Làm sao để tự học học Git hiệu quả hơn trong 1 tháng, tôi muốn làm cho tiết kiệm?	other
Đi Hạ Long 3 ngày 2 đêm thì nên lên lịch trình như thế nào, tôi muốn làm cho tiết kiệm?	other
Du lịch Hạ Long mùa này có cần đặt phòng trước không, tôi muốn làm cho tiết kiệm?	other
Tôi muốn đi Hạ Long cùng gia đình, nên chọn khách sạn khu nào tiện, tôi muốn làm cho tiết kiệm?	other
Nên mua máy hút bụi loại nào bền và đáng tiền, tôi muốn làm cho tiết kiệm?	other
Tôi đang phân vân mua máy hút bụi, cần chú ý thông số gì, tôi muốn làm cho tiết kiệm?	other
máy hút bụi có nên mua online không hay ra cửa hàng xem trực tiếp, tôi muốn làm cho tiết kiệm?	other
Giúp tôi chuẩn bị nội dung thuyết trình sao cho lịch sự và rõ ràng, tôi muốn làm cho tiết kiệm.	other
Tôi cần chuẩn bị nội dung thuyết trình, nên trình bày theo bố cục nào, tôi muốn làm cho tiết kiệm?	other
Có mẫu nào đơn giản để chuẩn bị nội dung thuyết trình không, tôi muốn làm cho tiết kiệm?	other
Có mẹo nào giúp đọc sách lâu mà không bị mất tập trung không, tôi cần cách đơn giản?	other
Tôi muốn đổi mật khẩu tài khoản nhưng sợ quên, nên quản lý mật khẩu thế nào, tôi cần cách đơn giản?	other
Làm sao để chuyển file Word sang PDF mà không bị lỗi font, tôi cần cách đơn giản?	other
Có cách nào giảm dung lượng ảnh trước khi gửi email không, tôi cần cách đơn giản?	other
Tôi muốn làm video ngắn đăng mạng xã hội, nên dùng app nào dễ nhất, tôi cần cách đơn giản?	other
Cách chọn quà sinh nhật cho bạn thân sao cho không quá đắt mà vẫn tinh tế, tôi cần cách đơn giản?	other
Cách nấu cháo gà sao cho ngon và không bị nhạt vậy mọi người, tôi cần cách đơn giản?	other
Tôi muốn nấu bánh mì thịt cuối tuần, nên chuẩn bị nguyên liệu gì, tôi cần cách đơn giản?	other
Món cà phê sữa đá nên nêm nếm thế nào cho vừa miệng, tôi cần cách đơn giản?	other
wifi của tôi bị pin tụt nhanh, có cách nào tự sửa trước khi đem ra tiệm không, tôi cần cách đơn giản?	other
Máy tai nghe cứ bị pin tụt nhanh, nguyên nhân thường là gì, tôi cần cách đơn giản?	other
Tôi muốn mua tai nghe dùng học tập, nên chọn loại nào vừa tiền, tôi cần cách đơn giản?	other
Dạo này VN-Index biến động mạnh, có nên theo dõi thêm trước khi mua không, tôi cần cách đơn giản?	other
Cho tôi hỏi VN-Index hôm nay tăng hay giảm, nên xem nguồn nào đáng tin, tôi cần cách đơn giản?	other
Người mới tìm hiểu VN-Index thì cần học những khái niệm cơ bản nào, tôi cần cách đơn giản?	other
Tôi đang muốn học Python, nên bắt đầu từ tài liệu nào, tôi cần cách đơn giản?	other
Có cách nào học học Python đều đặn mỗi ngày mà không bị nản không, tôi cần cách đơn giản?	other
Làm sao để tự học học Python hiệu quả hơn trong 1 tháng, tôi cần cách đơn giản?	other
Đi Nha Trang 3 ngày 2 đêm thì nên lên lịch trình như thế nào, tôi muốn tránh mua sai?	other
Du lịch Nha Trang mùa này có cần đặt phòng trước không, tôi muốn tránh mua sai?	other
Tôi muốn đi Nha Trang cùng gia đình, nên chọn khách sạn khu nào tiện, tôi muốn tránh mua sai?	other
Nên mua tai nghe chống ồn loại nào bền và đáng tiền, tôi muốn tránh mua sai?	other
Tôi đang phân vân mua tai nghe chống ồn, cần chú ý thông số gì, tôi muốn tránh mua sai?	other
tai nghe chống ồn có nên mua online không hay ra cửa hàng xem trực tiếp, tôi muốn tránh mua sai?	other
Giúp tôi lập kế hoạch học tập sao cho lịch sự và rõ ràng, tôi muốn tránh mua sai.	other
Tôi cần lập kế hoạch học tập, nên trình bày theo bố cục nào, tôi muốn tránh mua sai?	other
Có mẫu nào đơn giản để lập kế hoạch học tập không, tôi muốn tránh mua sai?	other
Thời tiết cuối tuần mà mưa thì nên đi chơi trong nhà ở đâu, tôi muốn tránh mua sai?	other
Tôi muốn trồng vài cây cảnh trong phòng làm việc, nên chọn cây gì dễ chăm, tôi muốn tránh mua sai?	other
Làm sao để sắp xếp bàn học gọn hơn mà vẫn dễ lấy đồ, tôi muốn tránh mua sai?	other
Tôi muốn nấu bún chả cuối tuần, nên chuẩn bị nguyên liệu gì, tôi cần chuẩn bị trước?	other
Món mì Quảng nên nêm nếm thế nào cho vừa miệng, tôi cần chuẩn bị trước?	other
điện thoại của tôi bị bị chậm bất thường, có cách nào tự sửa trước khi đem ra tiệm không, tôi cần chuẩn bị trước?	other
Máy máy tính bàn cứ bị bị chậm bất thường, nguyên nhân thường là gì, tôi cần chuẩn bị trước?	other
Tôi muốn mua máy tính bàn dùng học tập, nên chọn loại nào vừa tiền, tôi cần chuẩn bị trước?	other
Dạo này đô la biến động mạnh, có nên theo dõi thêm trước khi mua không, tôi cần chuẩn bị trước?	other
Cho tôi hỏi đô la hôm nay tăng hay giảm, nên xem nguồn nào đáng tin, tôi cần chuẩn bị trước?	other
Người mới tìm hiểu đô la thì cần học những khái niệm cơ bản nào, tôi cần chuẩn bị trước?	other
Tôi đang muốn làm slide thuyết trình, nên bắt đầu từ tài liệu nào, tôi cần chuẩn bị trước?	other
Có cách nào học làm slide thuyết trình đều đặn mỗi ngày mà không bị nản không, tôi cần chuẩn bị trước?	other
Làm sao để tự học ôn thi IELTS hiệu quả hơn trong 1 tháng, tôi cần chuẩn bị trước?	other
Đi Phú Quốc 3 ngày 2 đêm thì nên lên lịch trình như thế nào, tôi cần chuẩn bị trước?	other
Du lịch Phú Quốc mùa này có cần đặt phòng trước không, tôi cần chuẩn bị trước?	other
Tôi muốn đi Hội An cùng gia đình, nên chọn khách sạn khu nào tiện, tôi cần chuẩn bị trước?	other
Nên mua bàn học loại nào bền và đáng tiền, tôi cần chuẩn bị trước?	other
Tôi đang phân vân mua bàn học, cần chú ý thông số gì, tôi cần chuẩn bị trước?	other
quạt máy có nên mua online không hay ra cửa hàng xem trực tiếp, tôi cần chuẩn bị trước?	other
Giúp tôi viết báo cáo tiến độ sao cho lịch sự và rõ ràng, tôi cần chuẩn bị trước.	other
Tôi cần viết báo cáo tiến độ, nên trình bày theo bố cục nào, tôi cần chuẩn bị trước?	other
Thời tiết cuối tuần mà mưa thì nên đi chơi trong nhà ở đâu, tôi muốn tự làm ở nhà?	other
Tôi muốn trồng vài cây cảnh trong phòng làm việc, nên chọn cây gì dễ chăm, tôi muốn tự làm ở nhà?	other
Làm sao để sắp xếp bàn học gọn hơn mà vẫn dễ lấy đồ, tôi muốn tự làm ở nhà?	other
Có mẹo nào giúp đọc sách lâu mà không bị mất tập trung không, tôi muốn tự làm ở nhà?	other
Tôi muốn đổi mật khẩu tài khoản nhưng sợ quên, nên quản lý mật khẩu thế nào, tôi muốn tự làm ở nhà?	other
Làm sao để chuyển file Word sang PDF mà không bị lỗi font, tôi muốn tự làm ở nhà?	other
Có cách nào giảm dung lượng ảnh trước khi gửi email không, tôi muốn tự làm ở nhà?	other
Tôi muốn làm video ngắn đăng mạng xã hội, nên dùng app nào dễ nhất, tôi muốn tự làm ở nhà?	other
Cách chọn quà sinh nhật cho bạn thân sao cho không quá đắt mà vẫn tinh tế, tôi muốn tự làm ở nhà?	other
Cách nấu cháo gà sao cho ngon và không bị nhạt vậy mọi người, tôi muốn tự làm ở nhà?	other
Tôi muốn nấu bánh mì thịt cuối tuần, nên chuẩn bị nguyên liệu gì, tôi muốn tự làm ở nhà?	other
máy ảnh của tôi bị nóng máy, có cách nào tự sửa trước khi đem ra tiệm không, tôi muốn tự làm ở nhà?	other
Máy tablet cứ bị nóng máy, nguyên nhân thường là gì, tôi muốn tự làm ở nhà?	other
Tôi muốn mua tablet dùng học tập, nên chọn loại nào vừa tiền, tôi muốn tự làm ở nhà?	other
Dạo này giá xăng biến động mạnh, có nên theo dõi thêm trước khi mua không, tôi muốn tự làm ở nhà?	other
Cho tôi hỏi giá xăng hôm nay tăng hay giảm, nên xem nguồn nào đáng tin, tôi muốn tự làm ở nhà?	other
Người mới tìm hiểu giá xăng thì cần học những khái niệm cơ bản nào, tôi muốn tự làm ở nhà?	other
Tôi đang muốn ghi chú bài học, nên bắt đầu từ tài liệu nào, tôi đang phân vân?	other
Có cách nào học ghi chú bài học đều đặn mỗi ngày mà không bị nản không, tôi đang phân vân?	other
Làm sao để tự học ghi chú bài học hiệu quả hơn trong 1 tháng, tôi đang phân vân?	other
Đi Hà Nội 3 ngày 2 đêm thì nên lên lịch trình như thế nào, tôi đang phân vân?	other
Du lịch Hà Nội mùa này có cần đặt phòng trước không, tôi đang phân vân?	other
Tôi muốn đi Hà Nội cùng gia đình, nên chọn khách sạn khu nào tiện, tôi đang phân vân?	other
Nên mua giày chạy bộ loại nào bền và đáng tiền, tôi đang phân vân?	other
Tôi đang phân vân mua giày chạy bộ, cần chú ý thông số gì, tôi đang phân vân?	other
giày chạy bộ có nên mua online không hay ra cửa hàng xem trực tiếp, tôi đang phân vân?	other
Giúp tôi viết email xin nghỉ phép sao cho lịch sự và rõ ràng, tôi đang phân vân.	other
Tôi cần viết email xin nghỉ phép, nên trình bày theo bố cục nào, tôi đang phân vân?	other
Có mẫu nào đơn giản để viết email xin nghỉ phép không, tôi đang phân vân?	other
Cách chọn quà sinh nhật cho bạn thân sao cho không quá đắt mà vẫn tinh tế, tôi cần gợi ý nhanh?	other
Cách nấu phở bò sao cho ngon và không bị nhạt vậy mọi người, tôi cần gợi ý nhanh?	other
Tôi muốn nấu bún chả cuối tuần, nên chuẩn bị nguyên liệu gì, tôi cần gợi ý nhanh?	other
Món mì Quảng nên nêm nếm thế nào cho vừa miệng, tôi cần gợi ý nhanh?	other
router của tôi bị ứng dụng bị văng ra ngoài, có cách nào tự sửa trước khi đem ra tiệm không, tôi cần gợi ý nhanh?	other
Máy micro cứ bị ứng dụng bị văng ra ngoài, nguyên nhân thường là gì, tôi cần gợi ý nhanh?	other
Tôi muốn mua micro dùng học tập, nên chọn loại nào vừa tiền, tôi cần gợi ý nhanh?	other
Dạo này cổ phiếu biến động mạnh, có nên theo dõi thêm trước khi mua không, tôi cần gợi ý nhanh?	other
Cho tôi hỏi cổ phiếu hôm nay tăng hay giảm, nên xem nguồn nào đáng tin, tôi cần gợi ý nhanh?	other
Người mới tìm hiểu cổ phiếu thì cần học những khái niệm cơ bản nào, tôi cần gợi ý nhanh?	other
Tôi đang muốn làm bài tập lập trình, nên bắt đầu từ tài liệu nào, tôi cần gợi ý nhanh?	other
Có cách nào học làm bài tập lập trình đều đặn mỗi ngày mà không bị nản không, tôi cần gợi ý nhanh?	other
Làm sao để tự học làm bài tập lập trình hiệu quả hơn trong 1 tháng, tôi cần gợi ý nhanh?	other
Đi Vũng Tàu 3 ngày 2 đêm thì nên lên lịch trình như thế nào, tôi cần gợi ý nhanh?	other
Du lịch Vũng Tàu mùa này có cần đặt phòng trước không, tôi cần gợi ý nhanh?	other
Tôi muốn đi Vũng Tàu cùng gia đình, nên chọn khách sạn khu nào tiện, tôi cần gợi ý nhanh?	other
Nên mua nồi chiên không dầu loại nào bền và đáng tiền, tôi cần gợi ý nhanh?	other
Tôi đang phân vân mua nồi chiên không dầu, cần chú ý thông số gì, tôi cần gợi ý nhanh?	other
nồi chiên không dầu có nên mua online không hay ra cửa hàng xem trực tiếp, tôi muốn làm cho gia đình?	other
Giúp tôi lập kế hoạch bán hàng sao cho lịch sự và rõ ràng, tôi muốn làm cho gia đình.	other
Tôi cần lập kế hoạch bán hàng, nên trình bày theo bố cục nào, tôi muốn làm cho gia đình?	other
Có mẫu nào đơn giản để lập kế hoạch bán hàng không, tôi muốn làm cho gia đình?	other
Thời tiết cuối tuần mà mưa thì nên đi chơi trong nhà ở đâu, tôi muốn làm cho gia đình?	other
Tôi muốn trồng vài cây cảnh trong phòng làm việc, nên chọn cây gì dễ chăm, tôi muốn làm cho gia đình?	other
Làm sao để sắp xếp bàn học gọn hơn mà vẫn dễ lấy đồ, tôi muốn làm cho gia đình?	other
Có mẹo nào giúp đọc sách lâu mà không bị mất tập trung không, tôi muốn làm cho gia đình?	other
Tôi muốn đổi mật khẩu tài khoản nhưng sợ quên, nên quản lý mật khẩu thế nào, tôi muốn làm cho gia đình?	other
Làm sao để chuyển file Word sang PDF mà không bị lỗi font, tôi muốn làm cho gia đình?	other
Có cách nào giảm dung lượng ảnh trước khi gửi email không, tôi muốn làm cho gia đình?	other
Tôi muốn làm video ngắn đăng mạng xã hội, nên dùng app nào dễ nhất, tôi muốn làm cho gia đình?	other
máy chiếu của tôi bị không nhận USB, có cách nào tự sửa trước khi đem ra tiệm không, tôi muốn làm cho gia đình?	other
Máy ổ cứng cứ bị không nhận USB, nguyên nhân thường là gì, tôi muốn làm cho gia đình?	other
Tôi muốn mua ổ cứng dùng học tập, nên chọn loại nào vừa tiền, tôi muốn làm cho gia đình?	other
Cho tôi hỏi quỹ ETF hôm nay tăng hay giảm, nên xem nguồn nào đáng tin, hỏi giúp bạn tôi?	other
Người mới tìm hiểu quỹ ETF thì cần học những khái niệm cơ bản nào, hỏi giúp bạn tôi?	other
Đi Côn Đảo 3 ngày 2 đêm thì nên lên lịch trình như thế nào, hỏi giúp bạn tôi?	other
Du lịch Côn Đảo mùa này có cần đặt phòng trước không, hỏi giúp bạn tôi?	other
Tôi muốn đi Côn Đảo cùng gia đình, nên chọn khách sạn khu nào tiện, hỏi giúp bạn tôi?	other
Nên mua ghế công thái học loại nào bền và đáng tiền, hỏi giúp bạn tôi?	other
Tôi đang phân vân mua ghế công thái học, cần chú ý thông số gì, hỏi giúp bạn tôi?	other
ghế công thái học có nên mua online không hay ra cửa hàng xem trực tiếp, hỏi giúp bạn tôi?	other
Giúp tôi làm biên bản cuộc họp sao cho lịch sự và rõ ràng, hỏi giúp bạn tôi.	other
Tôi cần làm biên bản cuộc họp, nên trình bày theo bố cục nào, hỏi giúp bạn tôi?	other
Có mẫu nào đơn giản để làm biên bản cuộc họp không, hỏi giúp bạn tôi?	other
Cách nấu phở bò sao cho ngon và không bị nhạt vậy mọi người, tôi cần xử lý trong hôm nay?	other
Tôi muốn nấu bún chả cuối tuần, nên chuẩn bị nguyên liệu gì, tôi cần xử lý trong hôm nay?	other
Món mì Quảng nên nêm nếm thế nào cho vừa miệng, tôi cần xử lý trong hôm nay?	other
chuột máy tính của tôi bị rớt mạng, có cách nào tự sửa trước khi đem ra tiệm không, tôi cần xử lý trong hôm nay?	other
Máy màn hình cứ bị rớt mạng, nguyên nhân thường là gì, tôi cần xử lý trong hôm nay?	other
Tôi muốn mua màn hình dùng học tập, nên chọn loại nào vừa tiền, tôi cần xử lý trong hôm nay?	other
Dạo này giá gạo biến động mạnh, có nên theo dõi thêm trước khi mua không, tôi cần xử lý trong hôm nay?	other
Cho tôi hỏi giá gạo hôm nay tăng hay giảm, nên xem nguồn nào đáng tin, tôi cần xử lý trong hôm nay?	other
Người mới tìm hiểu giá gạo thì cần học những khái niệm cơ bản nào, tôi cần xử lý trong hôm nay?	other
Tôi đang muốn ôn thi IELTS, nên bắt đầu từ tài liệu nào, tôi cần xử lý trong hôm nay?	other
Có cách nào học học machine learning đều đặn mỗi ngày mà không bị nản không, tôi cần xử lý trong hôm nay?	other
Làm sao để tự học học machine learning hiệu quả hơn trong 1 tháng, tôi cần xử lý trong hôm nay?	other
Đi Ninh Bình 3 ngày 2 đêm thì nên lên lịch trình như thế nào, tôi cần xử lý trong hôm nay?	other
Du lịch Ninh Bình mùa này có cần đặt phòng trước không, tôi cần xử lý trong hôm nay?	other
Tôi muốn đi Ninh Bình cùng gia đình, nên chọn khách sạn khu nào tiện, tôi hơi gấp nên muốn biết rõ?	other
Nên mua tủ lạnh mini loại nào bền và đáng tiền, tôi hơi gấp nên muốn biết rõ?	other
Tôi đang phân vân mua tủ lạnh mini, cần chú ý thông số gì, tôi hơi gấp nên muốn biết rõ?	other
tủ lạnh mini có nên mua online không hay ra cửa hàng xem trực tiếp, tôi hơi gấp nên muốn biết rõ?	other
Giúp tôi viết mô tả công việc sao cho lịch sự và rõ ràng, tôi hơi gấp nên muốn biết rõ.	other
Tôi cần viết mô tả công việc, nên trình bày theo bố cục nào, tôi hơi gấp nên muốn biết rõ?	other
Có mẫu nào đơn giản để viết mô tả công việc không, tôi hơi gấp nên muốn biết rõ?	other
wifi của tôi bị camera bị mờ, có cách nào tự sửa trước khi đem ra tiệm không, tôi chưa có kinh nghiệm?	other
Máy tai nghe cứ bị camera bị mờ, nguyên nhân thường là gì, tôi chưa có kinh nghiệm?	other
Tôi muốn mua tai nghe dùng học tập, nên chọn loại nào vừa tiền, tôi chưa có kinh nghiệm?	other
Dạo này lãi suất tiết kiệm biến động mạnh, có nên theo dõi thêm trước khi mua không, tôi chưa có kinh nghiệm?	other
Cho tôi hỏi lãi suất tiết kiệm hôm nay tăng hay giảm, nên xem nguồn nào đáng tin, tôi chưa có kinh nghiệm?	other
Người mới tìm hiểu lãi suất tiết kiệm thì cần học những khái niệm cơ bản nào, tôi chưa có kinh nghiệm?	other
Tôi đang muốn luyện phỏng vấn, nên bắt đầu từ tài liệu nào, tôi chưa có kinh nghiệm?	other
Đi Đà Nẵng 3 ngày 2 đêm thì nên lên lịch trình như thế nào, tôi chưa có kinh nghiệm?	other
Du lịch Đà Nẵng mùa này có cần đặt phòng trước không, tôi chưa có kinh nghiệm?	other
Tôi muốn đi Đà Nẵng cùng gia đình, nên chọn khách sạn khu nào tiện, tôi chưa có kinh nghiệm?	other
Nên mua vali kéo loại nào bền và đáng tiền, tôi chưa có kinh nghiệm?	other
Tôi đang phân vân mua vali kéo, cần chú ý thông số gì, tôi chưa có kinh nghiệm?	other
vali kéo có nên mua online không hay ra cửa hàng xem trực tiếp, tôi chưa có kinh nghiệm?	other
Giúp tôi soạn tin nhắn cho khách hàng sao cho lịch sự và rõ ràng, tôi chưa có kinh nghiệm.	other
Tôi cần soạn tin nhắn cho khách hàng, nên trình bày theo bố cục nào, tôi chưa có kinh nghiệm?	other
Có mẫu nào đơn giản để soạn tin nhắn cho khách hàng không, tôi chưa có kinh nghiệm?	other
Cách nấu phở bò sao cho ngon và không bị nhạt vậy mọi người, tôi muốn làm cho tiết kiệm?	other
Tôi muốn nấu bún chả cuối tuần, nên chuẩn bị nguyên liệu gì, tôi muốn làm cho tiết kiệm?	other
Món mì Quảng nên nêm nếm thế nào cho vừa miệng, tôi muốn làm cho tiết kiệm?	other
điện thoại của tôi bị không gõ được tiếng Việt, có cách nào tự sửa trước khi đem ra tiệm không, tôi muốn làm cho tiết kiệm?	other
Máy máy tính bàn cứ bị không gõ được tiếng Việt, nguyên nhân thường là gì, tôi muốn làm cho tiết kiệm?	other
Tôi muốn mua máy tính bàn dùng học tập, nên chọn loại nào vừa tiền, tôi muốn làm cho tiết kiệm?	other
Dạo này VN-Index biến động mạnh, có nên theo dõi thêm trước khi mua không, tôi muốn làm cho tiết kiệm?	other
Cho tôi hỏi VN-Index hôm nay tăng hay giảm, nên xem nguồn nào đáng tin, tôi muốn làm cho tiết kiệm?	other
Người mới tìm hiểu VN-Index thì cần học những khái niệm cơ bản nào, tôi muốn làm cho tiết kiệm?	other
Tôi đang muốn đọc tài liệu tiếng Anh, nên bắt đầu từ tài liệu nào, tôi muốn làm cho tiết kiệm?	other
Có cách nào học đọc tài liệu tiếng Anh đều đặn mỗi ngày mà không bị nản không, tôi muốn làm cho tiết kiệm?	other
Đi Huế 3 ngày 2 đêm thì nên lên lịch trình như thế nào, tôi cần cách đơn giản?	other
Du lịch Huế mùa này có cần đặt phòng trước không, tôi cần cách đơn giản?	other
Tôi muốn đi Huế cùng gia đình, nên chọn khách sạn khu nào tiện, tôi cần cách đơn giản?	other
Nên mua máy pha cà phê loại nào bền và đáng tiền, tôi cần cách đơn giản?	other
Tôi đang phân vân mua máy pha cà phê, cần chú ý thông số gì, tôi cần cách đơn giản?	other
máy pha cà phê có nên mua online không hay ra cửa hàng xem trực tiếp, tôi cần cách đơn giản?	other
Giúp tôi lập kế hoạch học tập sao cho lịch sự và rõ ràng, tôi cần cách đơn giản.	other
Tôi cần lập kế hoạch học tập, nên trình bày theo bố cục nào, tôi cần cách đơn giản?	other
Có mẫu nào đơn giản để lập kế hoạch học tập không, tôi cần cách đơn giản?	other
Cách nấu cháo gà sao cho ngon và không bị nhạt vậy mọi người, tôi muốn tránh mua sai?	other
Tôi muốn nấu bánh mì thịt cuối tuần, nên chuẩn bị nguyên liệu gì, tôi muốn tránh mua sai?	other
Món cà phê sữa đá nên nêm nếm thế nào cho vừa miệng, tôi muốn tránh mua sai?	other
máy ảnh của tôi bị pin tụt nhanh, có cách nào tự sửa trước khi đem ra tiệm không, tôi muốn tránh mua sai?	other
Máy tablet cứ bị pin tụt nhanh, nguyên nhân thường là gì, tôi muốn tránh mua sai?	other
Tôi muốn mua tablet dùng học tập, nên chọn loại nào vừa tiền, tôi muốn tránh mua sai?	other
Dạo này đô la biến động mạnh, có nên theo dõi thêm trước khi mua không, tôi muốn tránh mua sai?	other
Cho tôi hỏi đô la hôm nay tăng hay giảm, nên xem nguồn nào đáng tin, tôi muốn tránh mua sai?	other
Người mới tìm hiểu đô la thì cần học những khái niệm cơ bản nào, tôi muốn tránh mua sai?	other
Làm sao để tự học viết CV hiệu quả hơn trong 1 tháng, tôi muốn tránh mua sai?	other
Đi Sapa 3 ngày 2 đêm thì nên lên lịch trình như thế nào, tôi muốn tránh mua sai?	other
Du lịch Cần Thơ mùa này có cần đặt phòng trước không, tôi muốn tránh mua sai?	other
Tôi muốn đi Cần Thơ cùng gia đình, nên chọn khách sạn khu nào tiện, tôi muốn tránh mua sai?	other
Nên mua balo đi học loại nào bền và đáng tiền, tôi muốn tránh mua sai?	other
Tôi đang phân vân mua balo đi học, cần chú ý thông số gì, tôi muốn tránh mua sai?	other
balo đi học có nên mua online không hay ra cửa hàng xem trực tiếp, tôi muốn tránh mua sai?	other
Giúp tôi viết báo cáo tiến độ sao cho lịch sự và rõ ràng, tôi muốn tránh mua sai.	other
Có mẫu nào đơn giản để viết báo cáo tiến độ không, tôi cần chuẩn bị trước?	other
Cách nấu phở bò sao cho ngon và không bị nhạt vậy mọi người, tôi cần chuẩn bị trước?	other
router của tôi bị bị chậm bất thường, có cách nào tự sửa trước khi đem ra tiệm không, tôi cần chuẩn bị trước?	other
Máy micro cứ bị bị chậm bất thường, nguyên nhân thường là gì, tôi cần chuẩn bị trước?	other
Tôi muốn mua micro dùng học tập, nên chọn loại nào vừa tiền, tôi cần chuẩn bị trước?	other
Dạo này giá xăng biến động mạnh, có nên theo dõi thêm trước khi mua không, tôi cần chuẩn bị trước?	other
Cho tôi hỏi giá xăng hôm nay tăng hay giảm, nên xem nguồn nào đáng tin, tôi cần chuẩn bị trước?	other
Tôi đang muốn viết báo cáo nhóm, nên bắt đầu từ tài liệu nào, tôi muốn tự làm ở nhà?	other
Có cách nào học viết báo cáo nhóm đều đặn mỗi ngày mà không bị nản không, tôi muốn tự làm ở nhà?	other
Đi Quy Nhơn 3 ngày 2 đêm thì nên lên lịch trình như thế nào, tôi muốn tự làm ở nhà?	other
Du lịch Quy Nhơn mùa này có cần đặt phòng trước không, tôi muốn tự làm ở nhà?	other
Tôi muốn đi Quy Nhơn cùng gia đình, nên chọn khách sạn khu nào tiện, tôi muốn tự làm ở nhà?	other
Nên mua áo khoác chống nắng loại nào bền và đáng tiền, tôi muốn tự làm ở nhà?	other
Tôi đang phân vân mua áo khoác chống nắng, cần chú ý thông số gì, tôi muốn tự làm ở nhà?	other
áo khoác chống nắng có nên mua online không hay ra cửa hàng xem trực tiếp, tôi muốn tự làm ở nhà?	other
Giúp tôi viết email xin nghỉ phép sao cho lịch sự và rõ ràng, tôi muốn tự làm ở nhà.	other
Tôi cần viết email xin nghỉ phép, nên trình bày theo bố cục nào, tôi muốn tự làm ở nhà?	other
Có mẫu nào đơn giản để viết email xin nghỉ phép không, tôi muốn tự làm ở nhà?	other
Cách nấu cháo gà sao cho ngon và không bị nhạt vậy mọi người, tôi đang phân vân?	other
Tôi muốn nấu bánh mì thịt cuối tuần, nên chuẩn bị nguyên liệu gì, tôi đang phân vân?	other
Món cà phê sữa đá nên nêm nếm thế nào cho vừa miệng, tôi đang phân vân?	other
máy chiếu của tôi bị nóng máy, có cách nào tự sửa trước khi đem ra tiệm không, tôi đang phân vân?	other
Máy ổ cứng cứ bị nóng máy, nguyên nhân thường là gì, tôi đang phân vân?	other
Tôi muốn mua ổ cứng dùng học tập, nên chọn loại nào vừa tiền, tôi đang phân vân?	other
Dạo này cổ phiếu biến động mạnh, có nên theo dõi thêm trước khi mua không, tôi đang phân vân?	other
Cho tôi hỏi cổ phiếu hôm nay tăng hay giảm, nên xem nguồn nào đáng tin, tôi đang phân vân?	other
Người mới tìm hiểu cổ phiếu thì cần học những khái niệm cơ bản nào, tôi đang phân vân?	other
Có cách nào học học Excel đều đặn mỗi ngày mà không bị nản không, tôi đang phân vân?	other
Làm sao để tự học học Excel hiệu quả hơn trong 1 tháng, tôi đang phân vân?	other
Đi Hạ Long 3 ngày 2 đêm thì nên lên lịch trình như thế nào, tôi đang phân vân?	other
Du lịch Hạ Long mùa này có cần đặt phòng trước không, tôi đang phân vân?	other
Tôi muốn đi Hạ Long cùng gia đình, nên chọn khách sạn khu nào tiện, tôi đang phân vân?	other
Nên mua máy lọc không khí loại nào bền và đáng tiền, tôi đang phân vân?	other
Tôi đang phân vân mua máy lọc không khí, cần chú ý thông số gì, tôi cần gợi ý nhanh?	other
máy lọc không khí có nên mua online không hay ra cửa hàng xem trực tiếp, tôi cần gợi ý nhanh?	other
Giúp tôi sắp xếp lịch họp sao cho lịch sự và rõ ràng, tôi cần gợi ý nhanh.	other
Tôi cần sắp xếp lịch họp, nên trình bày theo bố cục nào, tôi cần gợi ý nhanh?	other
Có mẫu nào đơn giản để sắp xếp lịch họp không, tôi cần gợi ý nhanh?	other
chuột máy tính của tôi bị ứng dụng bị văng ra ngoài, có cách nào tự sửa trước khi đem ra tiệm không, tôi cần gợi ý nhanh?	other
Máy màn hình cứ bị ứng dụng bị văng ra ngoài, nguyên nhân thường là gì, tôi cần gợi ý nhanh?	other
Tôi muốn mua màn hình dùng học tập, nên chọn loại nào vừa tiền, tôi muốn làm cho gia đình?	other
Dạo này quỹ ETF biến động mạnh, có nên theo dõi thêm trước khi mua không, tôi muốn làm cho gia đình?	other
Cho tôi hỏi quỹ ETF hôm nay tăng hay giảm, nên xem nguồn nào đáng tin, tôi muốn làm cho gia đình?	other
Người mới tìm hiểu quỹ ETF thì cần học những khái niệm cơ bản nào, tôi muốn làm cho gia đình?	other
Đi Nha Trang 3 ngày 2 đêm thì nên lên lịch trình như thế nào, tôi muốn làm cho gia đình?	other
Du lịch Nha Trang mùa này có cần đặt phòng trước không, tôi muốn làm cho gia đình?	other
Tôi muốn đi Nha Trang cùng gia đình, nên chọn khách sạn khu nào tiện, tôi muốn làm cho gia đình?	other
Nên mua đèn bàn loại nào bền và đáng tiền, tôi muốn làm cho gia đình?	other
Tôi đang phân vân mua bình giữ nhiệt, cần chú ý thông số gì, tôi muốn làm cho gia đình?	other
bình giữ nhiệt có nên mua online không hay ra cửa hàng xem trực tiếp, tôi muốn làm cho gia đình?	other
Giúp tôi làm biên bản cuộc họp sao cho lịch sự và rõ ràng, tôi muốn làm cho gia đình.	other
Tôi cần làm biên bản cuộc họp, nên trình bày theo bố cục nào, tôi muốn làm cho gia đình?	other
Có mẫu nào đơn giản để tạo bảng theo dõi chi phí không, tôi muốn làm cho gia đình?	other
Cách nấu cháo gà sao cho ngon và không bị nhạt vậy mọi người, hỏi giúp bạn tôi?	other
Tôi muốn nấu bánh mì thịt cuối tuần, nên chuẩn bị nguyên liệu gì, hỏi giúp bạn tôi?	other
Món cà phê sữa đá nên nêm nếm thế nào cho vừa miệng, hỏi giúp bạn tôi?	other
wifi của tôi bị không nhận USB, có cách nào tự sửa trước khi đem ra tiệm không, hỏi giúp bạn tôi?	other
Máy tai nghe cứ bị không nhận USB, nguyên nhân thường là gì, hỏi giúp bạn tôi?	other
Tôi muốn mua tai nghe dùng học tập, nên chọn loại nào vừa tiền, hỏi giúp bạn tôi?	other
Dạo này giá gạo biến động mạnh, có nên theo dõi thêm trước khi mua không, hỏi giúp bạn tôi?	other
Cho tôi hỏi giá gạo hôm nay tăng hay giảm, nên xem nguồn nào đáng tin, hỏi giúp bạn tôi?	other
Người mới tìm hiểu giá gạo thì cần học những khái niệm cơ bản nào, hỏi giúp bạn tôi?	other
Tôi đang muốn viết CV, nên bắt đầu từ tài liệu nào, hỏi giúp bạn tôi?	other
Có cách nào học làm slide thuyết trình đều đặn mỗi ngày mà không bị nản không, hỏi giúp bạn tôi?	other
Làm sao để tự học làm slide thuyết trình hiệu quả hơn trong 1 tháng, hỏi giúp bạn tôi?	other
Đi Phú Quốc 3 ngày 2 đêm thì nên lên lịch trình như thế nào, hỏi giúp bạn tôi?	other
Du lịch Phú Quốc mùa này có cần đặt phòng trước không, tôi cần xử lý trong hôm nay?	other
Tôi muốn đi Hội An cùng gia đình, nên chọn khách sạn khu nào tiện, tôi cần xử lý trong hôm nay?	other
Nên mua máy hút bụi loại nào bền và đáng tiền, tôi cần xử lý trong hôm nay?	other
Tôi đang phân vân mua máy hút bụi, cần chú ý thông số gì, tôi cần xử lý trong hôm nay?	other
máy hút bụi có nên mua online không hay ra cửa hàng xem trực tiếp, tôi cần xử lý trong hôm nay?	other
Giúp tôi viết mô tả công việc sao cho lịch sự và rõ ràng, tôi cần xử lý trong hôm nay.	other
Tôi cần viết mô tả công việc, nên trình bày theo bố cục nào, tôi cần xử lý trong hôm nay?	other
Có mẫu nào đơn giản để viết mô tả công việc không, tôi cần xử lý trong hôm nay?	other
Món mì Quảng nên nêm nếm thế nào cho vừa miệng, tôi hơi gấp nên muốn biết rõ?	other
điện thoại của tôi bị rớt mạng, có cách nào tự sửa trước khi đem ra tiệm không, tôi hơi gấp nên muốn biết rõ?	other
Máy máy tính bàn cứ bị rớt mạng, nguyên nhân thường là gì, tôi hơi gấp nên muốn biết rõ?	other
Tôi muốn mua máy tính bàn dùng học tập, nên chọn loại nào vừa tiền, tôi hơi gấp nên muốn biết rõ?	other
Dạo này lãi suất tiết kiệm biến động mạnh, có nên theo dõi thêm trước khi mua không, tôi hơi gấp nên muốn biết rõ?	other
Cho tôi hỏi lãi suất tiết kiệm hôm nay tăng hay giảm, nên xem nguồn nào đáng tin, tôi hơi gấp nên muốn biết rõ?	other
Người mới tìm hiểu lãi suất tiết kiệm thì cần học những khái niệm cơ bản nào, tôi hơi gấp nên muốn biết rõ?	other
Tôi đang muốn quản lý thời gian, nên bắt đầu từ tài liệu nào, tôi hơi gấp nên muốn biết rõ?	other
Đi Hà Nội 3 ngày 2 đêm thì nên lên lịch trình như thế nào, tôi hơi gấp nên muốn biết rõ?	other
Du lịch Hà Nội mùa này có cần đặt phòng trước không, tôi hơi gấp nên muốn biết rõ?	other
Tôi muốn đi Hà Nội cùng gia đình, nên chọn khách sạn khu nào tiện, tôi hơi gấp nên muốn biết rõ?	other
Nên mua tai nghe chống ồn loại nào bền và đáng tiền, tôi hơi gấp nên muốn biết rõ?	other
Tôi đang phân vân mua tai nghe chống ồn, cần chú ý thông số gì, tôi hơi gấp nên muốn biết rõ?	other
tai nghe chống ồn có nên mua online không hay ra cửa hàng xem trực tiếp, tôi hơi gấp nên muốn biết rõ?	other
Giúp tôi soạn tin nhắn cho khách hàng sao cho lịch sự và rõ ràng, tôi hơi gấp nên muốn biết rõ.	other
Tôi cần soạn tin nhắn cho khách hàng, nên trình bày theo bố cục nào, tôi hơi gấp nên muốn biết rõ?	other
Có mẫu nào đơn giản để soạn tin nhắn cho khách hàng không, tôi hơi gấp nên muốn biết rõ?	other
Cách nấu cháo gà sao cho ngon và không bị nhạt vậy mọi người, tôi chưa có kinh nghiệm?	other
Tôi muốn nấu bánh mì thịt cuối tuần, nên chuẩn bị nguyên liệu gì, tôi chưa có kinh nghiệm?	other
Món cà phê sữa đá nên nêm nếm thế nào cho vừa miệng, tôi chưa có kinh nghiệm?	other
máy ảnh của tôi bị camera bị mờ, có cách nào tự sửa trước khi đem ra tiệm không, tôi chưa có kinh nghiệm?	other
Máy tablet cứ bị camera bị mờ, nguyên nhân thường là gì, tôi chưa có kinh nghiệm?	other
Tôi muốn mua tablet dùng học tập, nên chọn loại nào vừa tiền, tôi chưa có kinh nghiệm?	other
Dạo này VN-Index biến động mạnh, có nên theo dõi thêm trước khi mua không, tôi chưa có kinh nghiệm?	other
Cho tôi hỏi VN-Index hôm nay tăng hay giảm, nên xem nguồn nào đáng tin, tôi chưa có kinh nghiệm?	other
Người mới tìm hiểu VN-Index thì cần học những khái niệm cơ bản nào, tôi chưa có kinh nghiệm?	other
Tôi đang muốn học Git, nên bắt đầu từ tài liệu nào, tôi chưa có kinh nghiệm?	other
Đi Vũng Tàu 3 ngày 2 đêm thì nên lên lịch trình như thế nào, tôi muốn làm cho tiết kiệm?	other
Du lịch Vũng Tàu mùa này có cần đặt phòng trước không, tôi muốn làm cho tiết kiệm?	other
Tôi muốn đi Vũng Tàu cùng gia đình, nên chọn khách sạn khu nào tiện, tôi muốn làm cho tiết kiệm?	other
Nên mua bàn học loại nào bền và đáng tiền, tôi muốn làm cho tiết kiệm?	other
Tôi đang phân vân mua bàn học, cần chú ý thông số gì, tôi muốn làm cho tiết kiệm?	other
quạt máy có nên mua online không hay ra cửa hàng xem trực tiếp, tôi muốn làm cho tiết kiệm?	other
Giúp tôi chia việc cho nhóm sao cho lịch sự và rõ ràng, tôi muốn làm cho tiết kiệm.	other
Tôi cần chia việc cho nhóm, nên trình bày theo bố cục nào, tôi muốn làm cho tiết kiệm?	other
Có mẫu nào đơn giản để chia việc cho nhóm không, tôi muốn làm cho tiết kiệm?	other
Cách nấu phở bò sao cho ngon và không bị nhạt vậy mọi người, tôi cần cách đơn giản?	other
Tôi muốn nấu bún chả cuối tuần, nên chuẩn bị nguyên liệu gì, tôi cần cách đơn giản?	other
Món mì Quảng nên nêm nếm thế nào cho vừa miệng, tôi cần cách đơn giản?	other
router của tôi bị không gõ được tiếng Việt, có cách nào tự sửa trước khi đem ra tiệm không, tôi cần cách đơn giản?	other
Máy micro cứ bị không gõ được tiếng Việt, nguyên nhân thường là gì, tôi cần cách đơn giản?	other
Tôi muốn mua micro dùng học tập, nên chọn loại nào vừa tiền, tôi cần cách đơn giản?	other
Dạo này đô la biến động mạnh, có nên theo dõi thêm trước khi mua không, tôi cần cách đơn giản?	other
Cho tôi hỏi đô la hôm nay tăng hay giảm, nên xem nguồn nào đáng tin, tôi cần cách đơn giản?	other
Người mới tìm hiểu đô la thì cần học những khái niệm cơ bản nào, tôi cần cách đơn giản?	other
Làm sao để tự học học tiếng Anh hiệu quả hơn trong 1 tháng, tôi cần cách đơn giản?	other
Đi Côn Đảo 3 ngày 2 đêm thì nên lên lịch trình như thế nào, tôi cần cách đơn giản?	other
Du lịch Côn Đảo mùa này có cần đặt phòng trước không, tôi cần cách đơn giản?	other
Tôi muốn đi Côn Đảo cùng gia đình, nên chọn khách sạn khu nào tiện, tôi cần cách đơn giản?	other
Nên mua giày chạy bộ loại nào bền và đáng tiền, tôi cần cách đơn giản?	other
Tôi đang phân vân mua giày chạy bộ, cần chú ý thông số gì, tôi cần cách đơn giản?	other
giày chạy bộ có nên mua online không hay ra cửa hàng xem trực tiếp, tôi cần cách đơn giản?	other
Tôi cần làm checklist công việc, nên trình bày theo bố cục nào, tôi muốn tránh mua sai?	other
Có mẫu nào đơn giản để làm checklist công việc không, tôi muốn tránh mua sai?	other
máy chiếu của tôi bị pin tụt nhanh, có cách nào tự sửa trước khi đem ra tiệm không, tôi muốn tránh mua sai?	other
Máy ổ cứng cứ bị pin tụt nhanh, nguyên nhân thường là gì, tôi muốn tránh mua sai?	other
Tôi muốn mua ổ cứng dùng học tập, nên chọn loại nào vừa tiền, tôi muốn tránh mua sai?	other
Dạo này giá xăng biến động mạnh, có nên theo dõi thêm trước khi mua không, tôi muốn tránh mua sai?	other
Người mới tìm hiểu giá xăng thì cần học những khái niệm cơ bản nào, tôi cần chuẩn bị trước?	other
Tôi đang muốn ôn thi IELTS, nên bắt đầu từ tài liệu nào, tôi cần chuẩn bị trước?	other
Có cách nào học ôn thi IELTS đều đặn mỗi ngày mà không bị nản không, tôi cần chuẩn bị trước?	other
Đi Ninh Bình 3 ngày 2 đêm thì nên lên lịch trình như thế nào, tôi cần chuẩn bị trước?	other
Du lịch Ninh Bình mùa này có cần đặt phòng trước không, tôi cần chuẩn bị trước?	other
Tôi muốn đi Ninh Bình cùng gia đình, nên chọn khách sạn khu nào tiện, tôi cần chuẩn bị trước?	other
Nên mua nồi chiên không dầu loại nào bền và đáng tiền, tôi cần chuẩn bị trước?	other
Tôi đang phân vân mua nồi chiên không dầu, cần chú ý thông số gì, tôi cần chuẩn bị trước?	other
nồi chiên không dầu có nên mua online không hay ra cửa hàng xem trực tiếp, tôi cần chuẩn bị trước?	other
Giúp tôi viết email xin nghỉ phép sao cho lịch sự và rõ ràng, tôi cần chuẩn bị trước.	other
Tôi cần viết email xin nghỉ phép, nên trình bày theo bố cục nào, tôi cần chuẩn bị trước?	other
Có mẫu nào đơn giản để viết email xin nghỉ phép không, tôi cần chuẩn bị trước?	other
Cách nấu phở bò sao cho ngon và không bị nhạt vậy mọi người, tôi muốn tự làm ở nhà?	other
Tôi muốn nấu bún chả cuối tuần, nên chuẩn bị nguyên liệu gì, tôi muốn tự làm ở nhà?	other
Món mì Quảng nên nêm nếm thế nào cho vừa miệng, tôi muốn tự làm ở nhà?	other
chuột máy tính của tôi bị bị chậm bất thường, có cách nào tự sửa trước khi đem ra tiệm không, tôi muốn tự làm ở nhà?	other
Máy màn hình cứ bị bị chậm bất thường, nguyên nhân thường là gì, tôi muốn tự làm ở nhà?	other
Tôi muốn mua màn hình dùng học tập, nên chọn loại nào vừa tiền, tôi muốn tự làm ở nhà?	other
Dạo này cổ phiếu biến động mạnh, có nên theo dõi thêm trước khi mua không, tôi muốn tự làm ở nhà?	other
Cho tôi hỏi cổ phiếu hôm nay tăng hay giảm, nên xem nguồn nào đáng tin, tôi muốn tự làm ở nhà?	other
Người mới tìm hiểu cổ phiếu thì cần học những khái niệm cơ bản nào, tôi muốn tự làm ở nhà?	other
Tôi đang muốn ghi chú bài học, nên bắt đầu từ tài liệu nào, tôi muốn tự làm ở nhà?	other
Có cách nào học ghi chú bài học đều đặn mỗi ngày mà không bị nản không, tôi muốn tự làm ở nhà?	other
Làm sao để tự học ghi chú bài học hiệu quả hơn trong 1 tháng, tôi muốn tự làm ở nhà?	other
Đi Đà Nẵng 3 ngày 2 đêm thì nên lên lịch trình như thế nào, tôi muốn tự làm ở nhà?	other
Du lịch Đà Nẵng mùa này có cần đặt phòng trước không, tôi muốn tự làm ở nhà?	other
Tôi muốn đi Đà Nẵng cùng gia đình, nên chọn khách sạn khu nào tiện, tôi muốn tự làm ở nhà?	other
Nên mua ghế công thái học loại nào bền và đáng tiền, tôi đang phân vân?	other
Tôi đang phân vân mua ghế công thái học, cần chú ý thông số gì, tôi đang phân vân?	other
ghế công thái học có nên mua online không hay ra cửa hàng xem trực tiếp, tôi đang phân vân?	other
Giúp tôi sắp xếp lịch họp sao cho lịch sự và rõ ràng, tôi đang phân vân.	other
Tôi cần sắp xếp lịch họp, nên trình bày theo bố cục nào, tôi đang phân vân?	other
Có mẫu nào đơn giản để sắp xếp lịch họp không, tôi đang phân vân?	other
wifi của tôi bị nóng máy, có cách nào tự sửa trước khi đem ra tiệm không, tôi đang phân vân?	other
Máy tai nghe cứ bị nóng máy, nguyên nhân thường là gì, tôi cần gợi ý nhanh?	other
Tôi muốn mua tai nghe dùng học tập, nên chọn loại nào vừa tiền, tôi cần gợi ý nhanh?	other
Dạo này quỹ ETF biến động mạnh, có nên theo dõi thêm trước khi mua không, tôi cần gợi ý nhanh?	other
Cho tôi hỏi quỹ ETF hôm nay tăng hay giảm, nên xem nguồn nào đáng tin, tôi cần gợi ý nhanh?	other
Người mới tìm hiểu quỹ ETF thì cần học những khái niệm cơ bản nào, tôi cần gợi ý nhanh?	other
Đi Huế 3 ngày 2 đêm thì nên lên lịch trình như thế nào, tôi cần gợi ý nhanh?	other
Du lịch Huế mùa này có cần đặt phòng trước không, tôi cần gợi ý nhanh?	other
Tôi muốn đi Huế cùng gia đình, nên chọn khách sạn khu nào tiện, tôi cần gợi ý nhanh?	other
Nên mua tủ lạnh mini loại nào bền và đáng tiền, tôi cần gợi ý nhanh?	other
Tôi đang phân vân mua tủ lạnh mini, cần chú ý thông số gì, tôi cần gợi ý nhanh?	other
tủ lạnh mini có nên mua online không hay ra cửa hàng xem trực tiếp, tôi cần gợi ý nhanh?	other
Giúp tôi tạo bảng theo dõi chi phí sao cho lịch sự và rõ ràng, tôi cần gợi ý nhanh.	other
Tôi cần tạo bảng theo dõi chi phí, nên trình bày theo bố cục nào, tôi cần gợi ý nhanh?	other
Có mẫu nào đơn giản để tạo bảng theo dõi chi phí không, tôi cần gợi ý nhanh?	other
Cách nấu phở bò sao cho ngon và không bị nhạt vậy mọi người, tôi muốn làm cho gia đình?	other
Tôi muốn nấu bún chả cuối tuần, nên chuẩn bị nguyên liệu gì, tôi muốn làm cho gia đình?	other
Món mì Quảng nên nêm nếm thế nào cho vừa miệng, tôi muốn làm cho gia đình?	other
điện thoại của tôi bị ứng dụng bị văng ra ngoài, có cách nào tự sửa trước khi đem ra tiệm không, tôi muốn làm cho gia đình?	other
Máy máy tính bàn cứ bị ứng dụng bị văng ra ngoài, nguyên nhân thường là gì, tôi muốn làm cho gia đình?	other
Tôi muốn mua máy tính bàn dùng học tập, nên chọn loại nào vừa tiền, tôi muốn làm cho gia đình?	other
Dạo này giá gạo biến động mạnh, có nên theo dõi thêm trước khi mua không, tôi muốn làm cho gia đình?	other
Cho tôi hỏi giá gạo hôm nay tăng hay giảm, nên xem nguồn nào đáng tin, tôi muốn làm cho gia đình?	other
Người mới tìm hiểu giá gạo thì cần học những khái niệm cơ bản nào, tôi muốn làm cho gia đình?	other
Tôi đang muốn học tiếng Anh, nên bắt đầu từ tài liệu nào, tôi muốn làm cho gia đình?	other
Có cách nào học làm bài toán xác suất đều đặn mỗi ngày mà không bị nản không, tôi muốn làm cho gia đình?	other
Làm sao để tự học làm bài toán xác suất hiệu quả hơn trong 1 tháng, tôi muốn làm cho gia đình?	other
Đi Sapa 3 ngày 2 đêm thì nên lên lịch trình như thế nào, hỏi giúp bạn tôi?	other
Du lịch Cần Thơ mùa này có cần đặt phòng trước không, hỏi giúp bạn tôi?	other
Tôi muốn đi Cần Thơ cùng gia đình, nên chọn khách sạn khu nào tiện, hỏi giúp bạn tôi?	other
Nên mua vali kéo loại nào bền và đáng tiền, hỏi giúp bạn tôi?	other
Tôi đang phân vân mua vali kéo, cần chú ý thông số gì, hỏi giúp bạn tôi?	other
vali kéo có nên mua online không hay ra cửa hàng xem trực tiếp, hỏi giúp bạn tôi?	other
Giúp tôi chuẩn bị nội dung thuyết trình sao cho lịch sự và rõ ràng, hỏi giúp bạn tôi.	other
Tôi cần chuẩn bị nội dung thuyết trình, nên trình bày theo bố cục nào, hỏi giúp bạn tôi?	other
Có mẫu nào đơn giản để chuẩn bị nội dung thuyết trình không, hỏi giúp bạn tôi?	other
máy ảnh của tôi bị không nhận USB, có cách nào tự sửa trước khi đem ra tiệm không, tôi cần xử lý trong hôm nay?	other
Máy tablet cứ bị không nhận USB, nguyên nhân thường là gì, tôi cần xử lý trong hôm nay?	other
Dạo này lãi suất tiết kiệm biến động mạnh, có nên theo dõi thêm trước khi mua không, tôi cần xử lý trong hôm nay?	other
Cho tôi hỏi lãi suất tiết kiệm hôm nay tăng hay giảm, nên xem nguồn nào đáng tin, tôi cần xử lý trong hôm nay?	other
Người mới tìm hiểu lãi suất tiết kiệm thì cần học những khái niệm cơ bản nào, tôi cần xử lý trong hôm nay?	other
Tôi đang muốn học machine learning, nên bắt đầu từ tài liệu nào, tôi cần xử lý trong hôm nay?	other
Đi Quy Nhơn 3 ngày 2 đêm thì nên lên lịch trình như thế nào, tôi cần xử lý trong hôm nay?	other
Du lịch Quy Nhơn mùa này có cần đặt phòng trước không, tôi cần xử lý trong hôm nay?	other
Tôi muốn đi Quy Nhơn cùng gia đình, nên chọn khách sạn khu nào tiện, tôi cần xử lý trong hôm nay?	other
Nên mua máy pha cà phê loại nào bền và đáng tiền, tôi cần xử lý trong hôm nay?	other
Tôi đang phân vân mua máy pha cà phê, cần chú ý thông số gì, tôi cần xử lý trong hôm nay?	other
máy pha cà phê có nên mua online không hay ra cửa hàng xem trực tiếp, tôi cần xử lý trong hôm nay?	other
Giúp tôi soạn tin nhắn cho khách hàng sao cho lịch sự và rõ ràng, tôi cần xử lý trong hôm nay.	other
Tôi cần soạn tin nhắn cho khách hàng, nên trình bày theo bố cục nào, tôi cần xử lý trong hôm nay?	other
Cách nấu phở bò sao cho ngon và không bị nhạt vậy mọi người, tôi hơi gấp nên muốn biết rõ?	other
Tôi muốn nấu bún chả cuối tuần, nên chuẩn bị nguyên liệu gì, tôi hơi gấp nên muốn biết rõ?	other
router của tôi bị rớt mạng, có cách nào tự sửa trước khi đem ra tiệm không, tôi hơi gấp nên muốn biết rõ?	other
Máy micro cứ bị rớt mạng, nguyên nhân thường là gì, tôi hơi gấp nên muốn biết rõ?	other
Tôi muốn mua micro dùng học tập, nên chọn loại nào vừa tiền, tôi hơi gấp nên muốn biết rõ?	other
Dạo này VN-Index biến động mạnh, có nên theo dõi thêm trước khi mua không, tôi hơi gấp nên muốn biết rõ?	other
Cho tôi hỏi VN-Index hôm nay tăng hay giảm, nên xem nguồn nào đáng tin, tôi hơi gấp nên muốn biết rõ?	other
Người mới tìm hiểu VN-Index thì cần học những khái niệm cơ bản nào, tôi hơi gấp nên muốn biết rõ?	other
Đi Hạ Long 3 ngày 2 đêm thì nên lên lịch trình như thế nào, tôi chưa có kinh nghiệm?	other
Du lịch Hạ Long mùa này có cần đặt phòng trước không, tôi chưa có kinh nghiệm?	other
Tôi muốn đi Hạ Long cùng gia đình, nên chọn khách sạn khu nào tiện, tôi chưa có kinh nghiệm?	other
Nên mua balo đi học loại nào bền và đáng tiền, tôi chưa có kinh nghiệm?	other
Tôi đang phân vân mua balo đi học, cần chú ý thông số gì, tôi chưa có kinh nghiệm?	other
balo đi học có nên mua online không hay ra cửa hàng xem trực tiếp, tôi chưa có kinh nghiệm?	other
Giúp tôi chia việc cho nhóm sao cho lịch sự và rõ ràng, tôi chưa có kinh nghiệm.	other
Tôi cần chia việc cho nhóm, nên trình bày theo bố cục nào, tôi chưa có kinh nghiệm?	other
Có mẫu nào đơn giản để chia việc cho nhóm không, tôi chưa có kinh nghiệm?	other
máy chiếu của tôi bị camera bị mờ, có cách nào tự sửa trước khi đem ra tiệm không, tôi muốn làm cho tiết kiệm?	other
Máy ổ cứng cứ bị camera bị mờ, nguyên nhân thường là gì, tôi muốn làm cho tiết kiệm?	other
Tôi muốn mua ổ cứng dùng học tập, nên chọn loại nào vừa tiền, tôi muốn làm cho tiết kiệm?	other
Dạo này đô la biến động mạnh, có nên theo dõi thêm trước khi mua không, tôi muốn làm cho tiết kiệm?	other
Cho tôi hỏi đô la hôm nay tăng hay giảm, nên xem nguồn nào đáng tin, tôi muốn làm cho tiết kiệm?	other
Người mới tìm hiểu đô la thì cần học những khái niệm cơ bản nào, tôi muốn làm cho tiết kiệm?	other
